codigo_ibge,nome,uf,regiao_imediata,regiao_intermediaria,latitude,longitude,populacao_2026
1100015,Alta Floresta D'Oeste,RO,Cacoal,Ji-Paraná,-12.542005,-62.371925,22724
1100023,Ariquemes,RO,Ariquemes,Porto Velho,-9.910750,-62.917134,109731
1100031,Cabixi,RO,Vilhena,Ji-Paraná,-13.522212,-60.658200,5640
1100049,Cacoal,RO,Cacoal,Ji-Paraná,-11.425122,-61.406500,98884
1100056,Cerejeiras,RO,Vilhena,Ji-Paraná,-13.193654,-61.326578,16957
1100064,Colorado do Oeste,RO,Vilhena,Ji-Paraná,-13.121671,-60.580983,16432
1100072,Corumbiara,RO,Vilhena,Ji-Paraná,-12.896555,-61.072777,7938
1100080,Costa Marques,RO,Ji-Paraná,Ji-Paraná,-12.123268,-64.041984,13499
1100098,Espigão D'Oeste,RO,Cacoal,Ji-Paraná,-11.422691,-60.738129,32960
1100106,Guajará-Mirim,RO,Porto Velho,Porto Velho,-11.324382,-64.572588,43633
1100114,Jaru,RO,Jaru,Porto Velho,-10.613613,-62.649553,55774
1100122,Ji-Paraná,RO,Ji-Paraná,Ji-Paraná,-10.389888,-61.764478,140800
1100130,Machadinho D'Oeste,RO,Jaru,Porto Velho,-9.216276,-62.053296,34229
1100148,Nova Brasilândia D'Oeste,RO,Cacoal,Ji-Paraná,-11.594946,-62.229266,16251
1100155,Ouro Preto do Oeste,RO,Ji-Paraná,Ji-Paraná,-10.498816,-62.066747,38686
1100189,Pimenta Bueno,RO,Cacoal,Ji-Paraná,-11.787964,-60.863227,39377
1100205,Porto Velho,RO,Porto Velho,Porto Velho,-9.128702,-64.396475,520379
1100254,Presidente Médici,RO,Ji-Paraná,Ji-Paraná,-11.181642,-61.963150,20372
1100262,Rio Crespo,RO,Ariquemes,Porto Velho,-9.689376,-62.751452,3781
1100288,Rolim de Moura,RO,Cacoal,Ji-Paraná,-11.751924,-61.816329,63336
1100296,Santa Luzia D'Oeste,RO,Cacoal,Ji-Paraná,-12.079974,-61.755942,7798
1100304,Vilhena,RO,Vilhena,Ji-Paraná,-12.050562,-60.265073,110708
1100320,São Miguel do Guaporé,RO,Ji-Paraná,Ji-Paraná,-11.605920,-63.068503,22343
1100338,Nova Mamoré,RO,Porto Velho,Porto Velho,-10.469410,-64.569214,28894
1100346,Alvorada D'Oeste,RO,Ji-Paraná,Ji-Paraná,-11.289328,-62.608707,13611
1100379,Alto Alegre dos Parecis,RO,Cacoal,Ji-Paraná,-12.699100,-61.949502,12213
1100403,Alto Paraíso,RO,Ariquemes,Porto Velho,-9.682546,-63.455216,17471
1100452,Buritis,RO,Ariquemes,Porto Velho,-10.094888,-63.973609,30573
1100502,Novo Horizonte do Oeste,RO,Cacoal,Ji-Paraná,-11.697200,-62.069500,7894
1100601,Cacaulândia,RO,Ariquemes,Porto Velho,-10.344242,-63.074233,4242
1100700,Campo Novo de Rondônia,RO,Ariquemes,Porto Velho,-10.480949,-63.796372,8972
1100809,Candeias do Jamari,RO,Porto Velho,Porto Velho,-8.960440,-63.368751,24454
1100908,Castanheiras,RO,Cacoal,Ji-Paraná,-11.469659,-61.880282,3445
1100924,Chupinguaia,RO,Vilhena,Ji-Paraná,-12.647360,-60.913753,10250
1100940,Cujubim,RO,Ariquemes,Porto Velho,-9.019859,-62.525938,15872
1101005,Governador Jorge Teixeira,RO,Jaru,Porto Velho,-10.808098,-63.184352,8264
1101104,Itapuã do Oeste,RO,Porto Velho,Porto Velho,-9.081986,-63.151974,9247
1101203,Ministro Andreazza,RO,Cacoal,Ji-Paraná,-11.145038,-61.583669,6389
1101302,Mirante da Serra,RO,Ji-Paraná,Ji-Paraná,-11.097577,-62.885523,9579
1101401,Monte Negro,RO,Ariquemes,Porto Velho,-10.277473,-63.393796,12100
1101435,Nova União,RO,Ji-Paraná,Ji-Paraná,-10.903225,-62.519562,6506
1101450,Parecis,RO,Cacoal,Ji-Paraná,-12.283437,-61.377233,4356
1101468,Pimenteiras do Oeste,RO,Vilhena,Ji-Paraná,-13.168883,-61.516998,2308
1101476,Primavera de Rondônia,RO,Cacoal,Ji-Paraná,-11.893447,-61.313484,3259
1101484,São Felipe D'Oeste,RO,Cacoal,Ji-Paraná,-11.904243,-61.469336,5571
1101492,São Francisco do Guaporé,RO,Ji-Paraná,Ji-Paraná,-12.395843,-63.191588,17601
1101500,Seringueiras,RO,Ji-Paraná,Ji-Paraná,-11.842182,-63.238832,12973
1101559,Teixeirópolis,RO,Ji-Paraná,Ji-Paraná,-10.954310,-62.272760,4507
1101609,Theobroma,RO,Jaru,Porto Velho,-10.084868,-62.276737,8383
1101708,Urupá,RO,Ji-Paraná,Ji-Paraná,-11.087356,-62.430328,11254
1101757,Vale do Anari,RO,Jaru,Porto Velho,-9.708156,-61.932450,8178
1101807,Vale do Paraíso,RO,Ji-Paraná,Ji-Paraná,-10.291435,-62.091371,6740
1200013,Acrelândia,AC,Rio Branco,Rio Branco,-10.010622,-66.949243,14762
1200054,Assis Brasil,AC,Brasiléia,Rio Branco,-10.765979,-69.874728,8716
1200104,Brasiléia,AC,Brasiléia,Rio Branco,-10.768814,-69.183025,28198
1200138,Bujari,AC,Rio Branco,Rio Branco,-9.629003,-68.143270,14076
1200179,Capixaba,AC,Rio Branco,Rio Branco,-10.489806,-67.813225,11035
1200203,Cruzeiro do Sul,AC,Cruzeiro do Sul,Cruzeiro do Sul,-8.017147,-72.844723,99404
1200252,Epitaciolândia,AC,Brasiléia,Rio Branco,-10.866524,-68.612761,19997
1200302,Feijó,AC,Tarauacá,Cruzeiro do Sul,-9.033293,-70.961891,37874
1200328,Jordão,AC,Tarauacá,Cruzeiro do Sul,-9.196446,-71.874184,9972
1200336,Mâncio Lima,AC,Cruzeiro do Sul,Cruzeiro do Sul,-7.522109,-73.517639,20616
1200344,Manoel Urbano,AC,Sena Madureira,Rio Branco,-9.360671,-69.864681,13057
1200351,Marechal Thaumaturgo,AC,Cruzeiro do Sul,Cruzeiro do Sul,-9.071695,-72.636998,18154
1200385,Plácido de Castro,AC,Rio Branco,Rio Branco,-10.298159,-67.359862,17088
1200393,Porto Walter,AC,Cruzeiro do Sul,Cruzeiro do Sul,-8.509628,-72.751093,11386
1200401,Rio Branco,AC,Rio Branco,Rio Branco,-10.053153,-68.272730,390058
1200427,Rodrigues Alves,AC,Cruzeiro do Sul,Cruzeiro do Sul,-7.851450,-73.223924,15580
1200435,Santa Rosa do Purus,AC,Sena Madureira,Rio Branco,-9.501869,-70.443442,7285
1200450,Senador Guiomard,AC,Rio Branco,Rio Branco,-10.003379,-67.476142,22447
1200500,Sena Madureira,AC,Sena Madureira,Rio Branco,-9.837505,-69.460892,44170
1200609,Tarauacá,AC,Tarauacá,Cruzeiro do Sul,-8.481349,-71.410105,47090
1200708,Xapuri,AC,Brasiléia,Rio Branco,-10.590872,-68.529203,19244
1200807,Porto Acre,AC,Rio Branco,Rio Branco,-9.694474,-67.694049,17585
1300029,Alvarães,AM,Tefé,Tefé,-3.699016,-65.334519,16938
1300060,Amaturá,AM,Tabatinga,Tefé,-3.388192,-68.204512,11633
1300086,Anamã,AM,Manacapuru,Manaus,-3.487067,-61.755843,9981
1300102,Anori,AM,Coari,Manaus,-4.219208,-62.177440,18135
1300144,Apuí,AM,Manicoré,Lábrea,-7.763545,-59.358941,21971
1300201,Atalaia do Norte,AM,Tabatinga,Tefé,-5.737579,-71.815588,15920
1300300,Autazes,AM,Manaus,Manaus,-3.810548,-59.572863,46641
1300409,Barcelos,AM,São Gabriel da Cachoeira,Manaus,-0.428506,-63.526284,17805
1300508,Barreirinha,AM,Parintins,Parintins,-3.034469,-57.146016,34025
1300607,Benjamin Constant,AM,Tabatinga,Tefé,-5.560591,-70.339706,41261
1300631,Beruri,AM,Coari,Manaus,-4.447259,-61.859861,22842
1300680,Boa Vista do Ramos,AM,Parintins,Parintins,-3.152121,-57.655540,27052
1300706,Boca do Acre,AM,Lábrea,Lábrea,-8.618345,-67.930367,39176
1300805,Borba,AM,Manaus,Manaus,-5.094728,-59.328605,34836
1300839,Caapiranga,AM,Manacapuru,Manaus,-3.119120,-61.780324,14980
1300904,Canutama,AM,Lábrea,Lábrea,-7.711818,-64.186904,18327
1301001,Carauari,AM,Tefé,Tefé,-5.168820,-67.326894,31383
1301100,Careiro,AM,Manaus,Manaus,-3.777426,-60.205752,32289
1301159,Careiro da Várzea,AM,Manaus,Manaus,-3.325411,-59.677073,20081
1301209,Coari,AM,Coari,Manaus,-4.164689,-64.181250,73403
1301308,Codajás,AM,Coari,Manaus,-3.177089,-63.094504,24627
1301407,Eirunepé,AM,Eirunepé,Tefé,-7.036224,-70.331024,36027
1301506,Envira,AM,Eirunepé,Tefé,-7.536382,-70.053575,18062
1301605,Fonte Boa,AM,Tefé,Tefé,-2.480220,-66.262501,28491
1301654,Guajará,AM,Eirunepé,Tefé,-7.116207,-72.776048,14356
1301704,Humaitá,AM,Manicoré,Lábrea,-7.432184,-62.356378,64390
1301803,Ipixuna,AM,Eirunepé,Tefé,-7.087616,-71.375945,25792
1301852,Iranduba,AM,Manaus,Manaus,-3.098275,-60.470196,70248
1301902,Itacoatiara,AM,Itacoatiara,Parintins,-3.170298,-58.796483,115218
1301951,Itamarati,AM,Eirunepé,Tefé,-6.749106,-68.080980,12150
1302009,Itapiranga,AM,Itacoatiara,Parintins,-2.507583,-58.557528,11090
1302108,Japurá,AM,Tefé,Tefé,-1.539314,-68.236411,9527
1302207,Juruá,AM,Tefé,Tefé,-3.295061,-66.188164,11106
1302306,Jutaí,AM,Tefé,Tefé,-4.570674,-68.258893,28712
1302405,Lábrea,AM,Lábrea,Lábrea,-8.159739,-66.087375,50040
1302504,Manacapuru,AM,Manacapuru,Manaus,-3.269678,-61.012972,113042
1302553,Manaquiri,AM,Manaus,Manaus,-3.772580,-60.659137,15902
1302603,Manaus,AM,Manaus,Manaus,-2.686932,-60.051676,2327101
1302702,Manicoré,AM,Manicoré,Lábrea,-6.927061,-61.558917,58557
1302801,Maraã,AM,Tefé,Tefé,-2.562049,-64.899223,15716
1302900,Maués,AM,Parintins,Parintins,-5.004258,-58.240688,67021
1303007,Nhamundá,AM,Parintins,Parintins,-1.411015,-57.836191,21394
1303106,Nova Olinda do Norte,AM,Manaus,Manaus,-3.967226,-58.624291,27965
1303205,Novo Airão,AM,Manacapuru,Manaus,-2.043544,-61.844799,16648
1303304,Novo Aripuanã,AM,Manicoré,Lábrea,-6.898803,-60.574514,25506
1303403,Parintins,AM,Parintins,Parintins,-2.660672,-56.917816,101754
1303502,Pauini,AM,Lábrea,Lábrea,-7.678460,-68.072403,20330
1303536,Presidente Figueiredo,AM,Manaus,Manaus,-1.306569,-59.962231,33580
1303569,Rio Preto da Eva,AM,Manaus,Manaus,-2.496728,-59.653220,25342
1303601,Santa Isabel do Rio Negro,AM,São Gabriel da Cachoeira,Manaus,-0.345510,-65.662227,13724
1303700,Santo Antônio do Içá,AM,Tabatinga,Tefé,-3.088045,-68.776331,30987
1303809,São Gabriel da Cachoeira,AM,São Gabriel da Cachoeira,Manaus,0.321508,-68.022643,58359
1303908,São Paulo de Olivença,AM,Tabatinga,Tefé,-4.607695,-69.567401,35619
1303957,São Sebastião do Uatumã,AM,Itacoatiara,Parintins,-1.946853,-58.730821,12415
1304005,Silves,AM,Itacoatiara,Parintins,-2.790745,-58.630651,12827
1304062,Tabatinga,AM,Tabatinga,Tefé,-4.005880,-69.610026,74384
1304104,Tapauá,AM,Lábrea,Lábrea,-6.174428,-65.609125,20849
1304203,Tefé,AM,Tefé,Tefé,-4.495294,-65.545159,81046
1304237,Tonantins,AM,Tabatinga,Tefé,-2.664218,-67.847456,20417
1304260,Uarini,AM,Tefé,Tefé,-3.140185,-65.398141,15815
1304302,Urucará,AM,Itacoatiara,Parintins,-1.214018,-58.766417,19738
1304401,Urucurituba,AM,Itacoatiara,Parintins,-2.860448,-57.811967,26373
1400027,Amajari,RR,Pacaraima,Boa Vista,3.767599,-62.723715,16647
1400050,Alto Alegre,RR,Boa Vista,Boa Vista,3.051487,-62.768077,24135
1400100,Boa Vista,RR,Boa Vista,Boa Vista,3.105860,-60.662250,500965
1400159,Bonfim,RR,Boa Vista,Boa Vista,2.761758,-60.089619,15922
1400175,Cantá,RR,Boa Vista,Boa Vista,2.267165,-60.536832,21659
1400209,Caracaraí,RR,Caracaraí,Rorainópolis - Caracaraí,0.750161,-61.347067,23061
1400233,Caroebe,RR,Rorainópolis,Rorainópolis - Caracaraí,1.073909,-59.475951,12303
1400282,Iracema,RR,Caracaraí,Rorainópolis - Caracaraí,2.259245,-62.612209,11098
1400308,Mucajaí,RR,Boa Vista,Boa Vista,2.522274,-61.903941,20398
1400407,Normandia,RR,Pacaraima,Boa Vista,3.889354,-60.080533,16908
1400456,Pacaraima,RR,Pacaraima,Boa Vista,4.181707,-60.840329,24132
1400472,Rorainópolis,RR,Rorainópolis,Rorainópolis - Caracaraí,-0.127130,-60.990317,38840
1400506,São João da Baliza,RR,Rorainópolis,Rorainópolis - Caracaraí,0.695182,-59.842643,10215
1400605,São Luiz do Anauá,RR,Rorainópolis,Rorainópolis - Caracaraí,0.874582,-60.159489,7920
1400704,Uiramutã,RR,Pacaraima,Boa Vista,4.641973,-60.227458,16809
1500107,Abaetetuba,PA,Abaetetuba,Belém,-1.709327,-48.932614,173638
1500131,Abel Figueiredo,PA,Marabá,Marabá,-4.924371,-48.419306,6250
1500206,Acará,PA,Belém,Belém,-2.120993,-48.472710,63503
1500305,Afuá,PA,Breves,Breves,-0.342181,-50.748745,40692
1500347,Água Azul do Norte,PA,Xinguara,Redenção,-6.659549,-50.564773,17246
1500404,Alenquer,PA,Santarém,Santarém,-0.663049,-54.897953,76889
1500503,Almeirim,PA,Almeirim - Porto de Moz,Altamira,0.388736,-53.918613,36545
1500602,Altamira,PA,Altamira,Altamira,-5.976671,-53.673292,140450
1500701,Anajás,PA,Breves,Breves,-0.818512,-50.028716,30482
1500800,Ananindeua,PA,Belém,Belém,-1.330389,-48.378068,510563
1500859,Anapu,PA,Altamira,Altamira,-3.876620,-51.351175,36304
1500909,Augusto Corrêa,PA,Bragança,Castanhal,-1.030679,-46.522500,48216
1500958,Aurora do Pará,PA,Paragominas,Castanhal,-2.274756,-47.739369,24070
1501006,Aveiro,PA,Itaituba,Santarém,-3.825268,-55.972909,19531
1501105,Bagre,PA,Breves,Breves,-2.444171,-50.156878,35640
1501204,Baião,PA,Tucuruí,Marabá,-3.226980,-49.729429,57717
1501253,Bannach,PA,Redenção,Redenção,-7.471356,-50.627038,4327
1501303,Barcarena,PA,Belém,Belém,-1.515214,-48.642357,140756
1501402,Belém,PA,Belém,Belém,-1.295207,-48.450093,1396157
1501451,Belterra,PA,Santarém,Santarém,-3.398415,-55.035131,19191
1501501,Benevides,PA,Belém,Belém,-1.345600,-48.285147,69703
1501576,Bom Jesus do Tocantins,PA,Marabá,Marabá,-4.998427,-48.816970,19294
1501600,Bonito,PA,Capanema,Castanhal,-1.429206,-47.312867,12925
1501709,Bragança,PA,Bragança,Castanhal,-1.126933,-46.775185,133268
1501725,Brasil Novo,PA,Altamira,Altamira,-3.382986,-52.740693,27635
1501758,Brejo Grande do Araguaia,PA,Marabá,Marabá,-5.750315,-48.436067,6947
1501782,Breu Branco,PA,Tucuruí,Marabá,-3.754387,-49.263418,46792
1501808,Breves,PA,Breves,Breves,-1.157551,-50.581730,117028
1501907,Bujaru,PA,Belém,Belém,-1.617135,-48.074841,25019
1501956,Cachoeira do Piriá,PA,Bragança,Castanhal,-1.980934,-46.435382,18881
1502004,Cachoeira do Arari,PA,Soure-Salvaterra,Breves,-0.845341,-48.898820,25683
1502103,Cametá,PA,Cametá,Belém,-2.252605,-49.500581,145843
1502152,Canaã dos Carajás,PA,Parauapebas,Marabá,-6.492379,-50.101090,92311
1502202,Capanema,PA,Capanema,Castanhal,-1.122976,-47.091524,75791
1502301,Capitão Poço,PA,Capitão Poço,Castanhal,-2.001162,-47.228120,60663
1502400,Castanhal,PA,Castanhal,Castanhal,-1.279227,-47.855142,210592
1502509,Chaves,PA,Breves,Breves,0.013998,-49.688474,21514
1502608,Colares,PA,Belém,Belém,-0.926600,-48.273447,13720
1502707,Conceição do Araguaia,PA,Redenção,Redenção,-8.184059,-49.541726,47187
1502756,Concórdia do Pará,PA,Belém,Belém,-1.873112,-47.964906,28253
1502764,Cumaru do Norte,PA,Redenção,Redenção,-8.436229,-51.187102,15354
1502772,Curionópolis,PA,Parauapebas,Marabá,-6.171187,-49.683234,21088
1502806,Curralinho,PA,Breves,Breves,-1.586697,-49.979508,37164
1502855,Curuá,PA,Oriximiná,Santarém,-1.807942,-55.134964,15069
1502905,Curuçá,PA,Castanhal,Castanhal,-0.727640,-47.867744,45330
1502939,Dom Eliseu,PA,Paragominas,Castanhal,-4.130707,-47.845083,63306
1502954,Eldorado do Carajás,PA,Parauapebas,Marabá,-6.040096,-49.310430,29154
1503002,Faro,PA,Oriximiná,Santarém,-1.145486,-57.777681,9208
1503044,Floresta do Araguaia,PA,Redenção,Redenção,-7.508566,-49.512893,18625
1503077,Garrafão do Norte,PA,Capitão Poço,Castanhal,-2.239417,-47.084454,25565
1503093,Goianésia do Pará,PA,Tucuruí,Marabá,-3.994192,-49.003347,26361
1503101,Gurupá,PA,Breves,Breves,-1.123626,-51.597863,34344
1503200,Igarapé-Açu,PA,Castanhal,Castanhal,-1.132595,-47.567343,37992
1503309,Igarapé-Miri,PA,Abaetetuba,Belém,-2.052987,-49.136121,69918
1503408,Inhangapi,PA,Castanhal,Castanhal,-1.491844,-47.976206,10813
1503457,Ipixuna do Pará,PA,Paragominas,Castanhal,-2.962597,-48.120241,28403
1503507,Irituia,PA,Castanhal,Castanhal,-1.804886,-47.415478,32780
1503606,Itaituba,PA,Itaituba,Santarém,-5.871699,-56.287484,136990
1503705,Itupiranga,PA,Marabá,Marabá,-5.187998,-49.847721,52213
1503754,Jacareacanga,PA,Itaituba,Santarém,-7.408025,-57.237599,27130
1503804,Jacundá,PA,Marabá,Marabá,-4.569388,-49.225292,37086
1503903,Juruti,PA,Oriximiná,Santarém,-2.379257,-56.124220,54546
1504000,Limoeiro do Ajuru,PA,Cametá,Belém,-1.882957,-49.472843,32387
1504059,Mãe do Rio,PA,Paragominas,Castanhal,-2.008618,-47.512306,37881
1504109,Magalhães Barata,PA,Castanhal,Castanhal,-0.795823,-47.633115,8450
1504208,Marabá,PA,Marabá,Marabá,-5.595680,-49.990915,293344
1504307,Maracanã,PA,Castanhal,Castanhal,-0.775107,-47.484068,27054
1504406,Marapanim,PA,Castanhal,Castanhal,-0.821922,-47.719704,28210
1504422,Marituba,PA,Belém,Belém,-1.396110,-48.329400,119859
1504455,Medicilândia,PA,Altamira,Altamira,-3.197601,-53.205741,28718
1504505,Melgaço,PA,Breves,Breves,-1.659704,-51.077359,30305
1504604,Mocajuba,PA,Cametá,Belém,-2.556058,-49.457885,28982
1504703,Moju,PA,Abaetetuba,Belém,-2.559309,-49.008942,92688
1504752,Mojuí dos Campos,PA,Santarém,Santarém,-3.102124,-54.491497,26305
1504802,Monte Alegre,PA,Santarém,Santarém,-0.962568,-54.388293,64350
1504901,Muaná,PA,Soure-Salvaterra,Breves,-1.313733,-49.310420,50314
1504950,Nova Esperança do Piriá,PA,Capitão Poço,Castanhal,-2.440731,-46.955320,21346
1504976,Nova Ipixuna,PA,Marabá,Marabá,-4.984685,-49.215621,14383
1505007,Nova Timboteua,PA,Capanema,Castanhal,-1.122881,-47.392538,13147
1505031,Novo Progresso,PA,Itaituba,Santarém,-7.796395,-55.476780,37570
1505064,Novo Repartimento,PA,Tucuruí,Marabá,-4.581312,-50.352490,63836
1505106,Óbidos,PA,Oriximiná,Santarém,0.009185,-55.757491,55774
1505205,Oeiras do Pará,PA,Cametá,Belém,-2.347235,-49.892726,37078
1505304,Oriximiná,PA,Oriximiná,Santarém,0.339730,-56.833549,73301
1505403,Ourém,PA,Capitão Poço,Castanhal,-1.528995,-47.144114,18886
1505437,Ourilândia do Norte,PA,Tucumã - São Félix do Xingu,Redenção,-7.462729,-51.378337,35585
1505486,Pacajá,PA,Tucuruí,Marabá,-3.638641,-50.585016,43882
1505494,Palestina do Pará,PA,Marabá,Marabá,-5.927512,-48.337232,7041
1505502,Paragominas,PA,Paragominas,Castanhal,-3.150649,-47.641103,114128
1505536,Parauapebas,PA,Parauapebas,Marabá,-6.165652,-50.526869,312427
1505551,Pau D'Arco,PA,Redenção,Redenção,-7.722967,-50.153711,7410
1505601,Peixe-Boi,PA,Capanema,Castanhal,-1.088575,-47.277958,8720
1505635,Piçarra,PA,Marabá,Marabá,-6.525119,-48.922288,13390
1505650,Placas,PA,Itaituba,Santarém,-3.952777,-54.540601,18258
1505700,Ponta de Pedras,PA,Soure-Salvaterra,Breves,-1.057685,-49.112289,25707
1505809,Portel,PA,Breves,Breves,-2.596840,-50.884466,68236
1505908,Porto de Moz,PA,Almeirim - Porto de Moz,Altamira,-2.228395,-52.513792,44552
1506005,Prainha,PA,Santarém,Santarém,-1.969835,-53.596140,39132
1506104,Primavera,PA,Capanema,Castanhal,-0.960713,-47.123693,11424
1506112,Quatipuru,PA,Capanema,Castanhal,-0.865737,-47.015374,11807
1506138,Redenção,PA,Redenção,Redenção,-8.094761,-50.208079,93414
1506161,Rio Maria,PA,Xinguara,Redenção,-7.399764,-49.839976,19250
1506187,Rondon do Pará,PA,Marabá,Marabá,-4.546530,-48.592332,57452
1506195,Rurópolis,PA,Itaituba,Santarém,-4.188805,-55.173574,37042
1506203,Salinópolis,PA,Capanema,Castanhal,-0.679033,-47.333813,49140
1506302,Salvaterra,PA,Soure-Salvaterra,Breves,-0.796861,-48.633417,25925
1506351,Santa Bárbara do Pará,PA,Belém,Belém,-1.197136,-48.255543,22764
1506401,Santa Cruz do Arari,PA,Soure-Salvaterra,Breves,-0.609161,-49.293513,7599
1506500,Santa Izabel do Pará,PA,Belém,Belém,-1.407565,-48.151924,80039
1506559,Santa Luzia do Pará,PA,Bragança,Castanhal,-1.687626,-46.934879,21370
1506583,Santa Maria das Barreiras,PA,Redenção,Redenção,-8.612314,-50.283778,17051
1506609,Santa Maria do Pará,PA,Castanhal,Castanhal,-1.368036,-47.533873,25930
1506708,Santana do Araguaia,PA,Redenção,Redenção,-9.196220,-50.644534,29273
1506807,Santarém,PA,Santarém,Santarém,-2.633463,-54.815958,364298
1506906,Santarém Novo,PA,Capanema,Castanhal,-0.913023,-47.336954,6362
1507003,Santo Antônio do Tauá,PA,Belém,Belém,-1.091726,-48.207121,29330
1507102,São Caetano de Odivelas,PA,Belém,Belém,-0.821984,-48.021700,17267
1507151,São Domingos do Araguaia,PA,Marabá,Marabá,-5.677684,-48.712448,21475
1507201,São Domingos do Capim,PA,Castanhal,Castanhal,-1.896571,-47.788962,32655
1507300,São Félix do Xingu,PA,Tucumã - São Félix do Xingu,Redenção,-7.168789,-52.278216,63393
1507409,São Francisco do Pará,PA,Castanhal,Castanhal,-1.194968,-47.745974,15439
1507458,São Geraldo do Araguaia,PA,Marabá,Marabá,-6.226159,-48.710459,24882
1507466,São João da Ponta,PA,Castanhal,Castanhal,-0.849079,-47.963529,4432
1507474,São João de Pirabas,PA,Capanema,Castanhal,-0.752907,-47.212515,21505
1507508,São João do Araguaia,PA,Marabá,Marabá,-5.454031,-48.689597,14338
1507607,São Miguel do Guamá,PA,Castanhal,Castanhal,-1.567190,-47.595381,56135
1507706,São Sebastião da Boa Vista,PA,Breves,Breves,-1.420598,-49.684040,27853
1507755,Sapucaia,PA,Xinguara,Redenção,-6.851800,-49.532482,6261
1507805,Senador José Porfírio,PA,Altamira,Altamira,-3.917048,-51.796218,25517
1507904,Soure,PA,Soure-Salvaterra,Breves,-0.458152,-48.663116,25409
1507953,Tailândia,PA,Abaetetuba,Belém,-2.875347,-48.728127,75062
1507961,Terra Alta,PA,Castanhal,Castanhal,-0.996882,-47.854491,10858
1507979,Terra Santa,PA,Oriximiná,Santarém,-1.923129,-56.460384,19912
1508001,Tomé-Açu,PA,Belém,Belém,-2.642979,-48.272232,73762
1508035,Tracuateua,PA,Bragança,Castanhal,-1.043057,-46.956824,30612
1508050,Trairão,PA,Itaituba,Santarém,-5.148621,-55.980977,15484
1508084,Tucumã,PA,Tucumã - São Félix do Xingu,Redenção,-6.840778,-51.452866,43270
1508100,Tucuruí,PA,Tucuruí,Marabá,-3.831105,-49.852193,96004
1508126,Ulianópolis,PA,Paragominas,Castanhal,-3.808963,-47.478716,39153
1508159,Uruará,PA,Altamira,Altamira,-3.652494,-53.793105,45984
1508209,Vigia,PA,Belém,Belém,-0.962539,-48.104517,54309
1508308,Viseu,PA,Bragança,Castanhal,-1.482865,-46.383862,62398
1508357,Vitória do Xingu,PA,Altamira,Altamira,-3.156629,-51.997524,16686
1508407,Xinguara,PA,Xinguara,Redenção,-6.906400,-49.520558,58508
1600055,Serra do Navio,AP,Porto Grande,Oiapoque - Porto Grande,1.651200,-52.228324,5019
1600105,Amapá,AP,Oiapoque,Oiapoque - Porto Grande,1.805985,-50.700368,8447
1600154,Pedra Branca do Amapari,AP,Porto Grande,Oiapoque - Porto Grande,1.140695,-52.455844,13971
1600204,Calçoene,AP,Oiapoque,Oiapoque - Porto Grande,2.431912,-51.437333,11527
1600212,Cutias,AP,Oiapoque,Oiapoque - Porto Grande,1.038687,-50.513865,4722
1600238,Ferreira Gomes,AP,Porto Grande,Oiapoque - Porto Grande,0.898395,-51.365647,7220
1600253,Itaubal,AP,Macapá,Macapá,0.568187,-50.649295,6147
1600279,Laranjal do Jari,AP,Laranjal do Jari,Macapá,0.906965,-53.225054,37781
1600303,Macapá,AP,Macapá,Macapá,0.595389,-50.744348,491987
1600402,Mazagão,AP,Macapá,Macapá,0.025808,-52.048780,23958
1600501,Oiapoque,AP,Oiapoque,Oiapoque - Porto Grande,2.889476,-52.100965,31071
1600535,Porto Grande,AP,Porto Grande,Oiapoque - Porto Grande,0.575956,-51.662949,19103
1600550,Pracuúba,AP,Oiapoque,Oiapoque - Porto Grande,1.660366,-51.237911,4053
1600600,Santana,AP,Macapá,Macapá,0.142350,-51.370162,119224
1600709,Tartarugalzinho,AP,Oiapoque,Oiapoque - Porto Grande,1.248765,-51.048930,13846
1600808,Vitória do Jari,AP,Laranjal do Jari,Macapá,-0.997174,-52.064858,11877
1700251,Abreulândia,TO,Paraíso do Tocantins,Palmas,-9.448745,-49.348888,2695
1700301,Aguiarnópolis,TO,Tocantinópolis,Araguaína,-6.487525,-47.493208,4469
1700350,Aliança do Tocantins,TO,Gurupi,Gurupi,-11.332602,-48.902771,5172
1700400,Almas,TO,Dianópolis,Gurupi,-11.435089,-47.184159,6428
1700707,Alvorada,TO,Gurupi,Gurupi,-12.391234,-49.095769,9161
1701002,Ananás,TO,Araguaína,Araguaína,-6.223067,-48.200794,10736
1701051,Angico,TO,Araguaína,Araguaína,-6.411912,-47.930269,2889
1701101,Aparecida do Rio Negro,TO,Palmas,Palmas,-9.986308,-48.008581,5152
1701309,Aragominas,TO,Araguaína,Araguaína,-6.987051,-48.598254,5302
1701903,Araguacema,TO,Paraíso do Tocantins,Palmas,-8.953362,-49.482103,6006
1702000,Araguaçu,TO,Gurupi,Gurupi,-12.756720,-49.717080,8213
1702109,Araguaína,TO,Araguaína,Araguaína,-7.326614,-48.575643,184495
1702158,Araguanã,TO,Araguaína,Araguaína,-6.771200,-48.522038,4263
1702208,Araguatins,TO,Araguatins,Araguaína,-5.664516,-48.119048,33364
1702307,Arapoema,TO,Araguaína,Araguaína,-7.710811,-49.022236,5425
1702406,Arraias,TO,Dianópolis,Gurupi,-12.839691,-47.136148,10500
1702554,Augustinópolis,TO,Araguatins,Araguaína,-5.510671,-47.910135,18341
1702703,Aurora do Tocantins,TO,Dianópolis,Gurupi,-12.633814,-46.414741,3415
1702901,Axixá do Tocantins,TO,Araguatins,Araguaína,-5.688750,-47.766110,10799
1703008,Babaçulândia,TO,Araguaína,Araguaína,-7.169226,-47.817641,7498
1703057,Bandeirantes do Tocantins,TO,Colinas do Tocantins,Araguaína,-7.985649,-48.669495,3575
1703073,Barra do Ouro,TO,Araguaína,Araguaína,-7.714922,-47.565678,4691
1703107,Barrolândia,TO,Paraíso do Tocantins,Palmas,-9.877189,-48.807819,4866
1703206,Bernardo Sayão,TO,Colinas do Tocantins,Araguaína,-7.977879,-48.973442,4298
1703305,Bom Jesus do Tocantins,TO,Guaraí,Araguaína,-9.020424,-47.862188,4221
1703602,Brasilândia do Tocantins,TO,Colinas do Tocantins,Araguaína,-8.269508,-48.447692,2009
1703701,Brejinho de Nazaré,TO,Porto Nacional,Palmas,-11.038113,-48.609721,4752
1703800,Buriti do Tocantins,TO,Araguatins,Araguaína,-5.343162,-48.147423,10737
1703826,Cachoeirinha,TO,Tocantinópolis,Araguaína,-6.087187,-47.850750,1973
1703842,Campos Lindos,TO,Araguaína,Araguaína,-8.216732,-46.808434,9028
1703867,Cariri do Tocantins,TO,Gurupi,Gurupi,-11.929545,-49.209990,4184
1703883,Carmolândia,TO,Araguaína,Araguaína,-7.054487,-48.381427,2237
1703891,Carrasco Bonito,TO,Araguatins,Araguaína,-5.345222,-48.024522,3326
1703909,Caseara,TO,Paraíso do Tocantins,Palmas,-9.437129,-49.847877,5047
1704105,Centenário,TO,Guaraí,Araguaína,-9.110506,-47.449218,2088
1704600,Chapada de Areia,TO,Paraíso do Tocantins,Palmas,-10.179562,-49.198575,1585
1705102,Chapada da Natividade,TO,Porto Nacional,Palmas,-11.526250,-47.869433,3169
1705508,Colinas do Tocantins,TO,Colinas do Tocantins,Araguaína,-8.104948,-48.525885,36451
1705557,Combinado,TO,Dianópolis,Gurupi,-12.824386,-46.527564,4916
1705607,Conceição do Tocantins,TO,Dianópolis,Gurupi,-12.176321,-47.305211,3929
1706001,Couto Magalhães,TO,Guaraí,Araguaína,-8.427720,-49.157608,5563
1706100,Cristalândia,TO,Paraíso do Tocantins,Palmas,-10.640690,-49.332255,6349
1706258,Crixás do Tocantins,TO,Gurupi,Gurupi,-11.177197,-49.090176,1491
1706506,Darcinópolis,TO,Araguaína,Araguaína,-6.742180,-47.802577,6130
1707009,Dianópolis,TO,Dianópolis,Gurupi,-11.707336,-46.735934,17905
1707108,Divinópolis do Tocantins,TO,Paraíso do Tocantins,Palmas,-9.703045,-49.342255,7388
1707207,Dois Irmãos do Tocantins,TO,Miracema do Tocantins,Palmas,-9.342174,-49.025938,6311
1707306,Dueré,TO,Gurupi,Gurupi,-11.410432,-49.377510,4289
1707405,Esperantina,TO,Araguatins,Araguaína,-5.316939,-48.553696,7281
1707553,Fátima,TO,Porto Nacional,Palmas,-10.827024,-48.873476,3487
1707652,Figueirópolis,TO,Gurupi,Gurupi,-12.236654,-49.237681,5331
1707702,Filadélfia,TO,Araguaína,Araguaína,-7.481600,-47.763194,7746
1708205,Formoso do Araguaia,TO,Gurupi,Gurupi,-12.156342,-50.132949,19517
1708254,Tabocão,TO,Guaraí,Araguaína,-9.072942,-48.554488,3804
1708304,Goianorte,TO,Guaraí,Araguaína,-8.903584,-48.987837,4824
1709005,Goiatins,TO,Araguaína,Araguaína,-8.029311,-47.497335,12884
1709302,Guaraí,TO,Guaraí,Araguaína,-8.740664,-48.446111,25975
1709500,Gurupi,TO,Gurupi,Gurupi,-11.650713,-48.902339,90818
1709807,Ipueiras,TO,Porto Nacional,Palmas,-11.114025,-48.384479,1625
1710508,Itacajá,TO,Colinas do Tocantins,Araguaína,-8.543228,-47.700448,6950
1710706,Itaguatins,TO,Araguatins,Araguaína,-5.804614,-47.593605,5116
1710904,Itapiratins,TO,Colinas do Tocantins,Araguaína,-8.326181,-48.030192,3692
1711100,Itaporã do Tocantins,TO,Guaraí,Araguaína,-8.468504,-48.728725,2464
1711506,Jaú do Tocantins,TO,Gurupi,Gurupi,-12.776092,-48.628868,3389
1711803,Juarina,TO,Colinas do Tocantins,Araguaína,-8.127612,-49.091769,2311
1711902,Lagoa da Confusão,TO,Paraíso do Tocantins,Palmas,-10.972220,-50.086630,16934
1711951,Lagoa do Tocantins,TO,Palmas,Palmas,-10.327508,-47.467562,3616
1712009,Lajeado,TO,Palmas,Palmas,-9.849763,-48.304856,3595
1712157,Lavandeira,TO,Dianópolis,Gurupi,-12.822537,-46.386447,1679
1712405,Lizarda,TO,Palmas,Palmas,-9.529880,-46.918867,2912
1712454,Luzinópolis,TO,Tocantinópolis,Araguaína,-6.207433,-47.868883,2819
1712504,Marianópolis do Tocantins,TO,Paraíso do Tocantins,Palmas,-9.767142,-49.700769,4812
1712702,Mateiros,TO,Palmas,Palmas,-10.510704,-46.426221,2955
1712801,Maurilândia do Tocantins,TO,Tocantinópolis,Araguaína,-6.034305,-47.600577,3171
1713205,Miracema do Tocantins,TO,Miracema do Tocantins,Palmas,-9.755780,-48.566300,18576
1713304,Miranorte,TO,Miracema do Tocantins,Palmas,-9.392638,-48.696635,13090
1713601,Monte do Carmo,TO,Porto Nacional,Palmas,-10.727670,-48.043583,5614
1713700,Monte Santo do Tocantins,TO,Paraíso do Tocantins,Palmas,-9.981958,-49.081838,2541
1713809,Palmeiras do Tocantins,TO,Tocantinópolis,Araguaína,-6.595814,-47.680655,4806
1713957,Muricilândia,TO,Araguaína,Araguaína,-6.986147,-48.795263,3517
1714203,Natividade,TO,Porto Nacional,Palmas,-11.764245,-47.679894,8950
1714302,Nazaré,TO,Tocantinópolis,Araguaína,-6.334865,-47.763126,4684
1714880,Nova Olinda,TO,Araguaína,Araguaína,-7.640203,-48.367115,10592
1715002,Nova Rosalândia,TO,Paraíso do Tocantins,Palmas,-10.543969,-48.954396,3362
1715101,Novo Acordo,TO,Palmas,Palmas,-10.156821,-47.425709,4134
1715150,Novo Alegre,TO,Dianópolis,Gurupi,-12.898310,-46.566620,1794
1715259,Novo Jardim,TO,Dianópolis,Gurupi,-11.757613,-46.480621,2241
1715507,Oliveira de Fátima,TO,Porto Nacional,Palmas,-10.666136,-48.872600,1228
1715705,Palmeirante,TO,Colinas do Tocantins,Araguaína,-7.867396,-48.152259,4900
1715754,Palmeirópolis,TO,Gurupi,Gurupi,-12.995539,-48.374932,7090
1716109,Paraíso do Tocantins,TO,Paraíso do Tocantins,Palmas,-10.233266,-48.855356,56223
1716208,Paranã,TO,Gurupi,Gurupi,-12.728430,-47.819929,10899
1716307,Pau D'Arco,TO,Araguaína,Araguaína,-7.558292,-48.909545,4030
1716505,Pedro Afonso,TO,Guaraí,Araguaína,-9.228231,-48.004082,15051
1716604,Peixe,TO,Gurupi,Gurupi,-12.054387,-48.591644,9332
1716653,Pequizeiro,TO,Guaraí,Araguaína,-8.369779,-48.937036,5032
1716703,Colméia,TO,Guaraí,Araguaína,-8.883183,-48.736403,9152
1717008,Pindorama do Tocantins,TO,Porto Nacional,Palmas,-11.196781,-47.559438,4602
1717206,Piraquê,TO,Araguaína,Araguaína,-6.735628,-48.269580,2195
1717503,Pium,TO,Paraíso do Tocantins,Palmas,-10.062354,-49.804869,7440
1717800,Ponte Alta do Bom Jesus,TO,Dianópolis,Gurupi,-12.079942,-46.605133,4266
1717909,Ponte Alta do Tocantins,TO,Porto Nacional,Palmas,-10.779425,-47.235570,7905
1718006,Porto Alegre do Tocantins,TO,Dianópolis,Gurupi,-11.537917,-47.047500,2967
1718204,Porto Nacional,TO,Porto Nacional,Palmas,-10.579475,-48.465542,70507
1718303,Praia Norte,TO,Araguatins,Araguaína,-5.485293,-47.778800,9640
1718402,Presidente Kennedy,TO,Guaraí,Araguaína,-8.449583,-48.471763,2983
1718451,Pugmil,TO,Paraíso do Tocantins,Palmas,-10.423142,-48.872505,2215
1718501,Recursolândia,TO,Guaraí,Araguaína,-8.727731,-47.108531,3438
1718550,Riachinho,TO,Araguaína,Araguaína,-6.454304,-48.149470,4020
1718659,Rio da Conceição,TO,Dianópolis,Gurupi,-11.308543,-46.745052,1832
1718709,Rio dos Bois,TO,Miracema do Tocantins,Palmas,-9.249995,-48.451445,2858
1718758,Rio Sono,TO,Palmas,Palmas,-9.637724,-47.486768,4642
1718808,Sampaio,TO,Araguatins,Araguaína,-5.336615,-47.914269,4422
1718840,Sandolândia,TO,Gurupi,Gurupi,-12.423408,-49.884856,3927
1718865,Santa Fé do Araguaia,TO,Araguaína,Araguaína,-7.070187,-48.979633,7575
1718881,Santa Maria do Tocantins,TO,Guaraí,Araguaína,-8.811350,-47.857750,2707
1718899,Santa Rita do Tocantins,TO,Porto Nacional,Palmas,-10.967084,-49.279271,2306
1718907,Santa Rosa do Tocantins,TO,Porto Nacional,Palmas,-11.386921,-48.118046,4809
1719004,Santa Tereza do Tocantins,TO,Palmas,Palmas,-10.300350,-47.736965,2925
1720002,Santa Terezinha do Tocantins,TO,Tocantinópolis,Araguaína,-6.465160,-47.705173,2459
1720101,São Bento do Tocantins,TO,Araguatins,Araguaína,-5.967816,-47.927405,6070
1720150,São Félix do Tocantins,TO,Palmas,Palmas,-10.092007,-46.628986,1919
1720200,São Miguel do Tocantins,TO,Araguatins,Araguaína,-5.553300,-47.611550,14286
1720259,São Salvador do Tocantins,TO,Gurupi,Gurupi,-12.591454,-48.355146,2329
1720309,São Sebastião do Tocantins,TO,Araguatins,Araguaína,-5.252063,-48.339394,4176
1720499,São Valério,TO,Gurupi,Gurupi,-11.795730,-48.146430,4561
1720655,Silvanópolis,TO,Porto Nacional,Palmas,-11.132481,-48.031650,5267
1720804,Sítio Novo do Tocantins,TO,Araguatins,Araguaína,-5.615442,-47.719258,11554
1720853,Sucupira,TO,Gurupi,Gurupi,-12.100573,-48.853473,1583
1720903,Taguatinga,TO,Dianópolis,Gurupi,-12.380035,-46.539240,14153
1720937,Taipas do Tocantins,TO,Dianópolis,Gurupi,-12.150227,-47.001846,2099
1720978,Talismã,TO,Gurupi,Gurupi,-12.667924,-49.038516,2501
1721000,Palmas,TO,Palmas,Palmas,-10.183977,-48.136040,333154
1721109,Tocantínia,TO,Miracema do Tocantins,Palmas,-9.560426,-48.163521,7851
1721208,Tocantinópolis,TO,Tocantinópolis,Araguaína,-6.246628,-47.526332,23246
1721257,Tupirama,TO,Guaraí,Araguaína,-8.915864,-48.254100,2045
1721307,Tupiratins,TO,Colinas do Tocantins,Araguaína,-8.368248,-48.213600,1875
1722081,Wanderlândia,TO,Araguaína,Araguaína,-6.857400,-48.007884,10718
1722107,Xambioá,TO,Araguaína,Araguaína,-6.571340,-48.449077,10591
2100055,Açailândia,MA,Açailândia,Imperatriz,-4.736129,-47.309252,110703
2100105,Afonso Cunha,MA,Caxias,Caxias,-4.200012,-43.284100,6309
2100154,Água Doce do Maranhão,MA,Tutóia - Araioses,São Luís,-2.907500,-42.138125,12474
2100204,Alcântara,MA,São Luís,São Luís,-2.411525,-44.548211,18675
2100303,Aldeias Altas,MA,Caxias,Caxias,-4.571004,-43.412870,23772
2100402,Altamira do Maranhão,MA,Bacabal,Santa Inês - Bacabal,-4.137027,-45.501414,6534
2100436,Alto Alegre do Maranhão,MA,Bacabal,Santa Inês - Bacabal,-4.242382,-44.415891,24515
2100477,Alto Alegre do Pindaré,MA,Santa Inês,Santa Inês - Bacabal,-3.870494,-46.007571,26241
2100501,Alto Parnaíba,MA,Balsas,Imperatriz,-9.533785,-46.235529,11401
2100550,Amapá do Maranhão,MA,Governador Nunes Freire,Santa Inês - Bacabal,-1.694269,-45.934838,7395
2100600,Amarante do Maranhão,MA,Imperatriz,Imperatriz,-5.421004,-46.603060,38337
2100709,Anajatuba,MA,Itapecuru Mirim,São Luís,-3.247212,-44.608035,26275
2100808,Anapurus,MA,Chapadinha,São Luís,-3.542929,-43.128417,14115
2100832,Apicum-Açu,MA,Cururupu,São Luís,-1.537207,-45.063964,17693
2100873,Araguanã,MA,Santa Inês,Santa Inês - Bacabal,-3.055861,-45.793444,11253
2100907,Araioses,MA,Tutóia - Araioses,São Luís,-2.901083,-42.015937,40190
2100956,Arame,MA,Barra do Corda,Imperatriz,-5.024833,-45.981440,27782
2101004,Arari,MA,Viana,São Luís,-3.562082,-44.744773,30585
2101103,Axixá,MA,São Luís,São Luís,-2.852842,-44.097158,12101
2101202,Bacabal,MA,Bacabal,Santa Inês - Bacabal,-4.105493,-44.721003,107874
2101251,Bacabeira,MA,São Luís,São Luís,-2.923150,-44.356244,17498
2101301,Bacuri,MA,Cururupu,São Luís,-1.683338,-45.133054,16957
2101350,Bacurituba,MA,Pinheiro,São Luís,-2.696565,-44.700988,5376
2101400,Balsas,MA,Balsas,Imperatriz,-8.415468,-46.395248,106332
2101509,Barão de Grajaú,MA,São João dos Patos,Presidente Dutra,-6.616393,-43.172783,19524
2101608,Barra do Corda,MA,Barra do Corda,Imperatriz,-5.433840,-45.145180,87830
2101707,Barreirinhas,MA,Barreirinhas,São Luís,-2.838839,-42.968603,68439
2101731,Belágua,MA,Chapadinha,São Luís,-3.108600,-43.476031,8782
2101772,Bela Vista do Maranhão,MA,Santa Inês,Santa Inês - Bacabal,-3.762664,-45.242945,12132
2101806,Benedito Leite,MA,São João dos Patos,Presidente Dutra,-7.164311,-44.600045,5601
2101905,Bequimão,MA,Pinheiro,São Luís,-2.433062,-44.793329,19955
2101939,Bernardo do Mearim,MA,Pedreiras,Santa Inês - Bacabal,-4.655917,-44.716150,5994
2101970,Boa Vista do Gurupi,MA,Governador Nunes Freire,Santa Inês - Bacabal,-1.742576,-46.199419,7792
2102002,Bom Jardim,MA,Santa Inês,Santa Inês - Bacabal,-3.889811,-46.319887,33850
2102036,Bom Jesus das Selvas,MA,Açailândia,Imperatriz,-4.522452,-46.682903,29620
2102077,Bom Lugar,MA,Bacabal,Santa Inês - Bacabal,-4.325245,-45.040680,12333
2102101,Brejo,MA,Chapadinha,São Luís,-3.696420,-42.816273,35382
2102150,Brejo de Areia,MA,Bacabal,Santa Inês - Bacabal,-4.372510,-45.599590,9343
2102200,Buriti,MA,Chapadinha,São Luís,-3.942071,-42.961364,30925
2102309,Buriti Bravo,MA,Timon,Caxias,-5.767600,-43.815843,22937
2102325,Buriticupu,MA,Açailândia,Imperatriz,-4.399581,-46.336530,56590
2102358,Buritirana,MA,Imperatriz,Imperatriz,-5.521388,-47.057535,13098
2102374,Cachoeira Grande,MA,São Luís,São Luís,-3.049213,-43.979852,10057
2102408,Cajapió,MA,Viana,São Luís,-2.884354,-44.625132,10331
2102507,Cajari,MA,Viana,São Luís,-3.398372,-45.047803,16652
2102556,Campestre do Maranhão,MA,Imperatriz,Imperatriz,-6.171732,-47.238516,12522
2102606,Cândido Mendes,MA,Governador Nunes Freire,Santa Inês - Bacabal,-1.597785,-45.654917,20464
2102705,Cantanhede,MA,Itapecuru Mirim,São Luís,-3.650210,-44.268470,25131
2102754,Capinzal do Norte,MA,Pedreiras,Santa Inês - Bacabal,-4.694450,-44.316381,11696
2102804,Carolina,MA,Balsas,Imperatriz,-7.415679,-47.216515,24630
2102903,Carutapera,MA,Governador Nunes Freire,Santa Inês - Bacabal,-1.343956,-46.032309,24950
2103000,Caxias,MA,Caxias,Caxias,-4.874997,-43.340457,163650
2103109,Cedral,MA,Cururupu,São Luís,-1.980139,-44.615611,10448
2103125,Central do Maranhão,MA,Cururupu,São Luís,-2.252633,-44.837493,7209
2103158,Centro do Guilherme,MA,Governador Nunes Freire,Santa Inês - Bacabal,-2.399821,-46.116707,12715
2103174,Centro Novo do Maranhão,MA,Governador Nunes Freire,Santa Inês - Bacabal,-3.004521,-46.526022,16432
2103208,Chapadinha,MA,Chapadinha,São Luís,-3.797215,-43.442296,84564
2103257,Cidelândia,MA,Imperatriz,Imperatriz,-5.078130,-47.839893,13131
2103307,Codó,MA,Codó,Caxias,-4.666616,-43.927166,118272
2103406,Coelho Neto,MA,Caxias,Caxias,-4.205032,-43.105773,42774
2103505,Colinas,MA,Colinas,Presidente Dutra,-6.005010,-44.242410,41826
2103554,Conceição do Lago-Açu,MA,Bacabal,Santa Inês - Bacabal,-3.769984,-44.790237,15291
2103604,Coroatá,MA,Codó,Caxias,-4.115015,-44.195169,61324
2103703,Cururupu,MA,Cururupu,São Luís,-1.605010,-44.830718,32598
2103752,Davinópolis,MA,Imperatriz,Imperatriz,-5.584107,-47.307779,14863
2103802,Dom Pedro,MA,Presidente Dutra,Presidente Dutra,-5.025487,-44.410120,23607
2103901,Duque Bacelar,MA,Caxias,Caxias,-4.116350,-43.001507,10439
2104008,Esperantinópolis,MA,Pedreiras,Santa Inês - Bacabal,-4.905542,-44.847921,18743
2104057,Estreito,MA,Imperatriz,Imperatriz,-6.768188,-47.218624,34293
2104073,Feira Nova do Maranhão,MA,Balsas,Imperatriz,-7.017852,-46.625666,8239
2104081,Fernando Falcão,MA,Barra do Corda,Imperatriz,-6.222931,-45.359686,11250
2104099,Formosa da Serra Negra,MA,Barra do Corda,Imperatriz,-6.588455,-46.113961,18164
2104107,Fortaleza dos Nogueiras,MA,Balsas,Imperatriz,-6.868772,-46.065200,12974
2104206,Fortuna,MA,Presidente Dutra,Presidente Dutra,-5.601337,-44.000607,17348
2104305,Godofredo Viana,MA,Governador Nunes Freire,Santa Inês - Bacabal,-1.308750,-45.743075,10425
2104404,Gonçalves Dias,MA,Presidente Dutra,Presidente Dutra,-5.157753,-44.185040,17580
2104503,Governador Archer,MA,Presidente Dutra,Presidente Dutra,-4.991371,-44.205807,10480
2104552,Governador Edison Lobão,MA,Imperatriz,Imperatriz,-5.716968,-47.323126,19010
2104602,Governador Eugênio Barros,MA,Presidente Dutra,Presidente Dutra,-5.381138,-44.018525,14269
2104628,Governador Luiz Rocha,MA,Presidente Dutra,Presidente Dutra,-5.521743,-44.080039,7213
2104651,Governador Newton Bello,MA,Santa Inês,Santa Inês - Bacabal,-3.410905,-45.963986,11004
2104677,Governador Nunes Freire,MA,Governador Nunes Freire,Santa Inês - Bacabal,-2.090221,-45.814458,23493
2104701,Graça Aranha,MA,Presidente Dutra,Presidente Dutra,-5.419112,-44.329982,6160
2104800,Grajaú,MA,Barra do Corda,Imperatriz,-5.828777,-45.965241,75281
2104909,Guimarães,MA,Cururupu,São Luís,-2.141295,-44.652263,10412
2105005,Humberto de Campos,MA,Barreirinhas,São Luís,-2.581185,-43.577835,26552
2105104,Icatu,MA,São Luís,São Luís,-2.547800,-43.825741,25332
2105153,Igarapé do Meio,MA,Santa Inês,Santa Inês - Bacabal,-3.657257,-45.129121,14411
2105203,Igarapé Grande,MA,Pedreiras,Santa Inês - Bacabal,-4.586208,-44.840825,10460
2105302,Imperatriz,MA,Imperatriz,Imperatriz,-5.370040,-47.579513,286383
2105351,Itaipava do Grajaú,MA,Barra do Corda,Imperatriz,-5.193462,-45.639862,14142
2105401,Itapecuru Mirim,MA,Itapecuru Mirim,São Luís,-3.362329,-44.282318,62260
2105427,Itinga do Maranhão,MA,Açailândia,Imperatriz,-4.242530,-47.264721,22863
2105450,Jatobá,MA,Colinas,Presidente Dutra,-5.861692,-44.305942,7577
2105476,Jenipapo dos Vieiras,MA,Barra do Corda,Imperatriz,-5.359870,-45.528074,17555
2105500,João Lisboa,MA,Imperatriz,Imperatriz,-5.242811,-47.152557,25331
2105609,Joselândia,MA,Pedreiras,Santa Inês - Bacabal,-5.018605,-44.770441,15221
2105658,Junco do Maranhão,MA,Governador Nunes Freire,Santa Inês - Bacabal,-1.872757,-46.074264,5287
2105708,Lago da Pedra,MA,Bacabal,Santa Inês - Bacabal,-4.746585,-45.192094,45857
2105807,Lago do Junco,MA,Pedreiras,Santa Inês - Bacabal,-4.526757,-44.967679,9676
2105906,Lago Verde,MA,Bacabal,Santa Inês - Bacabal,-3.966914,-44.822593,15062
2105922,Lagoa do Mato,MA,São João dos Patos,Presidente Dutra,-6.006979,-43.544139,10804
2105948,Lago dos Rodrigues,MA,Pedreiras,Santa Inês - Bacabal,-4.589886,-44.932721,8963
2105963,Lagoa Grande do Maranhão,MA,Bacabal,Santa Inês - Bacabal,-4.898975,-45.414281,11749
2105989,Lajeado Novo,MA,Imperatriz,Imperatriz,-6.090937,-46.967300,7236
2106003,Lima Campos,MA,Pedreiras,Santa Inês - Bacabal,-4.564650,-44.492092,11560
2106102,Loreto,MA,Balsas,Imperatriz,-7.144735,-45.237662,11891
2106201,Luís Domingues,MA,Governador Nunes Freire,Santa Inês - Bacabal,-1.354547,-45.861460,7379
2106300,Magalhães de Almeida,MA,Tutóia - Araioses,São Luís,-3.317385,-42.143769,13873
2106326,Maracaçumé,MA,Governador Nunes Freire,Santa Inês - Bacabal,-2.012426,-46.016413,21768
2106359,Marajá do Sena,MA,Bacabal,Santa Inês - Bacabal,-4.715335,-45.597788,7142
2106375,Maranhãozinho,MA,Governador Nunes Freire,Santa Inês - Bacabal,-2.421952,-45.953168,14097
2106409,Mata Roma,MA,Chapadinha,São Luís,-3.607742,-43.216758,17618
2106508,Matinha,MA,Viana,São Luís,-3.059839,-45.004733,22549
2106607,Matões,MA,Timon,Caxias,-5.366116,-43.338911,33350
2106631,Matões do Norte,MA,Itapecuru Mirim,São Luís,-3.759800,-44.471794,18087
2106672,Milagres do Maranhão,MA,Chapadinha,São Luís,-3.525245,-42.769327,9079
2106706,Mirador,MA,Colinas,Presidente Dutra,-6.499556,-45.179132,21552
2106755,Miranda do Norte,MA,Itapecuru Mirim,São Luís,-3.524338,-44.494754,24371
2106805,Mirinzal,MA,Cururupu,São Luís,-2.075124,-44.815329,14298
2106904,Monção,MA,Santa Inês,Santa Inês - Bacabal,-3.506083,-45.340293,28526
2107001,Montes Altos,MA,Imperatriz,Imperatriz,-5.890771,-47.038351,9304
2107100,Morros,MA,São Luís,São Luís,-3.028730,-43.832104,19033
2107209,Nina Rodrigues,MA,Itapecuru Mirim,São Luís,-3.452460,-43.793840,14621
2107258,Nova Colinas,MA,Balsas,Imperatriz,-7.167364,-46.264364,5152
2107308,Nova Iorque,MA,São João dos Patos,Presidente Dutra,-6.799964,-44.036791,4405
2107357,Nova Olinda do Maranhão,MA,Santa Inês,Santa Inês - Bacabal,-2.976213,-46.040247,14302
2107407,Olho d'Água das Cunhãs,MA,Bacabal,Santa Inês - Bacabal,-4.112833,-45.111789,18281
2107456,Olinda Nova do Maranhão,MA,Viana,São Luís,-2.971900,-45.017325,13932
2107506,Paço do Lumiar,MA,São Luís,São Luís,-2.496345,-44.127109,153903
2107605,Palmeirândia,MA,Pinheiro,São Luís,-2.678913,-45.052127,21702
2107704,Paraibano,MA,São João dos Patos,Presidente Dutra,-6.400229,-43.903371,18564
2107803,Parnarama,MA,Timon,Caxias,-5.593938,-43.508633,32212
2107902,Passagem Franca,MA,São João dos Patos,Presidente Dutra,-6.143778,-43.751635,17590
2108009,Pastos Bons,MA,São João dos Patos,Presidente Dutra,-6.712915,-44.183969,19284
2108058,Paulino Neves,MA,Tutóia - Araioses,São Luís,-2.840400,-42.581737,17625
2108108,Paulo Ramos,MA,Bacabal,Santa Inês - Bacabal,-4.536554,-45.424758,20803
2108207,Pedreiras,MA,Pedreiras,Santa Inês - Bacabal,-4.673388,-44.605685,38239
2108256,Pedro do Rosário,MA,Pinheiro,São Luís,-2.924046,-45.389571,24989
2108306,Penalva,MA,Viana,São Luís,-3.262594,-45.289229,33463
2108405,Peri Mirim,MA,Pinheiro,São Luís,-2.564933,-44.892633,11187
2108454,Peritoró,MA,Codó,Caxias,-4.415118,-44.260200,20896
2108504,Pindaré-Mirim,MA,Santa Inês,Santa Inês - Bacabal,-3.677631,-45.428638,32560
2108603,Pinheiro,MA,Pinheiro,São Luís,-2.531093,-45.102918,88241
2108702,Pio XII,MA,Santa Inês,Santa Inês - Bacabal,-3.859050,-45.118706,22378
2108801,Pirapemas,MA,Itapecuru Mirim,São Luís,-3.776659,-44.213759,18143
2108900,Poção de Pedras,MA,Pedreiras,Santa Inês - Bacabal,-4.797826,-44.868274,17351
2109007,Porto Franco,MA,Imperatriz,Imperatriz,-6.359107,-47.145798,24618
2109056,Porto Rico do Maranhão,MA,Cururupu,São Luís,-1.894094,-44.635682,6092
2109106,Presidente Dutra,MA,Presidente Dutra,Presidente Dutra,-5.287396,-44.451621,46631
2109205,Presidente Juscelino,MA,São Luís,São Luís,-3.108233,-44.068400,11616
2109239,Presidente Médici,MA,Governador Nunes Freire,Santa Inês - Bacabal,-2.293117,-45.751717,4690
2109270,Presidente Sarney,MA,Pinheiro,São Luís,-2.628138,-45.407669,17936
2109304,Presidente Vargas,MA,Itapecuru Mirim,São Luís,-3.392407,-43.992753,10791
2109403,Primeira Cruz,MA,Barreirinhas,São Luís,-2.701067,-43.370939,13918
2109452,Raposa,MA,São Luís,São Luís,-2.448370,-44.092310,32246
2109502,Riachão,MA,Balsas,Imperatriz,-7.799046,-46.645230,22776
2109551,Ribamar Fiquene,MA,Imperatriz,Imperatriz,-5.953641,-47.321068,7605
2109601,Rosário,MA,São Luís,São Luís,-2.958478,-44.209787,39759
2109700,Sambaíba,MA,Balsas,Imperatriz,-7.461567,-45.584243,6238
2109759,Santa Filomena do Maranhão,MA,Presidente Dutra,Presidente Dutra,-5.506576,-44.596012,6828
2109809,Santa Helena,MA,Pinheiro,São Luís,-2.418774,-45.414431,43278
2109908,Santa Inês,MA,Santa Inês,Santa Inês - Bacabal,-3.876257,-45.417719,88320
2110005,Santa Luzia,MA,Santa Inês,Santa Inês - Bacabal,-4.323519,-45.899171,58667
2110039,Santa Luzia do Paruá,MA,Governador Nunes Freire,Santa Inês - Bacabal,-2.561425,-45.775394,24907
2110104,Santa Quitéria do Maranhão,MA,Chapadinha,São Luís,-3.357871,-42.910810,24501
2110203,Santa Rita,MA,São Luís,São Luís,-3.164300,-44.309543,38625
2110237,Santana do Maranhão,MA,Tutóia - Araioses,São Luís,-3.142825,-42.655842,10744
2110278,Santo Amaro do Maranhão,MA,Barreirinhas,São Luís,-2.645248,-43.189683,14294
2110302,Santo Antônio dos Lopes,MA,Pedreiras,Santa Inês - Bacabal,-4.826265,-44.451785,14632
2110401,São Benedito do Rio Preto,MA,Chapadinha,São Luís,-3.338692,-43.643042,18825
2110500,São Bento,MA,Pinheiro,São Luís,-2.784958,-44.971474,48280
2110609,São Bernardo,MA,Tutóia - Araioses,São Luís,-3.364314,-42.373264,27930
2110658,São Domingos do Azeitão,MA,São João dos Patos,Presidente Dutra,-6.866024,-44.594171,8255
2110708,São Domingos do Maranhão,MA,Presidente Dutra,Presidente Dutra,-5.639228,-44.357434,35269
2110807,São Félix de Balsas,MA,Balsas,Imperatriz,-7.075885,-44.846546,4487
2110856,São Francisco do Brejão,MA,Açailândia,Imperatriz,-5.156974,-47.365813,9184
2110906,São Francisco do Maranhão,MA,São João dos Patos,Presidente Dutra,-6.219600,-43.115863,12367
2111003,São João Batista,MA,Viana,São Luís,-3.002200,-44.772389,18871
2111029,São João do Carú,MA,Santa Inês,Santa Inês - Bacabal,-3.532568,-46.385068,12305
2111052,São João do Paraíso,MA,Imperatriz,Imperatriz,-6.426698,-46.894832,10078
2111078,São João do Soter,MA,Caxias,Caxias,-5.024438,-43.758475,17252
2111102,São João dos Patos,MA,São João dos Patos,Presidente Dutra,-6.567731,-43.655392,25926
2111201,São José de Ribamar,MA,São Luís,São Luís,-2.551490,-44.132190,260695
2111250,São José dos Basílios,MA,Presidente Dutra,Presidente Dutra,-5.036000,-44.577144,7087
2111300,São Luís,MA,São Luís,São Luís,-2.637085,-44.287625,1090229
2111409,São Luís Gonzaga do Maranhão,MA,Bacabal,Santa Inês - Bacabal,-4.394936,-44.631927,18097
2111508,São Mateus do Maranhão,MA,Bacabal,Santa Inês - Bacabal,-3.996523,-44.520487,40191
2111532,São Pedro da Água Branca,MA,Imperatriz,Imperatriz,-5.193705,-48.413938,14829
2111573,São Pedro dos Crentes,MA,Barra do Corda,Imperatriz,-6.837353,-46.650109,6018
2111607,São Raimundo das Mangabeiras,MA,Balsas,Imperatriz,-6.939925,-45.710333,19184
2111631,São Raimundo do Doca Bezerra,MA,Pedreiras,Santa Inês - Bacabal,-5.088915,-45.156177,5755
2111672,São Roberto,MA,Pedreiras,Santa Inês - Bacabal,-5.014643,-45.051186,4554
2111706,São Vicente Ferrer,MA,Viana,São Luís,-2.879863,-44.967637,19848
2111722,Satubinha,MA,Bacabal,Santa Inês - Bacabal,-3.925652,-45.264886,8770
2111748,Senador Alexandre Costa,MA,Presidente Dutra,Presidente Dutra,-5.281740,-43.971670,10449
2111763,Senador La Rocque,MA,Imperatriz,Imperatriz,-5.398795,-47.162643,15052
2111789,Serrano do Maranhão,MA,Cururupu,São Luís,-1.844891,-45.010061,10488
2111805,Sítio Novo,MA,Barra do Corda,Imperatriz,-6.239880,-46.664817,17470
2111904,Sucupira do Norte,MA,Colinas,Presidente Dutra,-6.462617,-44.254200,10470
2111953,Sucupira do Riachão,MA,São João dos Patos,Presidente Dutra,-6.386608,-43.479254,5076
2112001,Tasso Fragoso,MA,Balsas,Imperatriz,-8.300441,-45.911107,9150
2112100,Timbiras,MA,Codó,Caxias,-4.207350,-43.795711,27314
2112209,Timon,MA,Timon,Caxias,-5.212919,-42.969315,183123
2112233,Trizidela do Vale,MA,Pedreiras,Santa Inês - Bacabal,-4.576700,-44.691222,23137
2112274,Tufilândia,MA,Santa Inês,Santa Inês - Bacabal,-3.734292,-45.580275,5634
2112308,Tuntum,MA,Presidente Dutra,Presidente Dutra,-5.564885,-44.700762,37331
2112407,Turiaçu,MA,Pinheiro,São Luís,-1.749865,-45.389726,39070
2112456,Turilândia,MA,Pinheiro,São Luís,-2.135826,-45.396313,33383
2112506,Tutóia,MA,Tutóia - Araioses,São Luís,-2.856256,-42.396848,55107
2112605,Urbano Santos,MA,Chapadinha,São Luís,-3.275389,-43.297603,34216
2112704,Vargem Grande,MA,Itapecuru Mirim,São Luís,-3.633475,-43.879815,44359
2112803,Viana,MA,Viana,São Luís,-3.156141,-45.009686,53229
2112852,Vila Nova dos Martírios,MA,Imperatriz,Imperatriz,-5.091280,-48.095480,10549
2112902,Vitória do Mearim,MA,Viana,São Luís,-3.569400,-44.931700,31866
2113009,Vitorino Freire,MA,Bacabal,Santa Inês - Bacabal,-4.182684,-45.340549,31933
2114007,Zé Doca,MA,Santa Inês,Santa Inês - Bacabal,-3.237725,-45.929905,41704
2200053,Acauã,PI,Paulistana,Picos,-8.325221,-40.983585,6309
2200103,Agricolândia,PI,Amarante - Água Branca - Regeneração,Teresina,-5.756750,-42.686470,5010
2200202,Água Branca,PI,Amarante - Água Branca - Regeneração,Teresina,-5.912050,-42.614150,18269
2200251,Alagoinha do Piauí,PI,Picos,Picos,-6.963429,-40.923800,6853
2200277,Alegrete do Piauí,PI,Picos,Picos,-7.206193,-40.790521,4696
2200301,Alto Longá,PI,Teresina,Teresina,-5.356357,-42.133507,13723
2200400,Altos,PI,Teresina,Teresina,-5.098582,-42.473418,50509
2200459,Alvorada do Gurguéia,PI,Bom Jesus,Corrente - Bom Jesus,-8.434206,-43.950222,5488
2200509,Amarante,PI,Amarante - Água Branca - Regeneração,Teresina,-6.362368,-42.827252,17602
2200608,Angical do Piauí,PI,Amarante - Água Branca - Regeneração,Teresina,-6.107362,-42.744481,7000
2200707,Anísio de Abreu,PI,São Raimundo Nonato,São Raimundo Nonato,-9.223433,-43.042539,9665
2200806,Antônio Almeida,PI,Uruçuí,Floriano,-7.171453,-44.231137,3240
2200905,Aroazes,PI,Valença do Piauí,Teresina,-6.138287,-41.848478,5395
2200954,Aroeiras do Itaim,PI,Picos,Picos,-7.255840,-41.555367,2787
2201002,Arraial,PI,Floriano,Floriano,-6.625415,-42.499350,4510
2201051,Assunção do Piauí,PI,Campo Maior,Teresina,-5.833500,-40.992971,7595
2201101,Avelino Lopes,PI,Corrente,Corrente - Bom Jesus,-10.161109,-43.919777,11129
2201150,Baixa Grande do Ribeiro,PI,Uruçuí,Floriano,-8.562284,-45.188273,14114
2201176,Barra D'Alcântara,PI,Valença do Piauí,Teresina,-6.523222,-42.108939,4107
2201200,Barras,PI,Barras,Teresina,-4.172816,-42.296678,49856
2201309,Barreiras do Piauí,PI,Corrente,Corrente - Bom Jesus,-10.059356,-45.731691,3338
2201408,Barro Duro,PI,Amarante - Água Branca - Regeneração,Teresina,-5.798892,-42.506415,6719
2201507,Batalha,PI,Esperantina,Parnaíba,-3.976335,-42.030674,27161
2201556,Bela Vista do Piauí,PI,Simplício Mendes,Picos,-7.995490,-41.863170,4147
2201572,Belém do Piauí,PI,Picos,Picos,-7.378057,-40.991350,3523
2201606,Beneditinos,PI,Teresina,Teresina,-5.514641,-42.430833,10084
2201705,Bertolínia,PI,Uruçuí,Floriano,-7.705400,-43.835644,5727
2201739,Betânia do Piauí,PI,Paulistana,Picos,-8.127576,-40.752590,6607
2201770,Boa Hora,PI,Barras,Teresina,-4.356794,-42.106269,7104
2201804,Bocaina,PI,Picos,Picos,-6.904463,-41.297075,4106
2201903,Bom Jesus,PI,Bom Jesus,Corrente - Bom Jesus,-9.200717,-44.575707,30965
2201919,Bom Princípio do Piauí,PI,Parnaíba,Parnaíba,-3.172260,-41.597067,5821
2201929,Bonfim do Piauí,PI,São Raimundo Nonato,São Raimundo Nonato,-9.176608,-42.877117,6142
2201945,Boqueirão do Piauí,PI,Campo Maior,Teresina,-4.557958,-42.097050,6683
2201960,Brasileira,PI,Piripiri,Parnaíba,-4.109855,-41.665495,8707
2201988,Brejo do Piauí,PI,Canto do Buriti,Floriano,-8.379503,-42.821229,3958
2202000,Buriti dos Lopes,PI,Parnaíba,Parnaíba,-3.277350,-41.827495,20161
2202026,Buriti dos Montes,PI,Campo Maior,Teresina,-5.161647,-41.207653,7498
2202059,Cabeceiras do Piauí,PI,Barras,Teresina,-4.433633,-42.380580,10481
2202075,Cajazeiras do Piauí,PI,Oeiras,Picos,-6.782665,-42.459115,3124
2202083,Cajueiro da Praia,PI,Parnaíba,Parnaíba,-2.984329,-41.352971,8284
2202091,Caldeirão Grande do Piauí,PI,Picos,Picos,-7.303242,-40.619833,5599
2202109,Campinas do Piauí,PI,Simplício Mendes,Picos,-7.663848,-41.867038,4964
2202117,Campo Alegre do Fidalgo,PI,São João do Piauí,São Raimundo Nonato,-8.260639,-41.793372,4633
2202133,Campo Grande do Piauí,PI,Picos,Picos,-7.181825,-41.061742,6233
2202174,Campo Largo do Piauí,PI,Barras,Teresina,-3.862635,-42.577830,7699
2202208,Campo Maior,PI,Campo Maior,Teresina,-4.848033,-42.130005,47160
2202251,Canavieira,PI,Floriano,Floriano,-7.473470,-43.590443,3381
2202307,Canto do Buriti,PI,Canto do Buriti,Floriano,-8.275444,-43.233669,19613
2202406,Capitão de Campos,PI,Piripiri,Parnaíba,-4.507683,-41.920648,11374
2202455,Capitão Gervásio Oliveira,PI,São João do Piauí,São Raimundo Nonato,-8.551676,-41.926643,4076
2202505,Caracol,PI,São Raimundo Nonato,São Raimundo Nonato,-9.107143,-43.372846,10553
2202539,Caraúbas do Piauí,PI,Parnaíba,Parnaíba,-3.548961,-41.828328,5587
2202554,Caridade do Piauí,PI,Paulistana,Picos,-7.698100,-40.958615,5189
2202604,Castelo do Piauí,PI,Campo Maior,Teresina,-5.310178,-41.589107,19674
2202653,Caxingó,PI,Parnaíba,Parnaíba,-3.416135,-41.884496,5704
2202703,Cocal,PI,Parnaíba,Parnaíba,-3.425367,-41.518940,29386
2202711,Cocal de Telha,PI,Campo Maior,Teresina,-4.616658,-41.967750,5057
2202729,Cocal dos Alves,PI,Parnaíba,Parnaíba,-3.652892,-41.412523,6621
2202737,Coivaras,PI,Teresina,Teresina,-5.131762,-42.279446,4265
2202752,Colônia do Gurguéia,PI,Bom Jesus,Corrente - Bom Jesus,-8.169529,-43.684579,6301
2202778,Colônia do Piauí,PI,Oeiras,Picos,-7.289640,-42.185500,7025
2202802,Conceição do Canindé,PI,Simplício Mendes,Picos,-7.915636,-41.569359,5092
2202851,Coronel José Dias,PI,São Raimundo Nonato,São Raimundo Nonato,-8.985594,-42.311455,4278
2202901,Corrente,PI,Corrente,Corrente - Bom Jesus,-10.435592,-45.160292,28477
2203008,Cristalândia do Piauí,PI,Corrente,Corrente - Bom Jesus,-10.762800,-45.152467,7411
2203107,Cristino Castro,PI,Bom Jesus,Corrente - Bom Jesus,-8.724753,-44.026989,10828
2203206,Curimatá,PI,Corrente,Corrente - Bom Jesus,-9.940636,-44.316503,11606
2203230,Currais,PI,Bom Jesus,Corrente - Bom Jesus,-8.836750,-44.713086,4985
2203255,Curralinhos,PI,Teresina,Teresina,-5.610921,-42.846450,4760
2203271,Curral Novo do Piauí,PI,Paulistana,Picos,-7.891052,-40.755340,5196
2203305,Demerval Lobão,PI,Teresina,Teresina,-5.331158,-42.657633,17294
2203354,Dirceu Arcoverde,PI,São Raimundo Nonato,São Raimundo Nonato,-9.349800,-42.452068,7278
2203404,Dom Expedito Lopes,PI,Picos,Picos,-6.967082,-41.684845,6366
2203420,Domingos Mourão,PI,Piripiri,Parnaíba,-4.246043,-41.314362,4121
2203453,Dom Inocêncio,PI,São Raimundo Nonato,São Raimundo Nonato,-8.893200,-41.859194,9330
2203503,Elesbão Veloso,PI,Amarante - Água Branca - Regeneração,Teresina,-6.183231,-42.212777,13704
2203602,Eliseu Martins,PI,Canto do Buriti,Floriano,-7.979317,-43.684589,4409
2203701,Esperantina,PI,Esperantina,Parnaíba,-3.834830,-42.198348,42873
2203750,Fartura do Piauí,PI,São Raimundo Nonato,São Raimundo Nonato,-9.481486,-42.800082,5437
2203800,Flores do Piauí,PI,Canto do Buriti,Floriano,-7.637724,-42.846176,4515
2203859,Floresta do Piauí,PI,Oeiras,Picos,-7.453008,-41.812817,2402
2203909,Floriano,PI,Floriano,Floriano,-6.951309,-43.087641,64614
2204006,Francinópolis,PI,Amarante - Água Branca - Regeneração,Teresina,-6.437400,-42.212250,4448
2204105,Francisco Ayres,PI,Floriano,Floriano,-6.698960,-42.689660,4545
2204154,Francisco Macedo,PI,Picos,Picos,-7.332300,-40.790367,2985
2204204,Francisco Santos,PI,Picos,Picos,-7.058262,-41.154477,8334
2204303,Fronteiras,PI,Picos,Picos,-7.086111,-40.596232,10310
2204352,Geminiano,PI,Picos,Picos,-7.194493,-41.309929,5619
2204402,Gilbués,PI,Corrente,Corrente - Bom Jesus,-9.687893,-45.446671,11219
2204501,Guadalupe,PI,Floriano,Floriano,-6.826628,-43.744144,10482
2204550,Guaribas,PI,São Raimundo Nonato,São Raimundo Nonato,-9.095972,-43.597992,4339
2204600,Hugo Napoleão,PI,Amarante - Água Branca - Regeneração,Teresina,-6.031146,-42.503346,3538
2204659,Ilha Grande,PI,Parnaíba,Parnaíba,-2.820700,-41.815445,9540
2204709,Inhuma,PI,Valença do Piauí,Teresina,-6.681410,-41.724465,15286
2204808,Ipiranga do Piauí,PI,Valença do Piauí,Teresina,-6.809525,-41.755660,9638
2204907,Isaías Coelho,PI,Picos,Picos,-7.657912,-41.643754,7770
2205003,Itainópolis,PI,Picos,Picos,-7.400361,-41.514094,10958
2205102,Itaueira,PI,Floriano,Floriano,-7.521832,-43.097426,10463
2205151,Jacobina do Piauí,PI,Paulistana,Picos,-7.905561,-41.247556,5708
2205201,Jaicós,PI,Picos,Picos,-7.393850,-41.196955,17768
2205250,Jardim do Mulato,PI,Amarante - Água Branca - Regeneração,Teresina,-6.142530,-42.533515,4272
2205276,Jatobá do Piauí,PI,Campo Maior,Teresina,-4.811017,-41.909248,4554
2205300,Jerumenha,PI,Floriano,Floriano,-7.111500,-43.538856,4612
2205359,João Costa,PI,São João do Piauí,São Raimundo Nonato,-8.570783,-42.442728,3034
2205409,Joaquim Pires,PI,Esperantina,Parnaíba,-3.543167,-42.082133,14270
2205458,Joca Marques,PI,Esperantina,Parnaíba,-3.543154,-42.429392,5566
2205508,José de Freitas,PI,Teresina,Teresina,-4.702024,-42.553747,44959
2205516,Juazeiro do Piauí,PI,Campo Maior,Teresina,-4.977700,-41.596188,5306
2205524,Júlio Borges,PI,Corrente,Corrente - Bom Jesus,-10.466965,-44.151995,5503
2205532,Jurema,PI,São Raimundo Nonato,São Raimundo Nonato,-9.113652,-43.137676,4498
2205540,Lagoinha do Piauí,PI,Amarante - Água Branca - Regeneração,Teresina,-5.805736,-42.624909,3000
2205557,Lagoa Alegre,PI,Teresina,Teresina,-4.477360,-42.538573,8477
2205565,Lagoa do Barro do Piauí,PI,São João do Piauí,São Raimundo Nonato,-8.583563,-41.559033,5194
2205573,Lagoa de São Francisco,PI,Piripiri,Parnaíba,-4.365736,-41.583309,6443
2205581,Lagoa do Piauí,PI,Teresina,Teresina,-5.470812,-42.609624,5061
2205599,Lagoa do Sítio,PI,Valença do Piauí,Teresina,-6.503811,-41.460147,4555
2205607,Landri Sales,PI,Floriano,Floriano,-7.273770,-43.916435,5306
2205706,Luís Correia,PI,Parnaíba,Parnaíba,-3.064161,-41.497861,32015
2205805,Luzilândia,PI,Esperantina,Parnaíba,-3.585506,-42.373932,26189
2205854,Madeiro,PI,Esperantina,Parnaíba,-3.561836,-42.525629,8243
2205904,Manoel Emídio,PI,Uruçuí,Floriano,-8.191756,-43.965411,5316
2205953,Marcolândia,PI,Picos,Picos,-7.441033,-40.731578,8857
2206001,Marcos Parente,PI,Floriano,Floriano,-7.060544,-43.880344,4876
2206050,Massapê do Piauí,PI,Picos,Picos,-7.543881,-41.085569,5119
2206100,Matias Olímpio,PI,Esperantina,Parnaíba,-3.705742,-42.598008,10896
2206209,Miguel Alves,PI,Teresina,Teresina,-4.213392,-42.789158,33077
2206308,Miguel Leão,PI,Amarante - Água Branca - Regeneração,Teresina,-5.712850,-42.704617,1359
2206357,Milton Brandão,PI,Piripiri,Parnaíba,-4.769375,-41.497695,6719
2206407,Monsenhor Gil,PI,Teresina,Teresina,-5.610942,-42.613611,10514
2206506,Monsenhor Hipólito,PI,Picos,Picos,-6.978256,-41.033167,7772
2206605,Monte Alegre do Piauí,PI,Corrente,Corrente - Bom Jesus,-9.677195,-44.997564,10945
2206654,Morro Cabeça no Tempo,PI,Corrente,Corrente - Bom Jesus,-9.863663,-43.903000,4453
2206670,Morro do Chapéu do Piauí,PI,Esperantina,Parnaíba,-3.696817,-42.271983,6546
2206696,Murici dos Portelas,PI,Parnaíba,Parnaíba,-3.357950,-42.000391,10274
2206704,Nazaré do Piauí,PI,Floriano,Floriano,-7.092496,-42.696981,6668
2206720,Nazária,PI,Teresina,Teresina,-5.440733,-42.879661,11174
2206753,Nossa Senhora de Nazaré,PI,Campo Maior,Teresina,-4.659532,-42.192505,5634
2206803,Nossa Senhora dos Remédios,PI,Barras,Teresina,-4.035043,-42.625136,8767
2206902,Novo Oriente do Piauí,PI,Valença do Piauí,Teresina,-6.531284,-42.000637,6141
2206951,Novo Santo Antônio,PI,Teresina,Teresina,-5.296558,-41.913358,2889
2207009,Oeiras,PI,Oeiras,Picos,-6.948715,-42.175257,39275
2207108,Olho D'Água do Piauí,PI,Amarante - Água Branca - Regeneração,Teresina,-5.825750,-42.565356,2708
2207207,Padre Marcos,PI,Picos,Picos,-7.388287,-40.883707,6457
2207306,Paes Landim,PI,Simplício Mendes,Picos,-7.837033,-42.270300,4338
2207355,Pajeú do Piauí,PI,Canto do Buriti,Floriano,-7.929057,-42.878107,3024
2207405,Palmeira do Piauí,PI,Bom Jesus,Corrente - Bom Jesus,-8.575667,-44.394928,5046
2207504,Palmeirais,PI,Amarante - Água Branca - Regeneração,Teresina,-5.827062,-42.977644,13439
2207553,Paquetá,PI,Picos,Picos,-7.143605,-41.693137,3842
2207603,Parnaguá,PI,Corrente,Corrente - Bom Jesus,-10.261217,-44.567710,10276
2207702,Parnaíba,PI,Parnaíba,Parnaíba,-2.921533,-41.752062,171342
2207751,Passagem Franca do Piauí,PI,Amarante - Água Branca - Regeneração,Teresina,-5.890090,-42.418630,4223
2207777,Patos do Piauí,PI,Paulistana,Picos,-7.672230,-41.271770,5394
2207793,Pau D'Arco do Piauí,PI,Teresina,Teresina,-5.253665,-42.470229,3986
2207801,Paulistana,PI,Paulistana,Picos,-8.083539,-41.118585,21698
2207850,Pavussu,PI,Canto do Buriti,Floriano,-7.945146,-43.317146,3696
2207900,Pedro II,PI,Piripiri,Parnaíba,-4.489600,-41.400903,38978
2207934,Pedro Laurentino,PI,São João do Piauí,São Raimundo Nonato,-8.075622,-42.258859,2510
2207959,Nova Santa Rita,PI,São João do Piauí,São Raimundo Nonato,-8.092617,-42.043052,4141
2208007,Picos,PI,Picos,Picos,-7.065395,-41.510073,87129
2208106,Pimenteiras,PI,Valença do Piauí,Teresina,-6.345257,-41.297683,11471
2208205,Pio IX,PI,Picos,Picos,-6.785982,-40.676911,17949
2208304,Piracuruca,PI,Piripiri,Parnaíba,-3.831300,-41.661729,29801
2208403,Piripiri,PI,Piripiri,Parnaíba,-4.351847,-41.780220,68076
2208502,Porto,PI,Barras,Teresina,-3.945906,-42.701611,12332
2208551,Porto Alegre do Piauí,PI,Floriano,Floriano,-6.955965,-44.079019,2373
2208601,Prata do Piauí,PI,Amarante - Água Branca - Regeneração,Teresina,-5.716509,-42.163300,3094
2208650,Queimada Nova,PI,Paulistana,Picos,-8.519687,-41.350558,8958
2208700,Redenção do Gurguéia,PI,Bom Jesus,Corrente - Bom Jesus,-9.567400,-44.495060,8566
2208809,Regeneração,PI,Amarante - Água Branca - Regeneração,Teresina,-6.302058,-42.519379,17385
2208858,Riacho Frio,PI,Corrente,Corrente - Bom Jesus,-9.886837,-44.769770,4235
2208874,Ribeira do Piauí,PI,São João do Piauí,São Raimundo Nonato,-7.972577,-42.608815,4096
2208908,Ribeiro Gonçalves,PI,Uruçuí,Floriano,-7.982891,-45.361366,6151
2209005,Rio Grande do Piauí,PI,Canto do Buriti,Floriano,-7.813750,-43.131043,5824
2209104,Santa Cruz do Piauí,PI,Picos,Picos,-7.234074,-41.776100,6028
2209153,Santa Cruz dos Milagres,PI,Valença do Piauí,Teresina,-5.901056,-41.907284,3432
2209203,Santa Filomena,PI,Corrente,Corrente - Bom Jesus,-8.982586,-45.677544,6210
2209302,Santa Luz,PI,Bom Jesus,Corrente - Bom Jesus,-8.976029,-44.209293,5410
2209351,Santana do Piauí,PI,Picos,Picos,-6.910660,-41.540980,4114
2209377,Santa Rosa do Piauí,PI,Oeiras,Picos,-6.806789,-42.254650,4643
2209401,Santo Antônio de Lisboa,PI,Picos,Picos,-6.881395,-41.215190,5923
2209450,Santo Antônio dos Milagres,PI,Amarante - Água Branca - Regeneração,Teresina,-6.062283,-42.686133,2173
2209500,Santo Inácio do Piauí,PI,Oeiras,Picos,-7.485417,-41.986944,3632
2209559,São Braz do Piauí,PI,São Raimundo Nonato,São Raimundo Nonato,-8.939981,-42.996175,4457
2209609,São Félix do Piauí,PI,Amarante - Água Branca - Regeneração,Teresina,-5.913661,-42.118806,2874
2209658,São Francisco de Assis do Piauí,PI,Simplício Mendes,Picos,-8.205367,-41.568056,5722
2209708,São Francisco do Piauí,PI,Floriano,Floriano,-7.193060,-42.523513,5317
2209757,São Gonçalo do Gurguéia,PI,Corrente,Corrente - Bom Jesus,-10.103779,-45.360379,3033
2209807,São Gonçalo do Piauí,PI,Amarante - Água Branca - Regeneração,Teresina,-6.010109,-42.671264,4922
2209856,São João da Canabrava,PI,Picos,Picos,-6.711800,-41.400606,4287
2209872,São João da Fronteira,PI,Piripiri,Parnaíba,-3.961832,-41.244229,5601
2209906,São João da Serra,PI,Campo Maior,Teresina,-5.536678,-41.872089,6232
2209955,São João da Varjota,PI,Oeiras,Picos,-6.964079,-41.884014,4910
2209971,São João do Arraial,PI,Esperantina,Parnaíba,-3.807025,-42.453200,8535
2210003,São João do Piauí,PI,São João do Piauí,São Raimundo Nonato,-8.284784,-42.284713,22231
2210052,São José do Divino,PI,Piripiri,Parnaíba,-3.764008,-41.877046,5304
2210102,São José do Peixe,PI,Floriano,Floriano,-7.453128,-42.590866,3282
2210201,São José do Piauí,PI,Picos,Picos,-6.805031,-41.476019,6887
2210300,São Julião,PI,Picos,Picos,-7.095529,-40.826771,6130
2210359,São Lourenço do Piauí,PI,São Raimundo Nonato,São Raimundo Nonato,-9.131773,-42.482914,4497
2210375,São Luis do Piauí,PI,Picos,Picos,-6.779279,-41.266543,2265
2210383,São Miguel da Baixa Grande,PI,Amarante - Água Branca - Regeneração,Teresina,-5.805544,-42.266150,2295
2210391,São Miguel do Fidalgo,PI,Oeiras,Picos,-7.589720,-42.327393,2801
2210409,São Miguel do Tapuio,PI,Campo Maior,Teresina,-5.720165,-41.511349,17918
2210508,São Pedro do Piauí,PI,Amarante - Água Branca - Regeneração,Teresina,-5.833210,-42.768735,14065
2210607,São Raimundo Nonato,PI,São Raimundo Nonato,São Raimundo Nonato,-9.035193,-42.668435,41461
2210623,Sebastião Barros,PI,Corrente,Corrente - Bom Jesus,-10.651405,-44.841163,3194
2210631,Sebastião Leal,PI,Uruçuí,Floriano,-7.546213,-44.044873,4606
2210656,Sigefredo Pacheco,PI,Campo Maior,Teresina,-4.956648,-41.780952,9704
2210706,Simões,PI,Paulistana,Picos,-7.683873,-40.755764,14677
2210805,Simplício Mendes,PI,Simplício Mendes,Picos,-7.833348,-41.975523,14613
2210904,Socorro do Piauí,PI,Simplício Mendes,Picos,-7.887000,-42.461369,4148
2210938,Sussuapara,PI,Picos,Picos,-7.007125,-41.364175,6264
2210953,Tamboril do Piauí,PI,Canto do Buriti,Floriano,-8.494580,-43.051560,3050
2210979,Tanque do Piauí,PI,Oeiras,Picos,-6.667914,-42.270586,2306
2211001,Teresina,PI,Teresina,Teresina,-5.235682,-42.789137,908012
2211100,União,PI,Teresina,Teresina,-4.586864,-42.827243,48067
2211209,Uruçuí,PI,Uruçuí,Floriano,-7.473531,-44.553606,27031
2211308,Valença do Piauí,PI,Valença do Piauí,Teresina,-6.352184,-41.782512,23121
2211357,Várzea Branca,PI,São Raimundo Nonato,São Raimundo Nonato,-9.314391,-42.924300,5189
2211407,Várzea Grande,PI,Amarante - Água Branca - Regeneração,Teresina,-6.561242,-42.216775,4524
2211506,Vera Mendes,PI,Picos,Picos,-7.593458,-41.511567,3283
2211605,Vila Nova do Piauí,PI,Picos,Picos,-7.202530,-40.920670,2969
2211704,Wall Ferraz,PI,Picos,Picos,-7.278300,-41.883823,4185
2300101,Abaiara,CE,Brejo Santo,Juazeiro do Norte,-7.352067,-39.045933,10258
2300150,Acarape,CE,Redenção-Acarape,Fortaleza,-4.227355,-38.658245,14374
2300200,Acaraú,CE,Acaraú,Sobral,-2.992740,-40.099073,69848
2300309,Acopiara,CE,Iguatu,Iguatu,-6.109745,-39.473332,45673
2300408,Aiuaba,CE,Juazeiro do Norte,Juazeiro do Norte,-6.619054,-40.310609,14015
2300507,Alcântaras,CE,Sobral,Sobral,-3.590373,-40.535627,11834
2300606,Altaneira,CE,Juazeiro do Norte,Juazeiro do Norte,-6.989330,-39.691310,6977
2300705,Alto Santo,CE,Russas - Limoeiro do Norte,Quixadá,-5.522433,-38.268767,14327
2300754,Amontada,CE,Itapipoca,Fortaleza,-3.228290,-39.774407,44814
2300804,Antonina do Norte,CE,Juazeiro do Norte,Juazeiro do Norte,-6.757547,-39.992653,7529
2300903,Apuiarés,CE,Itapagé,Fortaleza,-3.962653,-39.333453,13167
2301000,Aquiraz,CE,Fortaleza,Fortaleza,-3.979024,-38.386400,85865
2301109,Aracati,CE,Aracati,Quixadá,-4.655156,-37.722285,79636
2301208,Aracoiaba,CE,Redenção-Acarape,Fortaleza,-4.480070,-38.690780,26806
2301257,Ararendá,CE,Crateús,Crateús,-4.776347,-40.759506,11576
2301307,Araripe,CE,Juazeiro do Norte,Juazeiro do Norte,-7.225209,-40.084968,20166
2301406,Aratuba,CE,Redenção-Acarape,Fortaleza,-4.412273,-39.024782,11396
2301505,Arneiroz,CE,Tauá,Crateús,-6.209082,-40.062832,7611
2301604,Assaré,CE,Juazeiro do Norte,Juazeiro do Norte,-6.915429,-39.847829,22180
2301703,Aurora,CE,Juazeiro do Norte,Juazeiro do Norte,-7.007757,-38.962465,24223
2301802,Baixio,CE,Icó,Iguatu,-6.716956,-38.767856,5810
2301851,Banabuiú,CE,Quixadá,Quixadá,-5.271222,-38.889847,17679
2301901,Barbalha,CE,Juazeiro do Norte,Juazeiro do Norte,-7.426406,-39.328875,82602
2301950,Barreira,CE,Redenção-Acarape,Fortaleza,-4.321157,-38.615357,23591
2302008,Barro,CE,Brejo Santo,Juazeiro do Norte,-7.130847,-38.752337,19474
2302057,Barroquinha,CE,Camocim,Sobral,-2.989944,-41.183283,15018
2302107,Baturité,CE,Redenção-Acarape,Fortaleza,-4.391355,-38.843925,37308
2302206,Beberibe,CE,Fortaleza,Fortaleza,-4.417571,-38.075311,56272
2302305,Bela Cruz,CE,Acaraú,Sobral,-3.056442,-40.290723,34776
2302404,Boa Viagem,CE,Canindé,Fortaleza,-5.065380,-39.834829,52100
2302503,Brejo Santo,CE,Brejo Santo,Juazeiro do Norte,-7.578065,-38.928240,54585
2302602,Camocim,CE,Camocim,Sobral,-2.941532,-40.811780,65459
2302701,Campos Sales,CE,Juazeiro do Norte,Juazeiro do Norte,-6.936354,-40.262408,26017
2302800,Canindé,CE,Canindé,Fortaleza,-4.400900,-39.468386,77536
2302909,Capistrano,CE,Redenção-Acarape,Fortaleza,-4.470031,-38.922063,17828
2303006,Caridade,CE,Canindé,Fortaleza,-4.195215,-39.102412,16058
2303105,Cariré,CE,Sobral,Sobral,-3.958632,-40.538347,18073
2303204,Caririaçu,CE,Juazeiro do Norte,Juazeiro do Norte,-7.017933,-39.269624,27579
2303303,Cariús,CE,Iguatu,Iguatu,-6.648773,-39.452973,17225
2303402,Carnaubal,CE,São Benedito - Ipu - Guaraciaba do Norte - Tianguá,Sobral,-4.134633,-41.034360,17869
2303501,Cascavel,CE,Fortaleza,Fortaleza,-4.239952,-38.305452,77340
2303600,Catarina,CE,Iguatu,Iguatu,-6.273272,-39.953978,8667
2303659,Catunda,CE,Sobral,Sobral,-4.610019,-40.182548,10909
2303709,Caucaia,CE,Fortaleza,Fortaleza,-3.774296,-38.802678,380944
2303808,Cedro,CE,Iguatu,Iguatu,-6.590217,-39.111525,22455
2303907,Chaval,CE,Camocim,Sobral,-3.069900,-41.234343,12816
2303931,Choró,CE,Quixadá,Quixadá,-4.754039,-39.190193,12325
2303956,Chorozinho,CE,Fortaleza,Fortaleza,-4.296373,-38.492809,20850
2304004,Coreaú,CE,Sobral,Sobral,-3.662914,-40.711205,21396
2304103,Crateús,CE,Crateús,Crateús,-5.245722,-40.750369,80435
2304202,Crato,CE,Juazeiro do Norte,Juazeiro do Norte,-7.271019,-39.462231,139781
2304236,Croatá,CE,São Benedito - Ipu - Guaraciaba do Norte - Tianguá,Sobral,-4.396706,-40.974319,18090
2304251,Cruz,CE,Acaraú,Sobral,-2.908071,-40.320676,32706
2304269,Deputado Irapuan Pinheiro,CE,Quixadá,Quixadá,-5.879906,-39.265971,9174
2304277,Ereré,CE,Russas - Limoeiro do Norte,Quixadá,-5.995742,-38.316411,6371
2304285,Eusébio,CE,Fortaleza,Fortaleza,-3.860857,-38.452986,83641
2304301,Farias Brito,CE,Juazeiro do Norte,Juazeiro do Norte,-6.917974,-39.547465,18442
2304350,Forquilha,CE,Sobral,Sobral,-3.829192,-40.254683,25460
2304400,Fortaleza,CE,Fortaleza,Fortaleza,-3.791864,-38.522393,2582360
2304459,Fortim,CE,Aracati,Quixadá,-4.451293,-37.853180,18365
2304509,Frecheirinha,CE,Sobral,Sobral,-3.724650,-40.817520,16663
2304608,General Sampaio,CE,Itapagé,Fortaleza,-4.078767,-39.456267,6934
2304657,Graça,CE,Sobral,Sobral,-4.057954,-40.777015,14179
2304707,Granja,CE,Camocim,Sobral,-3.265486,-40.989083,55975
2304806,Granjeiro,CE,Juazeiro do Norte,Juazeiro do Norte,-6.903380,-39.234550,4951
2304905,Groaíras,CE,Sobral,Sobral,-3.893389,-40.367556,11422
2304954,Guaiúba,CE,Fortaleza,Fortaleza,-4.106419,-38.652669,25227
2305001,Guaraciaba do Norte,CE,São Benedito - Ipu - Guaraciaba do Norte - Tianguá,Sobral,-4.227277,-40.896908,44823
2305100,Guaramiranga,CE,Redenção-Acarape,Fortaleza,-4.256000,-38.952533,5833
2305209,Hidrolândia,CE,Sobral,Sobral,-4.472070,-40.410974,18148
2305233,Horizonte,CE,Fortaleza,Fortaleza,-4.099988,-38.481125,82325
2305266,Ibaretama,CE,Quixadá,Quixadá,-4.764171,-38.720246,12109
2305308,Ibiapina,CE,São Benedito - Ipu - Guaraciaba do Norte - Tianguá,Sobral,-3.956322,-41.001330,24727
2305332,Ibicuitinga,CE,Quixadá,Quixadá,-4.979088,-38.561363,12036
2305357,Icapuí,CE,Aracati,Quixadá,-4.725700,-37.425146,22747
2305407,Icó,CE,Icó,Iguatu,-6.385009,-38.796134,64691
2305506,Iguatu,CE,Iguatu,Iguatu,-6.345163,-39.262160,102907
2305605,Independência,CE,Crateús,Crateús,-5.496456,-40.337141,24400
2305654,Ipaporanga,CE,Crateús,Crateús,-4.880667,-40.791362,11988
2305704,Ipaumirim,CE,Icó,Iguatu,-6.803587,-38.741706,12476
2305803,Ipu,CE,São Benedito - Ipu - Guaraciaba do Norte - Tianguá,Sobral,-4.380696,-40.670960,43193
2305902,Ipueiras,CE,São Benedito - Ipu - Guaraciaba do Norte - Tianguá,Sobral,-4.573434,-40.866007,38289
2306009,Iracema,CE,Russas - Limoeiro do Norte,Quixadá,-5.799638,-38.324429,14467
2306108,Irauçuba,CE,Itapagé,Fortaleza,-3.868434,-39.816828,24977
2306207,Itaiçaba,CE,Aracati,Quixadá,-4.707655,-37.820973,7821
2306256,Itaitinga,CE,Fortaleza,Fortaleza,-4.007892,-38.548708,74250
2306306,Itapajé,CE,Itapagé,Fortaleza,-3.755305,-39.557905,49061
2306405,Itapipoca,CE,Itapipoca,Fortaleza,-3.382291,-39.589274,137795
2306504,Itapiúna,CE,Redenção-Acarape,Fortaleza,-4.599280,-38.951316,18168
2306553,Itarema,CE,Acaraú,Sobral,-3.065680,-39.897200,46219
2306603,Itatira,CE,Canindé,Fortaleza,-4.637809,-39.562882,21230
2306702,Jaguaretama,CE,Russas - Limoeiro do Norte,Quixadá,-5.490085,-38.727381,17584
2306801,Jaguaribara,CE,Russas - Limoeiro do Norte,Quixadá,-5.599143,-38.515157,10680
2306900,Jaguaribe,CE,Russas - Limoeiro do Norte,Quixadá,-5.984911,-38.707520,35161
2307007,Jaguaruana,CE,Aracati,Quixadá,-4.868354,-37.775562,33159
2307106,Jardim,CE,Juazeiro do Norte,Juazeiro do Norte,-7.615629,-39.229186,28891
2307205,Jati,CE,Brejo Santo,Juazeiro do Norte,-7.723438,-39.000044,8127
2307254,Jijoca de Jericoacoara,CE,Acaraú,Sobral,-2.894900,-40.490393,28707
2307304,Juazeiro do Norte,CE,Juazeiro do Norte,Juazeiro do Norte,-7.171045,-39.290491,307928
2307403,Jucás,CE,Iguatu,Iguatu,-6.459575,-39.604542,24655
2307502,Lavras da Mangabeira,CE,Juazeiro do Norte,Juazeiro do Norte,-6.760604,-39.000572,32201
2307601,Limoeiro do Norte,CE,Russas - Limoeiro do Norte,Quixadá,-5.170485,-38.061515,62945
2307635,Madalena,CE,Canindé,Fortaleza,-4.848353,-39.490807,17207
2307650,Maracanaú,CE,Fortaleza,Fortaleza,-3.891160,-38.629800,253442
2307700,Maranguape,CE,Fortaleza,Fortaleza,-3.995600,-38.794495,108323
2307809,Marco,CE,Acaraú,Sobral,-3.178267,-40.280871,27283
2307908,Martinópole,CE,Sobral,Sobral,-3.189956,-40.646200,11326
2308005,Massapê,CE,Sobral,Sobral,-3.490783,-40.386270,40037
2308104,Mauriti,CE,Brejo Santo,Juazeiro do Norte,-7.426226,-38.678453,47592
2308203,Meruoca,CE,Sobral,Sobral,-3.575425,-40.456300,15952
2308302,Milagres,CE,Brejo Santo,Juazeiro do Norte,-7.271789,-38.948205,26779
2308351,Milhã,CE,Quixadá,Quixadá,-5.654192,-39.193092,14787
2308377,Miraíma,CE,Itapipoca,Fortaleza,-3.591314,-39.916314,14912
2308401,Missão Velha,CE,Juazeiro do Norte,Juazeiro do Norte,-7.298258,-39.147433,39215
2308500,Mombaça,CE,Iguatu,Iguatu,-5.820793,-39.771570,38264
2308609,Monsenhor Tabosa,CE,Crateús,Crateús,-4.932660,-40.059328,17675
2308708,Morada Nova,CE,Russas - Limoeiro do Norte,Quixadá,-4.948455,-38.455351,65453
2308807,Moraújo,CE,Sobral,Sobral,-3.457935,-40.676520,8557
2308906,Morrinhos,CE,Sobral,Sobral,-3.298978,-40.149756,23880
2309003,Mucambo,CE,Sobral,Sobral,-3.902422,-40.767672,13988
2309102,Mulungu,CE,Redenção-Acarape,Fortaleza,-4.321870,-38.994960,11131
2309201,Nova Olinda,CE,Juazeiro do Norte,Juazeiro do Norte,-7.066182,-39.681482,16126
2309300,Nova Russas,CE,Crateús,Crateús,-4.703771,-40.549336,32089
2309409,Novo Oriente,CE,Crateús,Crateús,-5.588394,-40.744587,29148
2309458,Ocara,CE,Redenção-Acarape,Fortaleza,-4.539650,-38.513660,25322
2309508,Orós,CE,Icó,Iguatu,-6.258575,-38.970375,19871
2309607,Pacajus,CE,Fortaleza,Fortaleza,-4.198378,-38.523411,76051
2309706,Pacatuba,CE,Fortaleza,Fortaleza,-3.970611,-38.610711,87219
2309805,Pacoti,CE,Redenção-Acarape,Fortaleza,-4.195520,-38.911900,11402
2309904,Pacujá,CE,Sobral,Sobral,-3.993362,-40.688325,6351
2310001,Palhano,CE,Russas - Limoeiro do Norte,Quixadá,-4.695929,-38.024147,9745
2310100,Palmácia,CE,Fortaleza,Fortaleza,-4.128967,-38.837875,10169
2310209,Paracuru,CE,Fortaleza,Fortaleza,-3.486457,-39.053793,42317
2310258,Paraipaba,CE,Fortaleza,Fortaleza,-3.426633,-39.167075,34266
2310308,Parambu,CE,Tauá,Crateús,-6.275335,-40.605105,32916
2310407,Paramoti,CE,Canindé,Fortaleza,-4.134767,-39.352214,10399
2310506,Pedra Branca,CE,Quixadá,Quixadá,-5.503589,-39.864011,42198
2310605,Penaforte,CE,Brejo Santo,Juazeiro do Norte,-7.783175,-39.044958,9403
2310704,Pentecoste,CE,Itapagé,Fortaleza,-3.855054,-39.179996,40081
2310803,Pereiro,CE,Russas - Limoeiro do Norte,Quixadá,-6.023727,-38.485532,15848
2310852,Pindoretama,CE,Fortaleza,Fortaleza,-4.056450,-38.305813,25214
2310902,Piquet Carneiro,CE,Iguatu,Iguatu,-5.862287,-39.438175,17363
2310951,Pires Ferreira,CE,São Benedito - Ipu - Guaraciaba do Norte - Tianguá,Sobral,-4.254658,-40.583675,11014
2311009,Poranga,CE,Crateús,Crateús,-4.802033,-41.083617,12458
2311108,Porteiras,CE,Brejo Santo,Juazeiro do Norte,-7.544956,-39.105756,18002
2311207,Potengi,CE,Juazeiro do Norte,Juazeiro do Norte,-7.070800,-40.028057,8786
2311231,Potiretama,CE,Russas - Limoeiro do Norte,Quixadá,-5.757576,-38.164535,6126
2311264,Quiterianópolis,CE,Crateús,Crateús,-5.896664,-40.756918,20580
2311306,Quixadá,CE,Quixadá,Quixadá,-4.939427,-38.917771,89190
2311355,Quixelô,CE,Iguatu,Iguatu,-6.173123,-39.127264,17004
2311405,Quixeramobim,CE,Quixadá,Quixadá,-5.185320,-39.326509,87030
2311504,Quixeré,CE,Russas - Limoeiro do Norte,Quixadá,-5.097487,-37.874488,21707
2311603,Redenção,CE,Redenção-Acarape,Fortaleza,-4.263765,-38.754894,28405
2311702,Reriutaba,CE,Sobral,Sobral,-4.117736,-40.596364,19043
2311801,Russas,CE,Russas - Limoeiro do Norte,Quixadá,-4.847543,-38.126707,75073
2311900,Saboeiro,CE,Iguatu,Iguatu,-6.474079,-39.874865,13854
2311959,Salitre,CE,Juazeiro do Norte,Juazeiro do Norte,-7.173065,-40.313581,17381
2312007,Santana do Acaraú,CE,Sobral,Sobral,-3.479678,-40.169593,32218
2312106,Santana do Cariri,CE,Juazeiro do Norte,Juazeiro do Norte,-7.219479,-39.767458,17393
2312205,Santa Quitéria,CE,Sobral,Sobral,-4.383923,-39.996477,41496
2312304,São Benedito,CE,São Benedito - Ipu - Guaraciaba do Norte - Tianguá,Sobral,-4.056168,-40.981596,50274
2312403,São Gonçalo do Amarante,CE,Fortaleza,Fortaleza,-3.583083,-39.045488,58848
2312502,São João do Jaguaribe,CE,Russas - Limoeiro do Norte,Quixadá,-5.321671,-38.285564,5579
2312601,São Luís do Curu,CE,Fortaleza,Fortaleza,-3.655522,-39.256589,10818
2312700,Senador Pompeu,CE,Quixadá,Quixadá,-5.588208,-39.472042,25076
2312809,Senador Sá,CE,Sobral,Sobral,-3.293717,-40.475730,7581
2312908,Sobral,CE,Sobral,Sobral,-3.795363,-40.225439,217690
2313005,Solonópole,CE,Quixadá,Quixadá,-5.836342,-38.984942,18831
2313104,Tabuleiro do Norte,CE,Russas - Limoeiro do Norte,Quixadá,-5.381141,-38.019830,32196
2313203,Tamboril,CE,Crateús,Crateús,-4.906097,-40.307355,25314
2313252,Tarrafas,CE,Juazeiro do Norte,Juazeiro do Norte,-6.731700,-39.739011,7525
2313302,Tauá,CE,Tauá,Crateús,-5.899352,-40.252470,65035
2313351,Tejuçuoca,CE,Itapagé,Fortaleza,-3.935273,-39.567109,17665
2313401,Tianguá,CE,São Benedito - Ipu - Guaraciaba do Norte - Tianguá,Sobral,-3.693307,-41.020359,87757
2313500,Trairi,CE,Itapipoca,Fortaleza,-3.349528,-39.359284,62466
2313559,Tururu,CE,Itapipoca,Fortaleza,-3.576293,-39.419760,16720
2313609,Ubajara,CE,São Benedito - Ipu - Guaraciaba do Norte - Tianguá,Sobral,-3.869614,-41.012310,34531
2313708,Umari,CE,Icó,Iguatu,-6.602842,-38.729537,6934
2313757,Umirim,CE,Itapipoca,Fortaleza,-3.685519,-39.378800,17701
2313807,Uruburetama,CE,Itapipoca,Fortaleza,-3.617938,-39.515588,22460
2313906,Uruoca,CE,Sobral,Sobral,-3.344852,-40.670214,14369
2313955,Varjota,CE,Sobral,Sobral,-4.165782,-40.497091,18754
2314003,Várzea Alegre,CE,Juazeiro do Norte,Juazeiro do Norte,-6.747000,-39.308081,40980
2314102,Viçosa do Ceará,CE,São Benedito - Ipu - Guaraciaba do Norte - Tianguá,Sobral,-3.552432,-41.150141,63316
2400109,Acari,RN,Currais Novos,Caicó,-6.417021,-36.657884,10846
2400208,Assú,RN,Açu,Mossoró,-5.598364,-36.968028,59278
2400307,Afonso Bezerra,RN,Açu,Mossoró,-5.471025,-36.645867,11165
2400406,Água Nova,RN,Pau dos Ferros,Mossoró,-6.203043,-38.307886,3030
2400505,Alexandria,RN,Pau dos Ferros,Mossoró,-6.355567,-37.981872,14073
2400604,Almino Afonso,RN,Pau dos Ferros,Mossoró,-6.147592,-37.762108,4799
2400703,Alto do Rodrigues,RN,Açu,Mossoró,-5.368786,-36.714100,12890
2400802,Angicos,RN,Açu,Mossoró,-5.661038,-36.547738,11997
2400901,Antônio Martins,RN,Pau dos Ferros,Mossoró,-6.218713,-37.929147,6722
2401008,Apodi,RN,Mossoró,Mossoró,-5.649355,-37.855252,37574
2401107,Areia Branca,RN,Mossoró,Mossoró,-5.003760,-37.035840,24573
2401206,Arez,RN,Canguaretama,Natal,-6.190740,-35.194160,13703
2401305,Campo Grande,RN,Mossoró,Mossoró,-5.914489,-37.318406,10094
2401404,Baía Formosa,RN,Canguaretama,Natal,-6.431714,-35.044114,9131
2401453,Baraúna,RN,Mossoró,Mossoró,-5.069133,-37.637242,28552
2401503,Barcelona,RN,São Paulo do Potengi,Natal,-5.971767,-35.924811,4112
2401602,Bento Fernandes,RN,Natal,Natal,-5.665493,-35.799693,4903
2401651,Bodó,RN,Currais Novos,Caicó,-5.952643,-36.426686,2357
2401701,Bom Jesus,RN,Natal,Natal,-6.013357,-35.584786,10335
2401800,Brejinho,RN,Natal,Natal,-6.220780,-35.379280,12670
2401859,Caiçara do Norte,RN,João Câmara,Natal,-5.214150,-36.082200,6483
2401909,Caiçara do Rio do Vento,RN,São Paulo do Potengi,Natal,-5.770762,-35.999569,3361
2402006,Caicó,RN,Caicó,Caicó,-6.470693,-37.046875,63338
2402105,Campo Redondo,RN,Santa Cruz,Natal,-6.235990,-36.207590,10515
2402204,Canguaretama,RN,Canguaretama,Natal,-6.370026,-35.128543,30773
2402303,Caraúbas,RN,Mossoró,Mossoró,-5.780700,-37.578063,20202
2402402,Carnaúba dos Dantas,RN,Currais Novos,Caicó,-6.557113,-36.550400,8324
2402501,Carnaubais,RN,Açu,Mossoró,-5.272606,-36.860894,10042
2402600,Ceará-Mirim,RN,Natal,Natal,-5.611026,-35.413084,83662
2402709,Cerro Corá,RN,Currais Novos,Caicó,-5.990794,-36.342800,11345
2402808,Coronel Ezequiel,RN,Santa Cruz,Natal,-6.358800,-36.195589,5226
2402907,Coronel João Pessoa,RN,Pau dos Ferros,Mossoró,-6.252664,-38.421527,4279
2403004,Cruzeta,RN,Caicó,Caicó,-6.359507,-36.822500,8253
2403103,Currais Novos,RN,Currais Novos,Caicó,-6.226148,-36.458757,42915
2403202,Doutor Severiano,RN,Pau dos Ferros,Mossoró,-6.106560,-38.399100,7271
2403251,Parnamirim,RN,Natal,Natal,-5.926173,-35.212518,273952
2403301,Encanto,RN,Pau dos Ferros,Mossoró,-6.132720,-38.316990,6323
2403400,Equador,RN,Caicó,Caicó,-6.874471,-36.661941,5447
2403509,Espírito Santo,RN,Canguaretama,Natal,-6.320380,-35.300090,10964
2403608,Extremoz,RN,Natal,Natal,-5.694478,-35.269556,70452
2403707,Felipe Guerra,RN,Mossoró,Mossoró,-5.523613,-37.658113,6485
2403756,Fernando Pedroza,RN,Açu,Mossoró,-5.752733,-36.405042,3041
2403806,Florânia,RN,Currais Novos,Caicó,-6.180750,-36.827605,10582
2403905,Francisco Dantas,RN,Pau dos Ferros,Mossoró,-6.049936,-38.113264,2753
2404002,Frutuoso Gomes,RN,Pau dos Ferros,Mossoró,-6.163800,-37.834800,4229
2404101,Galinhos,RN,João Câmara,Natal,-5.141510,-36.219240,2159
2404200,Goianinha,RN,Canguaretama,Natal,-6.281683,-35.213775,28616
2404309,Governador Dix-Sept Rosado,RN,Mossoró,Mossoró,-5.412222,-37.562817,12223
2404408,Grossos,RN,Mossoró,Mossoró,-4.955218,-37.199255,10308
2404507,Guamaré,RN,Açu,Mossoró,-5.169522,-36.339333,16197
2404606,Ielmo Marinho,RN,Natal,Natal,-5.769964,-35.544950,11877
2404705,Ipanguaçu,RN,Açu,Mossoró,-5.544000,-36.811350,14580
2404804,Ipueira,RN,Caicó,Caicó,-6.777042,-37.188600,2090
2404853,Itajá,RN,Açu,Mossoró,-5.679218,-36.815200,7570
2404903,Itaú,RN,Mossoró,Mossoró,-5.822683,-37.927083,5441
2405009,Jaçanã,RN,Santa Cruz,Natal,-6.412022,-36.196056,8055
2405108,Jandaíra,RN,João Câmara,Natal,-5.377338,-36.111485,6756
2405207,Janduís,RN,Mossoró,Mossoró,-5.990177,-37.471715,4794
2405306,Januário Cicco,RN,Santo Antônio - Passa e Fica - Nova Cruz,Natal,-6.144988,-35.603035,8848
2405405,Japi,RN,Santa Cruz,Natal,-6.429267,-35.889592,5207
2405504,Jardim de Angicos,RN,João Câmara,Natal,-5.650012,-35.987400,2483
2405603,Jardim de Piranhas,RN,Caicó,Caicó,-6.299806,-37.273900,14474
2405702,Jardim do Seridó,RN,Caicó,Caicó,-6.593293,-36.796500,11933
2405801,João Câmara,RN,João Câmara,Natal,-5.510300,-35.862308,34925
2405900,João Dias,RN,Pau dos Ferros,Mossoró,-6.279880,-37.830860,2054
2406007,José da Penha,RN,Pau dos Ferros,Mossoró,-6.349373,-38.284891,5967
2406106,Jucurutu,RN,Caicó,Caicó,-6.036086,-37.004779,18320
2406155,Jundiá,RN,Natal,Natal,-6.245786,-35.340614,3877
2406205,Lagoa d'Anta,RN,Santo Antônio - Passa e Fica - Nova Cruz,Natal,-6.380390,-35.621120,6776
2406304,Lagoa de Pedras,RN,Santo Antônio - Passa e Fica - Nova Cruz,Natal,-6.190236,-35.473164,7615
2406403,Lagoa de Velhos,RN,São Paulo do Potengi,Natal,-6.016667,-35.847317,2629
2406502,Lagoa Nova,RN,Currais Novos,Caicó,-6.100515,-36.510954,16274
2406601,Lagoa Salgada,RN,Natal,Natal,-6.148962,-35.492875,8692
2406700,Lajes,RN,Açu,Mossoró,-5.679670,-36.182735,10082
2406809,Lajes Pintadas,RN,Santa Cruz,Natal,-6.150767,-36.158011,4960
2406908,Lucrécia,RN,Pau dos Ferros,Mossoró,-6.100814,-37.829486,3573
2407005,Luís Gomes,RN,Pau dos Ferros,Mossoró,-6.380693,-38.408629,9257
2407104,Macaíba,RN,Natal,Natal,-5.909486,-35.425750,87634
2407203,Macau,RN,Açu,Mossoró,-5.179585,-36.537005,28318
2407252,Major Sales,RN,Pau dos Ferros,Mossoró,-6.402860,-38.322860,4104
2407302,Marcelino Vieira,RN,Pau dos Ferros,Mossoró,-6.281086,-38.162064,8075
2407401,Martins,RN,Pau dos Ferros,Mossoró,-6.089679,-37.903493,8420
2407500,Maxaranguape,RN,Natal,Natal,-5.465462,-35.362700,10535
2407609,Messias Targino,RN,Mossoró,Mossoró,-6.074485,-37.448569,4417
2407708,Montanhas,RN,Canguaretama,Natal,-6.500671,-35.276243,11794
2407807,Monte Alegre,RN,Natal,Natal,-6.104067,-35.413193,24055
2407906,Monte das Gameleiras,RN,Santo Antônio - Passa e Fica - Nova Cruz,Natal,-6.432486,-35.814000,2347
2408003,Mossoró,RN,Mossoró,Mossoró,-5.118264,-37.295279,279100
2408102,Natal,RN,Natal,Natal,-5.812621,-35.236029,783196
2408201,Nísia Floresta,RN,Natal,Natal,-6.044369,-35.188438,34674
2408300,Nova Cruz,RN,Santo Antônio - Passa e Fica - Nova Cruz,Natal,-6.454137,-35.445631,35514
2408409,Olho d'Água do Borges,RN,Pau dos Ferros,Mossoró,-5.985645,-37.718236,3725
2408508,Ouro Branco,RN,Caicó,Caicó,-6.669946,-36.919962,5095
2408607,Paraná,RN,Pau dos Ferros,Mossoró,-6.447944,-38.284944,4050
2408706,Paraú,RN,Açu,Mossoró,-5.780940,-37.135060,3642
2408805,Parazinho,RN,João Câmara,Natal,-5.288150,-35.936560,4949
2408904,Parelhas,RN,Caicó,Caicó,-6.728333,-36.627750,22300
2408953,Rio do Fogo,RN,Natal,Natal,-5.361925,-35.382700,10711
2409100,Passa e Fica,RN,Santo Antônio - Passa e Fica - Nova Cruz,Natal,-6.449286,-35.621857,11407
2409209,Passagem,RN,Santo Antônio - Passa e Fica - Nova Cruz,Natal,-6.276733,-35.392067,3244
2409308,Patu,RN,Pau dos Ferros,Mossoró,-6.083414,-37.633350,11186
2409332,Santa Maria,RN,São Paulo do Potengi,Natal,-5.802056,-35.708956,5006
2409407,Pau dos Ferros,RN,Pau dos Ferros,Mossoró,-6.125947,-38.169387,32259
2409506,Pedra Grande,RN,João Câmara,Natal,-5.132340,-35.854840,3743
2409605,Pedra Preta,RN,João Câmara,Natal,-5.508660,-36.100270,2491
2409704,Pedro Avelino,RN,João Câmara,Natal,-5.449900,-36.313040,6281
2409803,Pedro Velho,RN,Canguaretama,Natal,-6.466517,-35.240158,14196
2409902,Pendências,RN,Açu,Mossoró,-5.289746,-36.621785,12464
2410009,Pilões,RN,Pau dos Ferros,Mossoró,-6.291414,-38.023057,2976
2410108,Poço Branco,RN,Natal,Natal,-5.591525,-35.681900,12514
2410207,Portalegre,RN,Pau dos Ferros,Mossoró,-6.023644,-38.011078,7875
2410256,Porto do Mangue,RN,Açu,Mossoró,-5.100444,-36.850425,5345
2410306,Serra Caiada,RN,Santo Antônio - Passa e Fica - Nova Cruz,Natal,-6.110350,-35.737614,11257
2410405,Pureza,RN,Natal,Natal,-5.422647,-35.592360,10283
2410504,Rafael Fernandes,RN,Pau dos Ferros,Mossoró,-6.197733,-38.229333,5714
2410603,Rafael Godeiro,RN,Pau dos Ferros,Mossoró,-6.066822,-37.733633,3002
2410702,Riacho da Cruz,RN,Pau dos Ferros,Mossoró,-5.923075,-37.961042,2708
2410801,Riacho de Santana,RN,Pau dos Ferros,Mossoró,-6.271900,-38.320425,4247
2410900,Riachuelo,RN,São Paulo do Potengi,Natal,-5.815270,-35.861580,7663
2411007,Rodolfo Fernandes,RN,Mossoró,Mossoró,-5.879173,-38.085427,4342
2411056,Tibau,RN,Mossoró,Mossoró,-4.899091,-37.316627,5816
2411106,Ruy Barbosa,RN,São Paulo do Potengi,Natal,-5.859183,-35.950833,3241
2411205,Santa Cruz,RN,Santa Cruz,Natal,-6.252306,-36.025165,39198
2411403,Santana do Matos,RN,Açu,Mossoró,-5.887606,-36.598100,12700
2411429,Santana do Seridó,RN,Caicó,Caicó,-6.734762,-36.757854,2804
2411502,Santo Antônio,RN,Santo Antônio - Passa e Fica - Nova Cruz,Natal,-6.337435,-35.502253,22807
2411601,São Bento do Norte,RN,João Câmara,Natal,-5.158900,-35.984871,3457
2411700,São Bento do Trairí,RN,Santa Cruz,Natal,-6.401556,-36.049878,3888
2411809,São Fernando,RN,Caicó,Caicó,-6.303169,-37.141538,3612
2411908,São Francisco do Oeste,RN,Pau dos Ferros,Mossoró,-5.988778,-38.173467,4333
2412005,São Gonçalo do Amarante,RN,Natal,Natal,-5.781177,-35.341085,125691
2412104,São João do Sabugi,RN,Caicó,Caicó,-6.692743,-37.187450,6142
2412203,São José de Mipibu,RN,Natal,Natal,-6.084589,-35.304761,50386
2412302,São José do Campestre,RN,Santo Antônio - Passa e Fica - Nova Cruz,Natal,-6.293179,-35.734564,11259
2412401,São José do Seridó,RN,Caicó,Caicó,-6.493156,-36.870178,4748
2412500,São Miguel,RN,Pau dos Ferros,Mossoró,-6.214467,-38.460600,24509
2412559,São Miguel do Gostoso,RN,Natal,Natal,-5.203618,-35.722536,10679
2412609,São Paulo do Potengi,RN,São Paulo do Potengi,Natal,-5.921700,-35.761782,17419
2412708,São Pedro,RN,São Paulo do Potengi,Natal,-5.889610,-35.622070,5877
2412807,São Rafael,RN,Açu,Mossoró,-5.835287,-36.886767,7879
2412906,São Tomé,RN,São Paulo do Potengi,Natal,-5.986914,-36.132833,10136
2413003,São Vicente,RN,Currais Novos,Caicó,-6.213769,-36.656700,6546
2413102,Senador Elói de Souza,RN,São Paulo do Potengi,Natal,-6.036767,-35.700375,6046
2413201,Senador Georgino Avelino,RN,Natal,Natal,-6.161300,-35.123300,4210
2413300,Serra de São Bento,RN,Santo Antônio - Passa e Fica - Nova Cruz,Natal,-6.433971,-35.703857,5869
2413359,Serra do Mel,RN,Mossoró,Mossoró,-5.124400,-37.016005,13935
2413409,Serra Negra do Norte,RN,Caicó,Caicó,-6.588059,-37.356353,7799
2413508,Serrinha,RN,Santo Antônio - Passa e Fica - Nova Cruz,Natal,-6.251530,-35.562170,6608
2413557,Serrinha dos Pintos,RN,Pau dos Ferros,Mossoró,-6.145233,-37.991800,4818
2413607,Severiano Melo,RN,Mossoró,Mossoró,-5.793450,-37.975567,5610
2413706,Sítio Novo,RN,Santa Cruz,Natal,-6.096978,-35.943633,4736
2413805,Taboleiro Grande,RN,Pau dos Ferros,Mossoró,-5.928223,-38.038677,2411
2413904,Taipu,RN,Natal,Natal,-5.609207,-35.576513,11701
2414001,Tangará,RN,Santa Cruz,Natal,-6.201942,-35.797833,13565
2414100,Tenente Ananias,RN,Pau dos Ferros,Mossoró,-6.444982,-38.170991,10632
2414159,Tenente Laurentino Cruz,RN,Currais Novos,Caicó,-6.168213,-36.713725,6183
2414209,Tibau do Sul,RN,Canguaretama,Natal,-6.251717,-35.088083,18302
2414308,Timbaúba dos Batistas,RN,Caicó,Caicó,-6.475187,-37.241500,2428
2414407,Touros,RN,Natal,Natal,-5.283965,-35.593325,34412
2414456,Triunfo Potiguar,RN,Açu,Mossoró,-5.915770,-37.137650,3480
2414506,Umarizal,RN,Pau dos Ferros,Mossoró,-5.997285,-37.839777,10639
2414605,Upanema,RN,Mossoró,Mossoró,-5.639355,-37.287900,14080
2414704,Várzea,RN,Santo Antônio - Passa e Fica - Nova Cruz,Natal,-6.337340,-35.363920,5391
2414753,Venha-Ver,RN,Pau dos Ferros,Mossoró,-6.327200,-38.525430,2976
2414803,Vera Cruz,RN,Natal,Natal,-6.045556,-35.461856,11061
2414902,Viçosa,RN,Pau dos Ferros,Mossoró,-5.979767,-37.947333,1909
2415008,Vila Flor,RN,Canguaretama,Natal,-6.302286,-35.076914,3318
2500106,Água Branca,PB,Patos,Patos,-7.470267,-37.665640,9582
2500205,Aguiar,PB,Itaporanga,Patos,-7.087000,-38.239469,4993
2500304,Alagoa Grande,PB,Campina Grande,Campina Grande,-7.050380,-35.603693,26544
2500403,Alagoa Nova,PB,Campina Grande,Campina Grande,-7.060236,-35.770455,21916
2500502,Alagoinha,PB,Guarabira,João Pessoa,-6.947789,-35.542867,14159
2500536,Alcantil,PB,Campina Grande,Campina Grande,-7.699592,-36.075650,5833
2500577,Algodão de Jandaíra,PB,Campina Grande,Campina Grande,-6.879712,-35.931353,3179
2500601,Alhandra,PB,João Pessoa,João Pessoa,-7.351131,-34.939008,23318
2500700,São João do Rio do Peixe,PB,Cajazeiras,Sousa - Cajazeiras,-6.734377,-38.428200,18531
2500734,Amparo,PB,Sumé,Campina Grande,-7.560633,-37.040122,2340
2500775,Aparecida,PB,Sousa,Sousa - Cajazeiras,-6.785144,-38.065083,8286
2500809,Araçagi,PB,Guarabira,João Pessoa,-6.850424,-35.358006,16972
2500908,Arara,PB,Guarabira,João Pessoa,-6.858392,-35.740942,12469
2501005,Araruna,PB,Guarabira,João Pessoa,-6.526469,-35.740812,17282
2501104,Areia,PB,Campina Grande,Campina Grande,-6.945288,-35.707894,22983
2501153,Areia de Baraúnas,PB,Patos,Patos,-7.108280,-36.972270,2017
2501203,Areial,PB,Campina Grande,Campina Grande,-7.053714,-35.931114,7473
2501302,Aroeiras,PB,Campina Grande,Campina Grande,-7.526075,-35.729669,19136
2501351,Assunção,PB,Campina Grande,Campina Grande,-7.067190,-36.709790,4423
2501401,Baía da Traição,PB,Mamanguape - Rio Tinto,João Pessoa,-6.677011,-34.975911,9830
2501500,Bananeiras,PB,Guarabira,João Pessoa,-6.691462,-35.597862,24271
2501534,Baraúna,PB,Cuité - Nova Floresta,Campina Grande,-6.639443,-36.253214,5050
2501575,Barra de Santana,PB,Campina Grande,Campina Grande,-7.577718,-35.978953,8241
2501609,Barra de Santa Rosa,PB,Cuité - Nova Floresta,Campina Grande,-6.768256,-36.026281,12959
2501708,Barra de São Miguel,PB,Campina Grande,Campina Grande,-7.695078,-36.258535,6144
2501807,Bayeux,PB,João Pessoa,João Pessoa,-7.126029,-34.918129,83351
2501906,Belém,PB,Guarabira,João Pessoa,-6.704900,-35.492218,16682
2502003,Belém do Brejo do Cruz,PB,Catolé do Rocha - São Bento,Patos,-6.163238,-37.384796,6223
2502052,Bernardino Batista,PB,Sousa,Sousa - Cajazeiras,-6.487100,-38.560570,3704
2502102,Boa Ventura,PB,Itaporanga,Patos,-7.429314,-38.190571,5217
2502151,Boa Vista,PB,Campina Grande,Campina Grande,-7.271529,-36.203421,6608
2502201,Bom Jesus,PB,Cajazeiras,Sousa - Cajazeiras,-6.825814,-38.633343,2323
2502300,Bom Sucesso,PB,Catolé do Rocha - São Bento,Patos,-6.484610,-37.957850,4701
2502409,Bonito de Santa Fé,PB,Cajazeiras,Sousa - Cajazeiras,-7.285800,-38.477893,10407
2502508,Boqueirão,PB,Campina Grande,Campina Grande,-7.493419,-36.137106,18276
2502607,Igaracy,PB,Itaporanga,Patos,-7.170691,-38.123718,5696
2502706,Borborema,PB,Guarabira,João Pessoa,-6.786217,-35.581517,4142
2502805,Brejo do Cruz,PB,Catolé do Rocha - São Bento,Patos,-6.308521,-37.479693,14137
2502904,Brejo dos Santos,PB,Catolé do Rocha - São Bento,Patos,-6.388029,-37.848700,5793
2503001,Caaporã,PB,João Pessoa,João Pessoa,-7.480012,-34.932100,22014
2503100,Cabaceiras,PB,Campina Grande,Campina Grande,-7.452433,-36.261433,5557
2503209,Cabedelo,PB,João Pessoa,João Pessoa,-7.050625,-34.851800,71364
2503308,Cachoeira dos Índios,PB,Cajazeiras,Sousa - Cajazeiras,-6.953636,-38.689618,9319
2503407,Cacimba de Areia,PB,Patos,Patos,-7.148475,-37.174033,3334
2503506,Cacimba de Dentro,PB,Guarabira,João Pessoa,-6.633064,-35.797255,16293
2503555,Cacimbas,PB,Patos,Patos,-7.217320,-37.093440,7546
2503605,Caiçara,PB,Guarabira,João Pessoa,-6.599580,-35.410280,6657
2503704,Cajazeiras,PB,Cajazeiras,Sousa - Cajazeiras,-6.938669,-38.549237,66976
2503753,Cajazeirinhas,PB,Pombal,Patos,-6.957900,-37.787343,2744
2503803,Caldas Brandão,PB,João Pessoa,João Pessoa,-7.124367,-35.341900,5955
2503902,Camalaú,PB,Monteiro,Campina Grande,-7.909554,-36.812638,6354
2504009,Campina Grande,PB,Campina Grande,Campina Grande,-7.255567,-35.919759,446720
2504033,Capim,PB,Mamanguape - Rio Tinto,João Pessoa,-6.901687,-35.164388,7539
2504074,Caraúbas,PB,Campina Grande,Campina Grande,-7.779783,-36.508811,4074
2504108,Carrapateira,PB,Cajazeiras,Sousa - Cajazeiras,-7.044575,-38.327725,2363
2504157,Casserengue,PB,Guarabira,João Pessoa,-6.773471,-35.835321,7048
2504207,Catingueira,PB,Patos,Patos,-7.150238,-37.608769,4540
2504306,Catolé do Rocha,PB,Catolé do Rocha - São Bento,Patos,-6.344250,-37.706845,32449
2504355,Caturité,PB,Campina Grande,Campina Grande,-7.418613,-36.053337,5592
2504405,Conceição,PB,Itaporanga,Patos,-7.534088,-38.524738,18739
2504504,Condado,PB,Pombal,Patos,-6.882768,-37.609858,6632
2504603,Conde,PB,João Pessoa,João Pessoa,-7.299320,-34.861750,30446
2504702,Congo,PB,Sumé,Campina Grande,-7.804007,-36.641843,5145
2504801,Coremas,PB,Patos,Patos,-7.054520,-37.960960,14970
2504850,Coxixola,PB,Sumé,Campina Grande,-7.660556,-36.628900,1893
2504900,Cruz do Espírito Santo,PB,João Pessoa,João Pessoa,-7.154470,-35.110770,17918
2505006,Cubati,PB,Campina Grande,Campina Grande,-6.858978,-36.331711,7864
2505105,Cuité,PB,Cuité - Nova Floresta,Campina Grande,-6.533871,-36.064481,20210
2505204,Cuitegi,PB,Guarabira,João Pessoa,-6.900314,-35.533143,6887
2505238,Cuité de Mamanguape,PB,João Pessoa,João Pessoa,-6.910667,-35.254956,6450
2505279,Curral de Cima,PB,Mamanguape - Rio Tinto,João Pessoa,-6.728509,-35.284909,5423
2505303,Curral Velho,PB,Itaporanga,Patos,-7.518936,-38.166882,2304
2505352,Damião,PB,Cuité - Nova Floresta,Campina Grande,-6.653222,-35.923711,5151
2505402,Desterro,PB,Patos,Patos,-7.297156,-37.104733,8327
2505501,Vista Serrana,PB,Patos,Patos,-6.749375,-37.583388,3784
2505600,Diamante,PB,Itaporanga,Patos,-7.451244,-38.304019,6403
2505709,Dona Inês,PB,Guarabira,João Pessoa,-6.611221,-35.648364,10636
2505808,Duas Estradas,PB,Guarabira,João Pessoa,-6.723514,-35.396529,3344
2505907,Emas,PB,Patos,Patos,-7.091055,-37.769518,3020
2506004,Esperança,PB,Campina Grande,Campina Grande,-7.014660,-35.869340,32671
2506103,Fagundes,PB,Campina Grande,Campina Grande,-7.390022,-35.793467,11300
2506202,Frei Martinho,PB,Cuité - Nova Floresta,Campina Grande,-6.411265,-36.440729,2908
2506251,Gado Bravo,PB,Campina Grande,Campina Grande,-7.581913,-35.809847,8401
2506301,Guarabira,PB,Guarabira,João Pessoa,-6.874275,-35.465217,60265
2506400,Gurinhém,PB,João Pessoa,João Pessoa,-7.157753,-35.428653,14148
2506509,Gurjão,PB,Campina Grande,Campina Grande,-7.256686,-36.475857,3361
2506608,Ibiara,PB,Itaporanga,Patos,-7.511323,-38.392177,5693
2506707,Imaculada,PB,Patos,Patos,-7.373315,-37.541490,10447
2506806,Ingá,PB,Campina Grande,Campina Grande,-7.264672,-35.629456,18268
2506905,Itabaiana,PB,Itabaiana,João Pessoa,-7.347260,-35.358900,23498
2507002,Itaporanga,PB,Itaporanga,Patos,-7.305100,-38.194365,24842
2507101,Itapororoca,PB,Mamanguape - Rio Tinto,João Pessoa,-6.817430,-35.276120,19270
2507200,Itatuba,PB,Campina Grande,Campina Grande,-7.411525,-35.628533,10863
2507309,Jacaraú,PB,Mamanguape - Rio Tinto,João Pessoa,-6.603376,-35.275235,15013
2507408,Jericó,PB,Catolé do Rocha - São Bento,Patos,-6.526883,-37.807167,7734
2507507,João Pessoa,PB,João Pessoa,João Pessoa,-7.152687,-34.885693,906093
2507606,Juarez Távora,PB,João Pessoa,João Pessoa,-7.165878,-35.562078,8117
2507705,Juazeirinho,PB,Campina Grande,Campina Grande,-7.059618,-36.580506,17551
2507804,Junco do Seridó,PB,Campina Grande,Campina Grande,-6.973471,-36.742614,7035
2507903,Juripiranga,PB,João Pessoa,João Pessoa,-7.363900,-35.216830,10250
2508000,Juru,PB,Princesa Isabel,Patos,-7.517273,-37.797353,9352
2508109,Lagoa,PB,Pombal,Patos,-6.589957,-37.890221,4476
2508208,Lagoa de Dentro,PB,Guarabira,João Pessoa,-6.677256,-35.360744,8155
2508307,Lagoa Seca,PB,Campina Grande,Campina Grande,-7.153150,-35.865667,29356
2508406,Lastro,PB,Sousa,Sousa - Cajazeiras,-6.558100,-38.183873,3339
2508505,Livramento,PB,Sumé,Campina Grande,-7.347992,-36.904408,7038
2508554,Logradouro,PB,Guarabira,João Pessoa,-6.533114,-35.429500,5166
2508604,Lucena,PB,João Pessoa,João Pessoa,-6.921383,-34.904500,13153
2508703,Mãe d'Água,PB,Patos,Patos,-7.250800,-37.424871,3575
2508802,Malta,PB,Patos,Patos,-6.887543,-37.532357,6315
2508901,Mamanguape,PB,Mamanguape - Rio Tinto,João Pessoa,-6.713590,-35.149790,47200
2509008,Manaíra,PB,Princesa Isabel,Patos,-7.721367,-38.196289,10698
2509057,Marcação,PB,Mamanguape - Rio Tinto,João Pessoa,-6.746836,-34.997255,9634
2509107,Mari,PB,João Pessoa,João Pessoa,-7.029756,-35.311500,22212
2509156,Marizópolis,PB,Sousa,Sousa - Cajazeiras,-6.821086,-38.338686,7041
2509206,Massaranduba,PB,Campina Grande,Campina Grande,-7.198175,-35.755250,14842
2509305,Mataraca,PB,Mamanguape - Rio Tinto,João Pessoa,-6.560427,-35.053327,8711
2509339,Matinhas,PB,Campina Grande,Campina Grande,-7.114357,-35.772729,4781
2509370,Mato Grosso,PB,Catolé do Rocha - São Bento,Patos,-6.547650,-37.743825,2577
2509396,Maturéia,PB,Patos,Patos,-7.285489,-37.351867,6754
2509404,Mogeiro,PB,Itabaiana,João Pessoa,-7.305279,-35.485814,14492
2509503,Montadas,PB,Campina Grande,Campina Grande,-7.090883,-35.941717,6201
2509602,Monte Horebe,PB,Cajazeiras,Sousa - Cajazeiras,-7.208671,-38.526464,4422
2509701,Monteiro,PB,Monteiro,Campina Grande,-7.924158,-37.128029,34023
2509800,Mulungu,PB,Guarabira,João Pessoa,-6.991218,-35.408673,8875
2509909,Natuba,PB,Itabaiana,João Pessoa,-7.557821,-35.561843,8860
2510006,Nazarezinho,PB,Sousa,Sousa - Cajazeiras,-6.951771,-38.336186,7396
2510105,Nova Floresta,PB,Cuité - Nova Floresta,Campina Grande,-6.465020,-36.196220,9799
2510204,Nova Olinda,PB,Itaporanga,Patos,-7.485822,-38.015778,5884
2510303,Nova Palmeira,PB,Cuité - Nova Floresta,Campina Grande,-6.678157,-36.427993,4356
2510402,Olho d'Água,PB,Patos,Patos,-7.288074,-37.742326,6010
2510501,Olivedos,PB,Campina Grande,Campina Grande,-6.976450,-36.251717,3676
2510600,Ouro Velho,PB,Monteiro,Campina Grande,-7.598156,-37.128233,3003
2510659,Parari,PB,Sumé,Campina Grande,-7.326660,-36.671593,1739
2510709,Passagem,PB,Patos,Patos,-7.126300,-37.051200,2597
2510808,Patos,PB,Patos,Patos,-7.014633,-37.333592,108416
2510907,Paulista,PB,Pombal,Patos,-6.619533,-37.584893,12184
2511004,Pedra Branca,PB,Itaporanga,Patos,-7.467591,-38.084445,3856
2511103,Pedra Lavrada,PB,Cuité - Nova Floresta,Campina Grande,-6.771828,-36.400900,6963
2511202,Pedras de Fogo,PB,João Pessoa,João Pessoa,-7.354822,-35.076733,31549
2511301,Piancó,PB,Itaporanga,Patos,-7.195290,-37.958124,17166
2511400,Picuí,PB,Cuité - Nova Floresta,Campina Grande,-6.504657,-36.350000,18888
2511509,Pilar,PB,João Pessoa,João Pessoa,-7.267733,-35.266700,12972
2511608,Pilões,PB,Guarabira,João Pessoa,-6.888843,-35.596214,6970
2511707,Pilõezinhos,PB,Guarabira,João Pessoa,-6.847457,-35.541029,5562
2511806,Pirpirituba,PB,Guarabira,João Pessoa,-6.784010,-35.494430,9358
2511905,Pitimbu,PB,João Pessoa,João Pessoa,-7.456730,-34.838520,17168
2512002,Pocinhos,PB,Campina Grande,Campina Grande,-7.051650,-36.084991,18083
2512036,Poço Dantas,PB,Sousa,Sousa - Cajazeiras,-6.383954,-38.511215,3935
2512077,Poço de José de Moura,PB,Cajazeiras,Sousa - Cajazeiras,-6.569725,-38.500438,4132
2512101,Pombal,PB,Pombal,Patos,-6.800115,-37.883067,33933
2512200,Prata,PB,Monteiro,Campina Grande,-7.691633,-37.097392,4038
2512309,Princesa Isabel,PB,Princesa Isabel,Patos,-7.644805,-38.012343,21688
2512408,Puxinanã,PB,Campina Grande,Campina Grande,-7.155444,-35.952567,15041
2512507,Queimadas,PB,Campina Grande,Campina Grande,-7.401431,-35.903481,51156
2512606,Quixaba,PB,Patos,Patos,-7.043900,-37.128818,1807
2512705,Remígio,PB,Campina Grande,Campina Grande,-6.932954,-35.862877,18424
2512721,Pedro Régis,PB,Mamanguape - Rio Tinto,João Pessoa,-6.672211,-35.290389,5937
2512747,Riachão,PB,Guarabira,João Pessoa,-6.539090,-35.648660,2927
2512754,Riachão do Bacamarte,PB,Campina Grande,Campina Grande,-7.242071,-35.674957,4942
2512762,Riachão do Poço,PB,João Pessoa,João Pessoa,-7.158200,-35.291983,5030
2512788,Riacho de Santo Antônio,PB,Campina Grande,Campina Grande,-7.672833,-36.138900,2082
2512804,Riacho dos Cavalos,PB,Catolé do Rocha - São Bento,Patos,-6.493958,-37.622533,8813
2512903,Rio Tinto,PB,Mamanguape - Rio Tinto,João Pessoa,-6.774857,-35.039717,25600
2513000,Salgadinho,PB,Patos,Patos,-7.100420,-36.841660,3434
2513109,Salgado de São Félix,PB,Itabaiana,João Pessoa,-7.407520,-35.460047,11723
2513158,Santa Cecília,PB,Campina Grande,Campina Grande,-7.738775,-35.906592,8191
2513208,Santa Cruz,PB,Sousa,Sousa - Cajazeiras,-6.560307,-38.058743,5985
2513307,Santa Helena,PB,Cajazeiras,Sousa - Cajazeiras,-6.725867,-38.588133,6025
2513356,Santa Inês,PB,Itaporanga,Patos,-7.653200,-38.584307,3240
2513406,Santa Luzia,PB,Patos,Patos,-6.919494,-36.915050,15447
2513505,Santana de Mangueira,PB,Itaporanga,Patos,-7.640100,-38.325920,5075
2513604,Santana dos Garrotes,PB,Itaporanga,Patos,-7.389019,-37.956356,6580
2513653,Joca Claudino,PB,Sousa,Sousa - Cajazeiras,-6.480290,-38.489050,2608
2513703,Santa Rita,PB,João Pessoa,João Pessoa,-7.117925,-35.000512,162488
2513802,Santa Teresinha,PB,Patos,Patos,-7.096931,-37.435508,4485
2513851,Santo André,PB,Campina Grande,Campina Grande,-7.230200,-36.624600,2714
2513901,São Bento,PB,Catolé do Rocha - São Bento,Patos,-6.475431,-37.480223,33982
2513927,São Bentinho,PB,Pombal,Patos,-6.882692,-37.723692,4506
2513943,São Domingos do Cariri,PB,Campina Grande,Campina Grande,-7.590089,-36.395044,2700
2513968,São Domingos,PB,Pombal,Patos,-6.817409,-37.960000,2612
2513984,São Francisco,PB,Sousa,Sousa - Cajazeiras,-6.629840,-38.053570,3163
2514008,São João do Cariri,PB,Campina Grande,Campina Grande,-7.450043,-36.521843,4348
2514107,São João do Tigre,PB,Monteiro,Campina Grande,-8.130177,-36.800368,4355
2514206,São José da Lagoa Tapada,PB,Sousa,Sousa - Cajazeiras,-6.937293,-38.149233,7234
2514305,São José de Caiana,PB,Itaporanga,Patos,-7.245338,-38.323377,4904
2514404,São José de Espinharas,PB,Patos,Patos,-6.792260,-37.387440,4015
2514453,São José dos Ramos,PB,Itabaiana,João Pessoa,-7.240817,-35.370058,6167
2514503,São José de Piranhas,PB,Cajazeiras,Sousa - Cajazeiras,-7.115333,-38.506029,19571
2514552,São José de Princesa,PB,Princesa Isabel,Patos,-7.712387,-38.098233,3267
2514602,São José do Bonfim,PB,Patos,Patos,-7.149142,-37.307350,3341
2514651,São José do Brejo do Cruz,PB,Catolé do Rocha - São Bento,Patos,-6.236480,-37.342587,1753
2514701,São José do Sabugi,PB,Patos,Patos,-6.830392,-36.821217,4295
2514800,São José dos Cordeiros,PB,Sumé,Campina Grande,-7.410825,-36.852119,3450
2514909,São Mamede,PB,Patos,Patos,-6.925968,-37.087127,7619
2515005,São Miguel de Taipu,PB,João Pessoa,João Pessoa,-7.240337,-35.203375,7326
2515104,São Sebastião de Lagoa de Roça,PB,Campina Grande,Campina Grande,-7.084500,-35.866020,11407
2515203,São Sebastião do Umbuzeiro,PB,Monteiro,Campina Grande,-8.164987,-37.020391,3388
2515302,Sapé,PB,João Pessoa,João Pessoa,-7.042240,-35.199293,53598
2515401,São Vicente do Seridó,PB,Campina Grande,Campina Grande,-6.904307,-36.445564,10683
2515500,Serra Branca,PB,Sumé,Campina Grande,-7.566311,-36.725789,14185
2515609,Serra da Raiz,PB,Guarabira,João Pessoa,-6.695443,-35.444486,3150
2515708,Serra Grande,PB,Cajazeiras,Sousa - Cajazeiras,-7.224189,-38.385022,3068
2515807,Serra Redonda,PB,Campina Grande,Campina Grande,-7.175725,-35.657000,6967
2515906,Serraria,PB,Guarabira,João Pessoa,-6.828012,-35.624662,4673
2515930,Sertãozinho,PB,Guarabira,João Pessoa,-6.746083,-35.429500,5378
2515971,Sobrado,PB,João Pessoa,João Pessoa,-7.183067,-35.268978,8709
2516003,Solânea,PB,Guarabira,João Pessoa,-6.756675,-35.718558,27748
2516102,Soledade,PB,Campina Grande,Campina Grande,-7.099543,-36.363114,14435
2516151,Sossêgo,PB,Cuité - Nova Floresta,Campina Grande,-6.715086,-36.220457,3490
2516201,Sousa,PB,Sousa,Sousa - Cajazeiras,-6.745250,-38.231354,70247
2516300,Sumé,PB,Sumé,Campina Grande,-7.652210,-36.916948,17936
2516409,Tacima,PB,Guarabira,João Pessoa,-6.538818,-35.541471,7662
2516508,Taperoá,PB,Campina Grande,Campina Grande,-7.221626,-36.808042,14342
2516607,Tavares,PB,Princesa Isabel,Patos,-7.600794,-37.879328,14482
2516706,Teixeira,PB,Patos,Patos,-7.246646,-37.260515,15173
2516755,Tenório,PB,Campina Grande,Campina Grande,-6.961355,-36.629836,3095
2516805,Triunfo,PB,Cajazeiras,Sousa - Cajazeiras,-6.600375,-38.567637,10369
2516904,Uiraúna,PB,Sousa,Sousa - Cajazeiras,-6.512556,-38.399011,15475
2517001,Umbuzeiro,PB,Campina Grande,Campina Grande,-7.681038,-35.723238,9248
2517100,Várzea,PB,Patos,Patos,-6.790569,-37.044823,2790
2517209,Vieirópolis,PB,Sousa,Sousa - Cajazeiras,-6.554900,-38.280117,4961
2517407,Zabelê,PB,Monteiro,Campina Grande,-8.071918,-37.094900,2335
2600054,Abreu e Lima,PE,Recife,Recife,-7.887736,-35.016250,104527
2600104,Afogados da Ingazeira,PE,Afogados da Ingazeira,Serra Talhada,-7.714117,-37.628408,42915
2600203,Afrânio,PE,Petrolina,Petrolina,-8.624680,-41.085034,19464
2600302,Agrestina,PE,Caruaru,Caruaru,-8.474383,-35.933808,24740
2600401,Água Preta,PE,Palmares,Recife,-8.714574,-35.486078,26760
2600500,Águas Belas,PE,Garanhuns,Caruaru,-9.101881,-37.025463,43922
2600609,Alagoinha,PE,Belo Jardim ¿ Pesqueira,Caruaru,-8.496480,-36.770180,14473
2600708,Aliança,PE,Goiana ¿ Timbaúba,Recife,-7.616594,-35.190969,37328
2600807,Altinho,PE,Caruaru,Caruaru,-8.478713,-36.112127,21087
2600906,Amaraji,PE,Escada - Ribeirão,Recife,-8.370840,-35.484580,18209
2601003,Angelim,PE,Garanhuns,Caruaru,-8.876573,-36.283827,10600
2601052,Araçoiaba,PE,Recife,Recife,-7.807400,-35.076212,20052
2601102,Araripina,PE,Araripina,Petrolina,-7.650614,-40.523262,90873
2601201,Arcoverde,PE,Arcoverde,Caruaru,-8.385447,-37.011600,82933
2601300,Barra de Guabiraba,PE,Caruaru,Caruaru,-8.406722,-35.643356,12587
2601409,Barreiros,PE,Barreiros - Sirinhaém,Recife,-8.820811,-35.206217,42108
2601508,Belém de Maria,PE,Palmares,Recife,-8.598527,-35.823436,10769
2601607,Belém do São Francisco,PE,Salgueiro,Petrolina,-8.568506,-38.987453,18588
2601706,Belo Jardim,PE,Belo Jardim ¿ Pesqueira,Caruaru,-8.265632,-36.418127,84389
2601805,Betânia,PE,Serra Talhada,Serra Talhada,-8.260657,-37.992652,11944
2601904,Bezerros,PE,Caruaru,Caruaru,-8.237111,-35.787011,65190
2602001,Bodocó,PE,Araripina,Petrolina,-7.700467,-39.965567,36161
2602100,Bom Conselho,PE,Garanhuns,Caruaru,-9.183250,-36.668127,46212
2602209,Bom Jardim,PE,Limoeiro,Recife,-7.772189,-35.564795,39300
2602308,Bonito,PE,Caruaru,Caruaru,-8.491750,-35.697971,39258
2602407,Brejão,PE,Garanhuns,Caruaru,-9.030820,-36.545820,9433
2602506,Brejinho,PE,Afogados da Ingazeira,Serra Talhada,-7.343292,-37.332783,8055
2602605,Brejo da Madre de Deus,PE,Caruaru,Caruaru,-8.087882,-36.251077,51492
2602704,Buenos Aires,PE,Carpina,Recife,-7.743422,-35.350000,13958
2602803,Buíque,PE,Arcoverde,Caruaru,-8.662733,-37.136229,53545
2602902,Cabo de Santo Agostinho,PE,Recife,Recife,-8.273643,-35.085424,219044
2603009,Cabrobó,PE,Salgueiro,Petrolina,-8.397394,-39.336439,31776
2603108,Cachoeirinha,PE,Caruaru,Caruaru,-8.494633,-36.295608,20729
2603207,Caetés,PE,Garanhuns,Caruaru,-8.816571,-36.670114,30692
2603306,Calçado,PE,Garanhuns,Caruaru,-8.731657,-36.340457,11461
2603405,Calumbi,PE,Serra Talhada,Serra Talhada,-7.995921,-38.069357,5342
2603454,Camaragibe,PE,Recife,Recife,-7.979270,-35.001470,156425
2603504,Camocim de São Félix,PE,Caruaru,Caruaru,-8.350770,-35.773520,18044
2603603,Camutanga,PE,Goiana ¿ Timbaúba,Recife,-7.431714,-35.285000,7952
2603702,Canhotinho,PE,Garanhuns,Caruaru,-8.883995,-36.172045,25114
2603801,Capoeiras,PE,Garanhuns,Caruaru,-8.689040,-36.596027,18821
2603900,Carnaíba,PE,Afogados da Ingazeira,Serra Talhada,-7.780728,-37.729217,19551
2603926,Carnaubeira da Penha,PE,Serra Talhada,Serra Talhada,-8.410600,-38.767244,12739
2604007,Carpina,PE,Carpina,Recife,-7.819923,-35.303262,83727
2604106,Caruaru,PE,Caruaru,Caruaru,-8.180036,-36.020020,408281
2604155,Casinhas,PE,Surubim,Recife,-7.765640,-35.701610,13447
2604205,Catende,PE,Palmares,Recife,-8.681017,-35.745050,32909
2604304,Cedro,PE,Salgueiro,Petrolina,-7.733660,-39.200580,10842
2604403,Chã de Alegria,PE,Vitória de Santo Antão,Recife,-8.004550,-35.224750,13528
2604502,Chã Grande,PE,Caruaru,Caruaru,-8.234013,-35.470625,21289
2604601,Condado,PE,Goiana ¿ Timbaúba,Recife,-7.605762,-35.102863,25446
2604700,Correntes,PE,Garanhuns,Caruaru,-9.105847,-36.320307,17679
2604809,Cortês,PE,Escada - Ribeirão,Recife,-8.425300,-35.533931,10347
2604908,Cumaru,PE,Caruaru,Caruaru,-8.039755,-35.725773,16179
2605004,Cupira,PE,Caruaru,Caruaru,-8.572227,-35.926555,24382
2605103,Custódia,PE,Arcoverde,Caruaru,-8.149189,-37.681474,39797
2605152,Dormentes,PE,Petrolina,Petrolina,-8.455533,-40.626405,17874
2605202,Escada,PE,Escada - Ribeirão,Recife,-8.367258,-35.255011,62102
2605301,Exu,PE,Araripina,Petrolina,-7.522222,-39.693913,33533
2605400,Feira Nova,PE,Limoeiro,Recife,-7.956943,-35.402729,22271
2605459,Fernando de Noronha,PE,Recife,Recife,-3.856160,-32.428640,3364
2605509,Ferreiros,PE,Goiana ¿ Timbaúba,Recife,-7.480812,-35.253287,16103
2605608,Flores,PE,Serra Talhada,Serra Talhada,-7.933532,-37.908068,20723
2605707,Floresta,PE,Serra Talhada,Serra Talhada,-8.571513,-38.305506,31771
2605806,Frei Miguelinho,PE,Surubim,Recife,-7.931982,-35.882245,14043
2605905,Gameleira,PE,Palmares,Recife,-8.603582,-35.395253,17223
2606002,Garanhuns,PE,Garanhuns,Caruaru,-8.942304,-36.514064,152484
2606101,Glória do Goitá,PE,Vitória de Santo Antão,Recife,-8.012607,-35.343243,30465
2606200,Goiana,PE,Goiana ¿ Timbaúba,Recife,-7.610225,-34.927437,85806
2606309,Granito,PE,Araripina,Petrolina,-7.752200,-39.662355,7227
2606408,Gravatá,PE,Caruaru,Caruaru,-8.218112,-35.552935,92929
2606507,Iati,PE,Garanhuns,Caruaru,-9.162240,-36.913368,17538
2606606,Ibimirim,PE,Arcoverde,Caruaru,-8.584821,-37.608021,28207
2606705,Ibirajuba,PE,Caruaru,Caruaru,-8.616825,-36.200642,7325
2606804,Igarassu,PE,Recife,Recife,-7.790770,-34.963110,123666
2606903,Iguaracy,PE,Afogados da Ingazeira,Serra Talhada,-7.845882,-37.414207,11329
2607000,Inajá,PE,Arcoverde,Caruaru,-8.790708,-37.782688,28008
2607109,Ingazeira,PE,Afogados da Ingazeira,Serra Talhada,-7.704838,-37.419123,4989
2607208,Ipojuca,PE,Recife,Recife,-8.457584,-35.074984,107370
2607307,Ipubi,PE,Araripina,Petrolina,-7.498158,-40.228450,30828
2607406,Itacuruba,PE,Salgueiro,Petrolina,-8.781820,-38.714400,4491
2607505,Itaíba,PE,Arcoverde,Caruaru,-8.997004,-37.311515,34380
2607604,Ilha de Itamaracá,PE,Recife,Recife,-7.755171,-34.849400,25778
2607653,Itambé,PE,Goiana ¿ Timbaúba,Recife,-7.451231,-35.159719,36677
2607703,Itapetim,PE,Afogados da Ingazeira,Serra Talhada,-7.400195,-37.152281,14240
2607752,Itapissuma,PE,Recife,Recife,-7.750129,-34.902257,29859
2607802,Itaquitinga,PE,Goiana ¿ Timbaúba,Recife,-7.693422,-35.045389,17171
2607901,Jaboatão dos Guararapes,PE,Recife,Recife,-8.157954,-35.013100,685222
2607950,Jaqueira,PE,Palmares,Recife,-8.738890,-35.812100,10400
2608008,Jataúba,PE,Caruaru,Caruaru,-8.050355,-36.557130,16332
2608057,Jatobá,PE,Serra Talhada,Serra Talhada,-9.208433,-38.218233,14490
2608107,João Alfredo,PE,Limoeiro,Recife,-7.870355,-35.587100,28786
2608206,Joaquim Nabuco,PE,Palmares,Recife,-8.555578,-35.539378,13334
2608255,Jucati,PE,Garanhuns,Caruaru,-8.751900,-36.462425,12067
2608305,Jupi,PE,Garanhuns,Caruaru,-8.710511,-36.386000,16095
2608404,Jurema,PE,Garanhuns,Caruaru,-8.748640,-36.143550,13980
2608453,Lagoa do Carro,PE,Carpina,Recife,-7.858375,-35.339213,18892
2608503,Lagoa de Itaenga,PE,Carpina,Recife,-7.910486,-35.298300,19815
2608602,Lagoa do Ouro,PE,Garanhuns,Caruaru,-9.165727,-36.471327,12369
2608701,Lagoa dos Gatos,PE,Caruaru,Caruaru,-8.691183,-35.887150,14283
2608750,Lagoa Grande,PE,Petrolina,Petrolina,-8.808474,-40.233481,25020
2608800,Lajedo,PE,Garanhuns,Caruaru,-8.655150,-36.297690,42120
2608909,Limoeiro,PE,Limoeiro,Recife,-7.841569,-35.449631,59194
2609006,Macaparana,PE,Goiana ¿ Timbaúba,Recife,-7.528109,-35.458127,24658
2609105,Machados,PE,Limoeiro,Recife,-7.698862,-35.501162,11310
2609154,Manari,PE,Arcoverde,Caruaru,-8.893762,-37.536919,25990
2609204,Maraial,PE,Palmares,Recife,-8.844821,-35.777436,9220
2609303,Mirandiba,PE,Serra Talhada,Serra Talhada,-8.153391,-38.743370,14610
2609402,Moreno,PE,Recife,Recife,-8.158308,-35.130108,57661
2609501,Nazaré da Mata,PE,Carpina,Recife,-7.725763,-35.221650,32205
2609600,Olinda,PE,Recife,Recife,-8.003233,-34.866650,364087
2609709,Orobó,PE,Limoeiro,Recife,-7.701157,-35.589271,22389
2609808,Orocó,PE,Petrolina,Petrolina,-8.479587,-39.587533,14157
2609907,Ouricuri,PE,Araripina,Petrolina,-8.014415,-40.180166,68637
2610004,Palmares,PE,Palmares,Recife,-8.657835,-35.628935,56346
2610103,Palmeirina,PE,Garanhuns,Caruaru,-9.008237,-36.250644,7059
2610202,Panelas,PE,Caruaru,Caruaru,-8.696041,-36.031929,23234
2610301,Paranatama,PE,Garanhuns,Caruaru,-8.897247,-36.746880,12838
2610400,Parnamirim,PE,Salgueiro,Petrolina,-8.196717,-39.759019,18897
2610509,Passira,PE,Limoeiro,Recife,-8.018432,-35.529163,29767
2610608,Paudalho,PE,Recife,Recife,-7.905465,-35.128559,60187
2610707,Paulista,PE,Recife,Recife,-7.930512,-34.926481,367155
2610806,Pedra,PE,Arcoverde,Caruaru,-8.660510,-36.889897,23732
2610905,Pesqueira,PE,Belo Jardim ¿ Pesqueira,Caruaru,-8.431950,-36.728143,65549
2611002,Petrolândia,PE,Serra Talhada,Serra Talhada,-8.904693,-38.315989,36209
2611101,Petrolina,PE,Petrolina,Petrolina,-9.103188,-40.561841,422461
2611200,Poção,PE,Belo Jardim ¿ Pesqueira,Caruaru,-8.212512,-36.705663,10781
2611309,Pombos,PE,Vitória de Santo Antão,Recife,-8.200531,-35.403462,29261
2611408,Primavera,PE,Escada - Ribeirão,Recife,-8.346500,-35.383815,14408
2611507,Quipapá,PE,Garanhuns,Caruaru,-8.828369,-36.026492,17507
2611533,Quixaba,PE,Afogados da Ingazeira,Serra Talhada,-7.715309,-37.839573,6751
2611606,Recife,PE,Recife,Recife,-8.016231,-34.954331,1588983
2611705,Riacho das Almas,PE,Caruaru,Caruaru,-8.083900,-35.861033,21561
2611804,Ribeirão,PE,Escada - Ribeirão,Recife,-8.514386,-35.380668,33464
2611903,Rio Formoso,PE,Barreiros - Sirinhaém,Recife,-8.673121,-35.247864,20322
2612000,Sairé,PE,Caruaru,Caruaru,-8.306400,-35.698600,11208
2612109,Salgadinho,PE,Limoeiro,Recife,-7.918830,-35.596870,5346
2612208,Salgueiro,PE,Salgueiro,Petrolina,-8.086189,-39.073470,66233
2612307,Saloá,PE,Garanhuns,Caruaru,-9.009033,-36.722792,14081
2612406,Sanharó,PE,Belo Jardim ¿ Pesqueira,Caruaru,-8.344515,-36.540669,18699
2612455,Santa Cruz,PE,Araripina,Petrolina,-8.305088,-40.275712,14362
2612471,Santa Cruz da Baixa Verde,PE,Serra Talhada,Serra Talhada,-7.855100,-38.165255,11936
2612505,Santa Cruz do Capibaribe,PE,Caruaru,Caruaru,-7.896887,-36.325500,105386
2612554,Santa Filomena,PE,Araripina,Petrolina,-8.250595,-40.599914,12322
2612604,Santa Maria da Boa Vista,PE,Petrolina,Petrolina,-8.644900,-39.919414,42874
2612703,Santa Maria do Cambucá,PE,Surubim,Recife,-7.818744,-35.885722,14634
2612802,Santa Terezinha,PE,Afogados da Ingazeira,Serra Talhada,-7.427854,-37.438608,10464
2612901,São Benedito do Sul,PE,Palmares,Recife,-8.822360,-35.900960,13435
2613008,São Bento do Una,PE,Belo Jardim ¿ Pesqueira,Caruaru,-8.533694,-36.447178,51075
2613107,São Caitano,PE,Caruaru,Caruaru,-8.353127,-36.159407,39358
2613206,São João,PE,Garanhuns,Caruaru,-8.888631,-36.374546,25009
2613305,São Joaquim do Monte,PE,Caruaru,Caruaru,-8.477094,-35.841494,20436
2613404,São José da Coroa Grande,PE,Barreiros - Sirinhaém,Recife,-8.874025,-35.172362,19549
2613503,São José do Belmonte,PE,Serra Talhada,Serra Talhada,-7.868350,-38.754956,37017
2613602,São José do Egito,PE,Afogados da Ingazeira,Serra Talhada,-7.538779,-37.262593,32523
2613701,São Lourenço da Mata,PE,Recife,Recife,-8.024631,-35.089150,118719
2613800,São Vicente Férrer,PE,Goiana ¿ Timbaúba,Recife,-7.611091,-35.499709,17179
2613909,Serra Talhada,PE,Serra Talhada,Serra Talhada,-8.055698,-38.364734,99436
2614006,Serrita,PE,Salgueiro,Petrolina,-7.834658,-39.385255,18769
2614105,Sertânia,PE,Arcoverde,Caruaru,-8.208415,-37.312628,34273
2614204,Sirinhaém,PE,Barreiros - Sirinhaém,Recife,-8.577771,-35.181771,39113
2614303,Moreilândia,PE,Araripina,Petrolina,-7.619521,-39.517771,10829
2614402,Solidão,PE,Afogados da Ingazeira,Serra Talhada,-7.593287,-37.672013,5371
2614501,Surubim,PE,Surubim,Recife,-7.893336,-35.759900,68104
2614600,Tabira,PE,Afogados da Ingazeira,Serra Talhada,-7.585471,-37.503306,29261
2614709,Tacaimbó,PE,Belo Jardim ¿ Pesqueira,Caruaru,-8.335307,-36.262386,14380
2614808,Tacaratu,PE,Serra Talhada,Serra Talhada,-8.984514,-38.055376,24986
2614857,Tamandaré,PE,Barreiros - Sirinhaém,Recife,-8.750969,-35.187762,24796
2615003,Taquaritinga do Norte,PE,Caruaru,Caruaru,-7.878932,-36.130232,25523
2615102,Terezinha,PE,Garanhuns,Caruaru,-9.080518,-36.619436,6850
2615201,Terra Nova,PE,Salgueiro,Petrolina,-8.164053,-39.402712,9241
2615300,Timbaúba,PE,Goiana ¿ Timbaúba,Recife,-7.519750,-35.320914,47069
2615409,Toritama,PE,Caruaru,Caruaru,-7.999980,-36.072000,44183
2615508,Tracunhaém,PE,Carpina,Recife,-7.738569,-35.146277,14481
2615607,Trindade,PE,Araripina,Petrolina,-7.733471,-40.292057,32414
2615706,Triunfo,PE,Serra Talhada,Serra Talhada,-7.851717,-38.082167,15141
2615805,Tupanatinga,PE,Arcoverde,Caruaru,-8.718000,-37.267073,30149
2615904,Tuparetama,PE,Afogados da Ingazeira,Serra Talhada,-7.703675,-37.254381,8269
2616001,Venturosa,PE,Arcoverde,Caruaru,-8.583447,-36.798653,17605
2616100,Verdejante,PE,Salgueiro,Petrolina,-7.945883,-38.982506,9492
2616183,Vertente do Lério,PE,Surubim,Recife,-7.774014,-35.812357,7770
2616209,Vertentes,PE,Surubim,Recife,-7.901150,-35.973267,23286
2616308,Vicência,PE,Goiana ¿ Timbaúba,Recife,-7.659017,-35.348242,26522
2616407,Vitória de Santo Antão,PE,Vitória de Santo Antão,Recife,-8.147025,-35.301480,142419
2616506,Xexéu,PE,Palmares,Recife,-8.846911,-35.642878,11615
2700102,Água Branca,AL,Delmiro Gouveia,Arapiraca,-9.282306,-37.904175,19549
2700201,Anadia,AL,São Miguel dos Campos,Maceió,-9.668107,-36.322329,14157
2700300,Arapiraca,AL,Arapiraca,Arapiraca,-9.761177,-36.620754,243998
2700409,Atalaia,AL,Atalaia,Maceió,-9.511994,-36.100447,38461
2700508,Barra de Santo Antônio,AL,Maceió,Maceió,-9.382227,-35.566127,16764
2700607,Barra de São Miguel,AL,Maceió,Maceió,-9.811530,-35.948770,8124
2700706,Batalha,AL,Pão de Açúcar - Olho d'Água das Flores ¿ Batalha,Arapiraca,-9.701723,-37.103377,17103
2700805,Belém,AL,Palmeira dos Índios,Arapiraca,-9.551450,-36.506567,4819
2700904,Belo Monte,AL,Pão de Açúcar - Olho d'Água das Flores ¿ Batalha,Arapiraca,-9.820036,-37.188064,5893
2701001,Boca da Mata,AL,São Miguel dos Campos,Maceió,-9.658383,-36.173258,21465
2701100,Branquinha,AL,União dos Palmares,Maceió,-9.214044,-36.043178,9776
2701209,Cacimbinhas,AL,Palmeira dos Índios,Arapiraca,-9.439131,-36.919862,10706
2701308,Cajueiro,AL,Atalaia,Maceió,-9.409457,-36.161214,16559
2701357,Campestre,AL,Porto Calvo - São Luís do Quitunde,Maceió,-8.891127,-35.545173,6809
2701407,Campo Alegre,AL,São Miguel dos Campos,Maceió,-9.815071,-36.283650,32499
2701506,Campo Grande,AL,Arapiraca,Arapiraca,-9.972892,-36.757733,8282
2701605,Canapi,AL,Santana do Ipanema,Arapiraca,-9.139138,-37.539469,15724
2701704,Capela,AL,Atalaia,Maceió,-9.346767,-36.088583,15044
2701803,Carneiros,AL,Santana do Ipanema,Arapiraca,-9.471556,-37.354100,9209
2701902,Chã Preta,AL,Atalaia,Maceió,-9.232900,-36.277967,5996
2702009,Coité do Nóia,AL,Arapiraca,Arapiraca,-9.637633,-36.577067,11037
2702108,Colônia Leopoldina,AL,Porto Calvo - São Luís do Quitunde,Maceió,-8.935579,-35.743757,15902
2702207,Coqueiro Seco,AL,Maceió,Maceió,-9.640062,-35.823763,5702
2702306,Coruripe,AL,Penedo,Maceió,-10.101338,-36.238410,51783
2702355,Craíbas,AL,Arapiraca,Arapiraca,-9.634427,-36.810118,26154
2702405,Delmiro Gouveia,AL,Delmiro Gouveia,Arapiraca,-9.411537,-38.078932,52858
2702504,Dois Riachos,AL,Santana do Ipanema,Arapiraca,-9.379392,-37.062515,9895
2702553,Estrela de Alagoas,AL,Palmeira dos Índios,Arapiraca,-9.402433,-36.768217,15683
2702603,Feira Grande,AL,Arapiraca,Arapiraca,-9.899042,-36.671458,23210
2702702,Feliz Deserto,AL,Penedo,Maceió,-10.280875,-36.345925,4033
2702801,Flexeiras,AL,Maceió,Maceió,-9.271636,-35.768386,9737
2702900,Girau do Ponciano,AL,Arapiraca,Arapiraca,-9.795594,-36.846100,37338
2703007,Ibateguara,AL,União dos Palmares,Maceió,-8.943977,-35.907762,13978
2703106,Igaci,AL,Palmeira dos Índios,Arapiraca,-9.553917,-36.673706,24442
2703205,Igreja Nova,AL,Penedo,Maceió,-10.157340,-36.643193,22109
2703304,Inhapi,AL,Delmiro Gouveia,Arapiraca,-9.262467,-37.676527,15388
2703403,Jacaré dos Homens,AL,Pão de Açúcar - Olho d'Água das Flores ¿ Batalha,Arapiraca,-9.643755,-37.231727,5179
2703502,Jacuípe,AL,Porto Calvo - São Luís do Quitunde,Maceió,-8.898100,-35.448400,5414
2703601,Japaratinga,AL,Porto Calvo - São Luís do Quitunde,Maceió,-9.091950,-35.297550,9462
2703700,Jaramataia,AL,Arapiraca,Arapiraca,-9.646733,-36.982433,5067
2703759,Jequiá da Praia,AL,São Miguel dos Campos,Maceió,-9.915328,-36.119250,9600
2703809,Joaquim Gomes,AL,Maceió,Maceió,-9.094740,-35.723007,17325
2703908,Jundiá,AL,Porto Calvo - São Luís do Quitunde,Maceió,-8.952367,-35.540244,4175
2704005,Junqueiro,AL,Arapiraca,Arapiraca,-9.857583,-36.466892,24382
2704104,Lagoa da Canoa,AL,Arapiraca,Arapiraca,-9.772086,-36.749314,18838
2704203,Limoeiro de Anadia,AL,Arapiraca,Arapiraca,-9.738375,-36.460363,25179
2704302,Maceió,AL,Maceió,Maceió,-9.545600,-35.722724,995134
2704401,Major Isidoro,AL,Palmeira dos Índios,Arapiraca,-9.552029,-36.983393,17825
2704500,Maragogi,AL,Porto Calvo - São Luís do Quitunde,Maceió,-8.963271,-35.264614,33283
2704609,Maravilha,AL,Santana do Ipanema,Arapiraca,-9.242000,-37.396536,9706
2704708,Marechal Deodoro,AL,Maceió,Maceió,-9.709139,-35.901694,62528
2704807,Maribondo,AL,Arapiraca,Arapiraca,-9.556964,-36.288621,13971
2704906,Mar Vermelho,AL,Atalaia,Maceió,-9.480000,-36.413025,3207
2705002,Mata Grande,AL,Delmiro Gouveia,Arapiraca,-9.036879,-37.703816,22119
2705101,Matriz de Camaragibe,AL,Porto Calvo - São Luís do Quitunde,Maceió,-9.109769,-35.580731,24331
2705200,Messias,AL,Maceió,Maceió,-9.318786,-35.817614,15706
2705309,Minador do Negrão,AL,Palmeira dos Índios,Arapiraca,-9.330610,-36.862730,4934
2705408,Monteirópolis,AL,Pão de Açúcar - Olho d'Água das Flores ¿ Batalha,Arapiraca,-9.595712,-37.283887,7345
2705507,Murici,AL,União dos Palmares,Maceió,-9.313200,-35.942625,25923
2705606,Novo Lino,AL,Porto Calvo - São Luís do Quitunde,Maceió,-8.944621,-35.624921,10280
2705705,Olho d'Água das Flores,AL,Pão de Açúcar - Olho d'Água das Flores ¿ Batalha,Arapiraca,-9.544814,-37.250200,21137
2705804,Olho d'Água do Casado,AL,Delmiro Gouveia,Arapiraca,-9.432513,-37.814280,8522
2705903,Olho d'Água Grande,AL,Arapiraca,Arapiraca,-10.047075,-36.809188,4379
2706000,Olivença,AL,Santana do Ipanema,Arapiraca,-9.474980,-37.191240,11047
2706109,Ouro Branco,AL,Santana do Ipanema,Arapiraca,-9.131556,-37.373833,11709
2706208,Palestina,AL,Pão de Açúcar - Olho d'Água das Flores ¿ Batalha,Arapiraca,-9.676680,-37.296920,4407
2706307,Palmeira dos Índios,AL,Palmeira dos Índios,Arapiraca,-9.435944,-36.599300,73631
2706406,Pão de Açúcar,AL,Pão de Açúcar - Olho d'Água das Flores ¿ Batalha,Arapiraca,-9.670395,-37.462495,24291
2706422,Pariconha,AL,Delmiro Gouveia,Arapiraca,-9.245327,-38.034227,10809
2706448,Paripueira,AL,Maceió,Maceió,-9.430814,-35.588386,14208
2706505,Passo de Camaragibe,AL,Porto Calvo - São Luís do Quitunde,Maceió,-9.246486,-35.507357,14068
2706604,Paulo Jacinto,AL,Palmeira dos Índios,Arapiraca,-9.380500,-36.409614,6689
2706703,Penedo,AL,Penedo,Maceió,-10.254411,-36.481304,60183
2706802,Piaçabuçu,AL,Penedo,Maceió,-10.396827,-36.430064,16189
2706901,Pilar,AL,Maceió,Maceió,-9.617662,-36.025881,36534
2707008,Pindoba,AL,Atalaia,Maceió,-9.476533,-36.266067,2785
2707107,Piranhas,AL,Delmiro Gouveia,Arapiraca,-9.536133,-37.732600,23053
2707206,Poço das Trincheiras,AL,Santana do Ipanema,Arapiraca,-9.300856,-37.369719,12962
2707305,Porto Calvo,AL,Porto Calvo - São Luís do Quitunde,Maceió,-9.033753,-35.418794,24505
2707404,Porto de Pedras,AL,Porto Calvo - São Luís do Quitunde,Maceió,-9.149308,-35.398331,9520
2707503,Porto Real do Colégio,AL,Penedo,Maceió,-10.126600,-36.733318,20277
2707602,Quebrangulo,AL,Palmeira dos Índios,Arapiraca,-9.301233,-36.459460,11303
2707701,Rio Largo,AL,Maceió,Maceió,-9.481670,-35.865340,97742
2707800,Roteiro,AL,São Miguel dos Campos,Maceió,-9.868178,-35.992467,6606
2707909,Santa Luzia do Norte,AL,Maceió,Maceió,-9.604940,-35.822620,7067
2708006,Santana do Ipanema,AL,Santana do Ipanema,Arapiraca,-9.360513,-37.205500,47426
2708105,Santana do Mundaú,AL,União dos Palmares,Maceió,-9.130279,-36.196229,11574
2708204,São Brás,AL,Penedo,Maceió,-10.121733,-36.858011,6557
2708303,São José da Laje,AL,União dos Palmares,Maceió,-8.995367,-36.060787,21175
2708402,São José da Tapera,AL,Pão de Açúcar - Olho d'Água das Flores ¿ Batalha,Arapiraca,-9.534154,-37.505715,31574
2708501,São Luís do Quitunde,AL,Porto Calvo - São Luís do Quitunde,Maceió,-9.229283,-35.615033,31783
2708600,São Miguel dos Campos,AL,São Miguel dos Campos,Maceió,-9.775614,-36.084143,53376
2708709,São Miguel dos Milagres,AL,Porto Calvo - São Luís do Quitunde,Maceió,-9.231757,-35.404786,8705
2708808,São Sebastião,AL,Arapiraca,Arapiraca,-9.956673,-36.551680,32709
2708907,Satuba,AL,Maceió,Maceió,-9.582914,-35.842100,25145
2708956,Senador Rui Palmeira,AL,Santana do Ipanema,Arapiraca,-9.385145,-37.530827,12544
2709004,Tanque d'Arca,AL,Arapiraca,Arapiraca,-9.567409,-36.418727,5905
2709103,Taquarana,AL,Arapiraca,Arapiraca,-9.624970,-36.481850,19431
2709152,Teotônio Vilela,AL,Arapiraca,Arapiraca,-9.958615,-36.367354,39137
2709202,Traipu,AL,Arapiraca,Arapiraca,-9.906896,-36.975804,24099
2709301,União dos Palmares,AL,União dos Palmares,Maceió,-9.111394,-36.037565,60855
2709400,Viçosa,AL,Atalaia,Maceió,-9.356473,-36.273709,24411
2800100,Amparo do São Francisco,SE,Propriá,Aracaju,-10.149020,-36.919340,2199
2800209,Aquidabã,SE,Propriá,Aracaju,-10.265111,-37.056600,20570
2800308,Aracaju,SE,Aracaju,Aracaju,-11.006723,-37.102646,623328
2800407,Arauá,SE,Estância,Aracaju,-11.259300,-37.592800,10445
2800506,Areia Branca,SE,Itabaiana,Itabaiana,-10.782062,-37.325700,18687
2800605,Barra dos Coqueiros,SE,Aracaju,Aracaju,-10.814700,-36.939200,45916
2800670,Boquim,SE,Estância,Aracaju,-11.130721,-37.620357,24978
2800704,Brejo Grande,SE,Propriá,Aracaju,-10.473727,-36.487245,8034
2801009,Campo do Brito,SE,Itabaiana,Itabaiana,-10.781300,-37.496286,18788
2801108,Canhoba,SE,Propriá,Aracaju,-10.138125,-37.007783,3845
2801207,Canindé de São Francisco,SE,Nossa Senhora da Glória,Itabaiana,-9.692552,-37.906276,33782
2801306,Capela,SE,Aracaju,Aracaju,-10.460700,-37.051537,32847
2801405,Carira,SE,Itabaiana,Itabaiana,-10.357457,-37.724705,20314
2801504,Carmópolis,SE,Aracaju,Aracaju,-10.668733,-36.961100,14226
2801603,Cedro de São João,SE,Propriá,Aracaju,-10.276325,-36.908563,5467
2801702,Cristinápolis,SE,Estância,Aracaju,-11.484554,-37.742985,17646
2801900,Cumbe,SE,Aracaju,Aracaju,-10.340831,-37.198223,3875
2802007,Divina Pastora,SE,Aracaju,Aracaju,-10.663640,-37.162593,4439
2802106,Estância,SE,Estância,Aracaju,-11.258155,-37.407209,67136
2802205,Feira Nova,SE,Nossa Senhora da Glória,Itabaiana,-10.281370,-37.337190,6389
2802304,Frei Paulo,SE,Itabaiana,Itabaiana,-10.530969,-37.579915,14957
2802403,Gararu,SE,Nossa Senhora da Glória,Itabaiana,-10.022852,-37.185928,11288
2802502,General Maynard,SE,Aracaju,Aracaju,-10.690233,-36.962450,3124
2802601,Graccho Cardoso,SE,Nossa Senhora da Glória,Itabaiana,-10.223986,-37.212950,5921
2802700,Ilha das Flores,SE,Propriá,Aracaju,-10.449450,-36.546512,8502
2802809,Indiaroba,SE,Estância,Aracaju,-11.479614,-37.526071,17030
2802908,Itabaiana,SE,Itabaiana,Itabaiana,-10.673422,-37.417594,110041
2803005,Itabaianinha,SE,Estância,Aracaju,-11.255550,-37.789383,42339
2803104,Itabi,SE,Nossa Senhora da Glória,Itabaiana,-10.109950,-37.138310,4809
2803203,Itaporanga d'Ajuda,SE,Aracaju,Aracaju,-11.030614,-37.335143,36272
2803302,Japaratuba,SE,Aracaju,Aracaju,-10.547340,-36.921213,16432
2803401,Japoatã,SE,Propriá,Aracaju,-10.425475,-36.797930,13737
2803500,Lagarto,SE,Lagarto,Itabaiana,-10.888015,-37.645385,106330
2803609,Laranjeiras,SE,Aracaju,Aracaju,-10.811309,-37.181764,23932
2803708,Macambira,SE,Itabaiana,Itabaiana,-10.667311,-37.589400,7070
2803807,Malhada dos Bois,SE,Propriá,Aracaju,-10.332683,-36.935533,3681
2803906,Malhador,SE,Itabaiana,Itabaiana,-10.674978,-37.306444,11697
2804003,Maruim,SE,Aracaju,Aracaju,-10.715520,-37.103360,15938
2804102,Moita Bonita,SE,Itabaiana,Itabaiana,-10.599091,-37.323273,11305
2804201,Monte Alegre de Sergipe,SE,Nossa Senhora da Glória,Itabaiana,-10.071344,-37.630522,14829
2804300,Muribeca,SE,Propriá,Aracaju,-10.386350,-36.965490,8084
2804409,Neópolis,SE,Propriá,Aracaju,-10.349389,-36.668926,16394
2804458,Nossa Senhora Aparecida,SE,Itabaiana,Itabaiana,-10.343467,-37.491907,9570
2804508,Nossa Senhora da Glória,SE,Nossa Senhora da Glória,Itabaiana,-10.184296,-37.545904,44088
2804607,Nossa Senhora das Dores,SE,Aracaju,Aracaju,-10.464710,-37.235860,25600
2804706,Nossa Senhora de Lourdes,SE,Propriá,Aracaju,-10.074600,-37.000914,6413
2804805,Nossa Senhora do Socorro,SE,Aracaju,Aracaju,-10.857794,-37.158437,205611
2804904,Pacatuba,SE,Propriá,Aracaju,-10.516621,-36.651936,12671
2805000,Pedra Mole,SE,Itabaiana,Itabaiana,-10.650409,-37.683073,2804
2805109,Pedrinhas,SE,Estância,Aracaju,-11.203857,-37.651171,7298
2805208,Pinhão,SE,Itabaiana,Itabaiana,-10.574177,-37.761500,5750
2805307,Pirambu,SE,Aracaju,Aracaju,-10.677145,-36.834745,8006
2805406,Poço Redondo,SE,Nossa Senhora da Glória,Itabaiana,-9.882744,-37.727719,29352
2805505,Poço Verde,SE,Lagarto,Itabaiana,-10.808156,-38.110444,22221
2805604,Porto da Folha,SE,Nossa Senhora da Glória,Itabaiana,-9.939438,-37.396105,27345
2805703,Propriá,SE,Propriá,Aracaju,-10.251033,-36.791100,27157
2805802,Riachão do Dantas,SE,Lagarto,Itabaiana,-11.022095,-37.810910,18505
2805901,Riachuelo,SE,Aracaju,Aracaju,-10.727178,-37.213056,8832
2806008,Ribeirópolis,SE,Itabaiana,Itabaiana,-10.504343,-37.419671,17368
2806107,Rosário do Catete,SE,Aracaju,Aracaju,-10.679338,-37.040023,9516
2806206,Salgado,SE,Lagarto,Itabaiana,-11.062442,-37.472683,20874
2806305,Santa Luzia do Itanhy,SE,Estância,Aracaju,-11.348539,-37.562311,14038
2806404,Santana do São Francisco,SE,Propriá,Aracaju,-10.289340,-36.628760,7566
2806503,Santa Rosa de Lima,SE,Aracaju,Aracaju,-10.639986,-37.227871,4059
2806602,Santo Amaro das Brotas,SE,Aracaju,Aracaju,-10.775824,-36.983829,11281
2806701,São Cristóvão,SE,Aracaju,Aracaju,-10.957388,-37.215506,111567
2806800,São Domingos,SE,Itabaiana,Itabaiana,-10.779123,-37.571115,10567
2806909,São Francisco,SE,Propriá,Aracaju,-10.342970,-36.868250,3337
2807006,São Miguel do Aleixo,SE,Itabaiana,Itabaiana,-10.385933,-37.372967,3462
2807105,Simão Dias,SE,Lagarto,Itabaiana,-10.728625,-37.819990,44708
2807204,Siriri,SE,Aracaju,Aracaju,-10.579075,-37.124525,7978
2807303,Telha,SE,Propriá,Aracaju,-10.202286,-36.892429,3405
2807402,Tobias Barreto,SE,Lagarto,Itabaiana,-11.078818,-38.003426,52943
2807501,Tomar do Geru,SE,Estância,Aracaju,-11.385986,-37.870807,12047
2807600,Umbaúba,SE,Estância,Aracaju,-11.367873,-37.671000,24693
2900108,Abaíra,BA,Brumado,Vitória da Conquista,-13.302048,-41.763530,7366
2900207,Abaré,BA,Paulo Afonso,Paulo Afonso,-8.789586,-39.270577,18303
2900306,Acajutiba,BA,Alagoinhas,Salvador,-11.660921,-38.006543,14187
2900355,Adustina,BA,Cícero Dantas,Paulo Afonso,-10.567288,-38.012882,14470
2900405,Água Fria,BA,Feira de Santana,Feira de Santana,-11.835106,-38.684537,14798
2900504,Érico Cardoso,BA,Brumado,Vitória da Conquista,-13.392315,-42.075015,10932
2900603,Aiquara,BA,Jequié,Vitória da Conquista,-14.096685,-39.880677,4627
2900702,Alagoinhas,BA,Alagoinhas,Salvador,-12.085809,-38.397377,161682
2900801,Alcobaça,BA,Teixeira de Freitas,Ilhéus ¿ Itabuna,-17.470057,-39.428709,25769
2900900,Almadina,BA,Ilhéus ¿ Itabuna,Ilhéus ¿ Itabuna,-14.707820,-39.662080,5267
2901007,Amargosa,BA,Santo Antônio de Jesus,Santo Antônio de Jesus,-13.045274,-39.624053,38656
2901106,Amélia Rodrigues,BA,Feira de Santana,Feira de Santana,-12.421800,-38.725645,24814
2901155,América Dourada,BA,Irecê,Irecê,-11.398471,-41.517090,15566
2901205,Anagé,BA,Vitória da Conquista,Vitória da Conquista,-14.589545,-40.917736,26772
2901304,Andaraí,BA,Itaberaba,Feira de Santana,-12.748321,-41.212135,13557
2901353,Andorinha,BA,Senhor do Bonfim,Juazeiro,-10.292800,-39.874841,15496
2901403,Angical,BA,Barreiras,Barreiras,-12.022912,-44.702284,14183
2901502,Anguera,BA,Feira de Santana,Feira de Santana,-12.178882,-39.199945,11521
2901601,Antas,BA,Cícero Dantas,Paulo Afonso,-10.420336,-38.307500,14915
2901700,Antônio Cardoso,BA,Feira de Santana,Feira de Santana,-12.383587,-39.156613,11494
2901809,Antônio Gonçalves,BA,Senhor do Bonfim,Juazeiro,-10.613444,-40.353811,11258
2901908,Aporá,BA,Alagoinhas,Salvador,-11.721847,-38.193588,16344
2901957,Apuarema,BA,Jequié,Vitória da Conquista,-13.802500,-39.766428,7090
2902005,Aracatu,BA,Brumado,Vitória da Conquista,-14.383821,-41.350568,14456
2902054,Araçás,BA,Alagoinhas,Salvador,-12.149611,-38.227333,11960
2902104,Araci,BA,Serrinha,Feira de Santana,-11.234800,-39.059710,50282
2902203,Aramari,BA,Alagoinhas,Salvador,-12.039920,-38.526633,10091
2902252,Arataca,BA,Camacan,Ilhéus ¿ Itabuna,-15.252376,-39.420565,10405
2902302,Aratuípe,BA,Nazaré ¿ Maragogipe,Santo Antônio de Jesus,-13.082450,-39.094933,9003
2902401,Aurelino Leal,BA,Ilhéus ¿ Itabuna,Ilhéus ¿ Itabuna,-14.357391,-39.485541,11276
2902500,Baianópolis,BA,Barreiras,Barreiras,-12.614268,-44.437629,14163
2902609,Baixa Grande,BA,Feira de Santana,Feira de Santana,-11.971683,-40.164591,18579
2902658,Banzaê,BA,Ribeira do Pombal,Paulo Afonso,-10.617712,-38.654494,12270
2902708,Barra,BA,Xique-Xique ¿ Barra,Irecê,-11.100318,-43.370710,53745
2902807,Barra da Estiva,BA,Vitória da Conquista,Vitória da Conquista,-13.675133,-41.109167,27890
2902906,Barra do Choça,BA,Vitória da Conquista,Vitória da Conquista,-14.929257,-40.598050,38671
2903003,Barra do Mendes,BA,Irecê,Irecê,-11.972057,-42.070025,14404
2903102,Barra do Rocha,BA,Ipiaú,Vitória da Conquista,-14.090130,-39.592760,5878
2903201,Barreiras,BA,Barreiras,Barreiras,-11.974486,-45.552583,172521
2903235,Barro Alto,BA,Irecê,Irecê,-11.831193,-41.846220,13932
2903276,Barrocas,BA,Serrinha,Feira de Santana,-11.539715,-39.084485,15814
2903300,Barro Preto,BA,Ilhéus ¿ Itabuna,Ilhéus ¿ Itabuna,-14.775608,-39.467508,5909
2903409,Belmonte,BA,Eunápolis - Porto Seguro,Ilhéus ¿ Itabuna,-15.923287,-39.285065,20490
2903508,Belo Campo,BA,Vitória da Conquista,Vitória da Conquista,-14.977550,-41.214414,19104
2903607,Biritinga,BA,Serrinha,Feira de Santana,-11.619138,-38.808562,15599
2903706,Boa Nova,BA,Vitória da Conquista,Vitória da Conquista,-14.356696,-40.211983,13587
2903805,Boa Vista do Tupim,BA,Itaberaba,Feira de Santana,-12.762349,-40.682985,17221
2903904,Bom Jesus da Lapa,BA,Bom Jesus da Lapa,Guanambi,-13.239735,-43.323535,68869
2903953,Bom Jesus da Serra,BA,Vitória da Conquista,Vitória da Conquista,-14.387192,-40.580915,10010
2904001,Boninal,BA,Seabra,Feira de Santana,-12.784981,-41.834000,14143
2904050,Bonito,BA,Irecê,Irecê,-11.979182,-41.316664,16453
2904100,Boquira,BA,Bom Jesus da Lapa,Guanambi,-12.750309,-42.714555,19723
2904209,Botuporã,BA,Guanambi,Guanambi,-13.312217,-42.529767,11443
2904308,Brejões,BA,Santo Antônio de Jesus,Santo Antônio de Jesus,-13.101214,-39.852814,13195
2904407,Brejolândia,BA,Barreiras,Barreiras,-12.436507,-43.866952,9344
2904506,Brotas de Macaúbas,BA,Xique-Xique ¿ Barra,Irecê,-12.119034,-42.520337,12190
2904605,Brumado,BA,Brumado,Vitória da Conquista,-14.170770,-41.687591,74617
2904704,Buerarema,BA,Ilhéus ¿ Itabuna,Ilhéus ¿ Itabuna,-15.010856,-39.250156,14853
2904753,Buritirama,BA,Xique-Xique ¿ Barra,Irecê,-10.550340,-43.728665,20230
2904803,Caatiba,BA,Vitória da Conquista,Vitória da Conquista,-15.001527,-40.357136,6041
2904852,Cabaceiras do Paraguaçu,BA,Cruz das Almas,Santo Antônio de Jesus,-12.564977,-39.184646,17009
2904902,Cachoeira,BA,Cruz das Almas,Santo Antônio de Jesus,-12.650906,-38.896165,30450
2905008,Caculé,BA,Guanambi,Guanambi,-14.474125,-42.331825,23336
2905107,Caém,BA,Jacobina,Feira de Santana,-11.162293,-40.242707,10736
2905156,Caetanos,BA,Vitória da Conquista,Vitória da Conquista,-14.309967,-40.988147,11370
2905206,Caetité,BA,Guanambi,Guanambi,-13.884498,-42.469123,54852
2905305,Cafarnaum,BA,Irecê,Irecê,-11.743825,-41.515825,18073
2905404,Cairu,BA,Valença,Santo Antônio de Jesus,-13.530919,-38.976124,18662
2905503,Caldeirão Grande,BA,Jacobina,Feira de Santana,-11.034450,-40.228429,13626
2905602,Camacan,BA,Camacan,Ilhéus ¿ Itabuna,-15.442627,-39.510635,22239
2905701,Camaçari,BA,Salvador,Salvador,-12.633032,-38.216452,323676
2905800,Camamu,BA,Valença,Santo Antônio de Jesus,-14.006050,-39.143645,31621
2905909,Campo Alegre de Lourdes,BA,Juazeiro,Juazeiro,-9.495098,-43.126893,32613
2906006,Campo Formoso,BA,Senhor do Bonfim,Juazeiro,-10.234288,-40.764362,75311
2906105,Canápolis,BA,Santa Maria da Vitoria,Barreiras,-13.095836,-44.227100,10668
2906204,Canarana,BA,Irecê,Irecê,-11.742259,-41.719224,25024
2906303,Canavieiras,BA,Camacan,Ilhéus ¿ Itabuna,-15.647708,-39.149165,34437
2906402,Candeal,BA,Feira de Santana,Feira de Santana,-11.890029,-39.197100,7914
2906501,Candeias,BA,Salvador,Salvador,-12.678238,-38.492646,74645
2906600,Candiba,BA,Guanambi,Guanambi,-14.404400,-42.840045,13410
2906709,Cândido Sales,BA,Vitória da Conquista,Vitória da Conquista,-15.347565,-41.263108,26472
2906808,Cansanção,BA,Euclides da Cunha,Paulo Afonso,-10.759974,-39.450132,39878
2906824,Canudos,BA,Euclides da Cunha,Paulo Afonso,-9.966666,-38.952702,16722
2906857,Capela do Alto Alegre,BA,Feira de Santana,Feira de Santana,-11.670589,-39.838750,11016
2906873,Capim Grosso,BA,Jacobina,Feira de Santana,-11.282390,-40.011710,35627
2906899,Caraíbas,BA,Vitória da Conquista,Vitória da Conquista,-14.633391,-41.281309,10258
2906907,Caravelas,BA,Teixeira de Freitas,Ilhéus ¿ Itabuna,-17.651576,-39.719880,21719
2907004,Cardeal da Silva,BA,Alagoinhas,Salvador,-12.043458,-37.948200,8632
2907103,Carinhanha,BA,Guanambi,Guanambi,-14.009216,-43.904448,30498
2907202,Casa Nova,BA,Juazeiro,Juazeiro,-9.167498,-41.206706,76416
2907301,Castro Alves,BA,Cruz das Almas,Santo Antônio de Jesus,-12.767655,-39.376725,25468
2907400,Catolândia,BA,Barreiras,Barreiras,-12.280578,-44.681906,3566
2907509,Catu,BA,Salvador,Salvador,-12.336080,-38.408760,50068
2907558,Caturama,BA,Brumado,Vitória da Conquista,-13.210991,-42.314104,9127
2907608,Central,BA,Irecê,Irecê,-11.149286,-42.073929,16844
2907707,Chorrochó,BA,Paulo Afonso,Paulo Afonso,-9.247412,-39.175976,10932
2907806,Cícero Dantas,BA,Cícero Dantas,Paulo Afonso,-10.506177,-38.438754,32314
2907905,Cipó,BA,Ribeira do Pombal,Paulo Afonso,-11.113340,-38.542540,17910
2908002,Coaraci,BA,Ilhéus ¿ Itabuna,Ilhéus ¿ Itabuna,-14.659075,-39.593542,17460
2908101,Cocos,BA,Santa Maria da Vitoria,Barreiras,-14.571082,-45.288589,19926
2908200,Conceição da Feira,BA,Feira de Santana,Feira de Santana,-12.499791,-38.977800,21556
2908309,Conceição do Almeida,BA,Cruz das Almas,Santo Antônio de Jesus,-12.857847,-39.244388,16087
2908408,Conceição do Coité,BA,Conceição do Coité,Feira de Santana,-11.521544,-39.230340,71860
2908507,Conceição do Jacuípe,BA,Feira de Santana,Feira de Santana,-12.341191,-38.753618,37816
2908606,Conde,BA,Alagoinhas,Salvador,-11.814827,-37.694495,24484
2908705,Condeúba,BA,Vitória da Conquista,Vitória da Conquista,-14.932389,-42.061508,17563
2908804,Contendas do Sincorá,BA,Vitória da Conquista,Vitória da Conquista,-13.846764,-41.075604,4506
2908903,Coração de Maria,BA,Feira de Santana,Feira de Santana,-12.220111,-38.781372,28544
2909000,Cordeiros,BA,Vitória da Conquista,Vitória da Conquista,-15.050589,-41.926811,7735
2909109,Coribe,BA,Santa Maria da Vitoria,Barreiras,-13.788745,-44.364642,14444
2909208,Coronel João Sá,BA,Jeremoabo,Paulo Afonso,-10.299941,-37.941073,17602
2909307,Correntina,BA,Santa Maria da Vitoria,Barreiras,-13.508632,-45.412725,34347
2909406,Cotegipe,BA,Barreiras,Barreiras,-11.647078,-44.200957,13451
2909505,Cravolândia,BA,Jequié,Vitória da Conquista,-13.438421,-39.776507,4463
2909604,Crisópolis,BA,Alagoinhas,Salvador,-11.537372,-38.155867,20348
2909703,Cristópolis,BA,Barreiras,Barreiras,-12.187426,-44.252265,14585
2909802,Cruz das Almas,BA,Cruz das Almas,Santo Antônio de Jesus,-12.677637,-39.112225,63437
2909901,Curaçá,BA,Juazeiro,Juazeiro,-9.132704,-39.683537,36220
2910008,Dário Meira,BA,Ipiaú,Vitória da Conquista,-14.388767,-39.993267,11316
2910057,Dias d'Ávila,BA,Salvador,Salvador,-12.600280,-38.305295,75516
2910107,Dom Basílio,BA,Brumado,Vitória da Conquista,-13.845094,-41.722818,12348
2910206,Dom Macedo Costa,BA,Santo Antônio de Jesus,Santo Antônio de Jesus,-12.913960,-39.173120,4627
2910305,Elísio Medrado,BA,Santo Antônio de Jesus,Santo Antônio de Jesus,-12.939000,-39.525467,8071
2910404,Encruzilhada,BA,Vitória da Conquista,Vitória da Conquista,-15.589333,-40.942192,19373
2910503,Entre Rios,BA,Alagoinhas,Salvador,-12.108152,-38.019320,39880
2910602,Esplanada,BA,Alagoinhas,Salvador,-11.939170,-37.890316,34179
2910701,Euclides da Cunha,BA,Euclides da Cunha,Paulo Afonso,-10.496744,-38.937248,64969
2910727,Eunápolis,BA,Eunápolis - Porto Seguro,Ilhéus ¿ Itabuna,-16.316300,-39.597686,121577
2910750,Fátima,BA,Cícero Dantas,Paulo Afonso,-10.598264,-38.208236,18489
2910776,Feira da Mata,BA,Guanambi,Guanambi,-14.147883,-44.264096,5838
2910800,Feira de Santana,BA,Feira de Santana,Feira de Santana,-12.195819,-39.065158,663408
2910859,Filadélfia,BA,Senhor do Bonfim,Juazeiro,-10.715800,-40.157575,18694
2910909,Firmino Alves,BA,Ilhéus ¿ Itabuna,Ilhéus ¿ Itabuna,-14.927710,-39.909200,4981
2911006,Floresta Azul,BA,Ilhéus ¿ Itabuna,Ilhéus ¿ Itabuna,-14.852779,-39.726700,11466
2911105,Formosa do Rio Preto,BA,Barreiras,Barreiras,-10.925718,-45.633948,27700
2911204,Gandu,BA,Ipiaú,Vitória da Conquista,-13.793813,-39.487647,34154
2911253,Gavião,BA,Feira de Santana,Feira de Santana,-11.494218,-39.766824,4485
2911303,Gentio do Ouro,BA,Xique-Xique ¿ Barra,Irecê,-11.385095,-42.603942,11287
2911402,Glória,BA,Paulo Afonso,Paulo Afonso,-9.202086,-38.439697,16139
2911501,Gongogi,BA,Ipiaú,Vitória da Conquista,-14.290812,-39.607881,5399
2911600,Governador Mangabeira,BA,Cruz das Almas,Santo Antônio de Jesus,-12.583667,-39.077489,21387
2911659,Guajeru,BA,Guanambi,Guanambi,-14.591744,-41.956428,8136
2911709,Guanambi,BA,Guanambi,Guanambi,-14.200654,-42.813654,93873
2911808,Guaratinga,BA,Eunápolis - Porto Seguro,Ilhéus ¿ Itabuna,-16.580798,-39.966807,19360
2911857,Heliópolis,BA,Cícero Dantas,Paulo Afonso,-10.742687,-38.273187,13040
2911907,Iaçu,BA,Itaberaba,Feira de Santana,-12.791449,-40.105616,25299
2912004,Ibiassucê,BA,Guanambi,Guanambi,-14.296079,-42.296929,10739
2912103,Ibicaraí,BA,Ilhéus ¿ Itabuna,Ilhéus ¿ Itabuna,-14.841015,-39.556985,22067
2912202,Ibicoara,BA,Vitória da Conquista,Vitória da Conquista,-13.378367,-41.343362,21952
2912301,Ibicuí,BA,Ilhéus ¿ Itabuna,Ilhéus ¿ Itabuna,-14.677213,-39.883611,14236
2912400,Ibipeba,BA,Irecê,Irecê,-11.564983,-42.141866,17139
2912509,Ibipitanga,BA,Bom Jesus da Lapa,Guanambi,-12.857618,-42.376909,14318
2912608,Ibiquera,BA,Itaberaba,Feira de Santana,-12.613916,-40.887747,3829
2912707,Ibirapitanga,BA,Ilhéus ¿ Itabuna,Ilhéus ¿ Itabuna,-14.056491,-39.443405,27029
2912806,Ibirapuã,BA,Teixeira de Freitas,Ilhéus ¿ Itabuna,-17.744185,-40.011396,9332
2912905,Ibirataia,BA,Ipiaú,Vitória da Conquista,-13.969325,-39.622981,19379
2913002,Ibitiara,BA,Seabra,Feira de Santana,-12.580744,-42.313306,15036
2913101,Ibititá,BA,Irecê,Irecê,-11.583165,-41.922582,17525
2913200,Ibotirama,BA,Xique-Xique ¿ Barra,Irecê,-11.989769,-43.218588,27771
2913309,Ichu,BA,Feira de Santana,Feira de Santana,-11.734790,-39.167940,6439
2913408,Igaporã,BA,Guanambi,Guanambi,-13.849843,-42.729800,16088
2913457,Igrapiúna,BA,Valença,Santo Antônio de Jesus,-13.870027,-39.202185,13477
2913507,Iguaí,BA,Vitória da Conquista,Vitória da Conquista,-14.646374,-40.073417,21677
2913606,Ilhéus,BA,Ilhéus ¿ Itabuna,Ilhéus ¿ Itabuna,-14.745491,-39.241271,189259
2913705,Inhambupe,BA,Alagoinhas,Salvador,-11.812950,-38.403729,35384
2913804,Ipecaetá,BA,Feira de Santana,Feira de Santana,-12.326919,-39.323538,13973
2913903,Ipiaú,BA,Ipiaú,Vitória da Conquista,-14.026200,-39.722475,42359
2914000,Ipirá,BA,Feira de Santana,Feira de Santana,-12.223155,-39.798295,59183
2914109,Ipupiara,BA,Xique-Xique ¿ Barra,Irecê,-11.793894,-42.502567,10377
2914208,Irajuba,BA,Jequié,Vitória da Conquista,-13.244467,-40.058500,6211
2914307,Iramaia,BA,Vitória da Conquista,Vitória da Conquista,-13.498977,-40.896497,11018
2914406,Iraquara,BA,Seabra,Feira de Santana,-12.254704,-41.568878,24901
2914505,Irará,BA,Feira de Santana,Feira de Santana,-12.038114,-38.753400,29630
2914604,Irecê,BA,Irecê,Irecê,-11.322773,-41.861164,79105
2914653,Itabela,BA,Eunápolis - Porto Seguro,Ilhéus ¿ Itabuna,-16.687112,-39.546808,29589
2914703,Itaberaba,BA,Itaberaba,Feira de Santana,-12.504992,-40.229956,68590
2914802,Itabuna,BA,Ilhéus ¿ Itabuna,Ilhéus ¿ Itabuna,-14.878053,-39.315242,196041
2914901,Itacaré,BA,Ilhéus ¿ Itabuna,Ilhéus ¿ Itabuna,-14.343178,-39.129389,29641
2915007,Itaeté,BA,Itaberaba,Feira de Santana,-13.081448,-41.037190,13734
2915106,Itagi,BA,Jequié,Vitória da Conquista,-14.168089,-40.022578,14737
2915205,Itagibá,BA,Ipiaú,Vitória da Conquista,-14.265265,-39.844615,15692
2915304,Itagimirim,BA,Eunápolis - Porto Seguro,Ilhéus ¿ Itabuna,-16.110729,-39.746583,6464
2915353,Itaguaçu da Bahia,BA,Irecê,Irecê,-10.740217,-42.272279,12656
2915403,Itaju do Colônia,BA,Ilhéus ¿ Itabuna,Ilhéus ¿ Itabuna,-15.139371,-39.721464,5742
2915502,Itajuípe,BA,Ilhéus ¿ Itabuna,Ilhéus ¿ Itabuna,-14.676545,-39.427527,19138
2915601,Itamaraju,BA,Teixeira de Freitas,Ilhéus ¿ Itabuna,-17.009567,-39.718929,61947
2915700,Itamari,BA,Ipiaú,Vitória da Conquista,-13.784773,-39.682591,7158
2915809,Itambé,BA,Vitória da Conquista,Vitória da Conquista,-15.163600,-40.459177,24912
2915908,Itanagra,BA,Salvador,Salvador,-12.316858,-38.050337,6069
2916005,Itanhém,BA,Teixeira de Freitas,Ilhéus ¿ Itabuna,-17.110059,-40.346272,18172
2916104,Itaparica,BA,Nazaré ¿ Maragogipe,Santo Antônio de Jesus,-12.887600,-38.669200,20339
2916203,Itapé,BA,Ilhéus ¿ Itabuna,Ilhéus ¿ Itabuna,-14.949053,-39.506488,10640
2916302,Itapebi,BA,Eunápolis - Porto Seguro,Ilhéus ¿ Itabuna,-15.911824,-39.657600,9437
2916401,Itapetinga,BA,Itapetinga,Vitória da Conquista,-15.331970,-40.052517,68714
2916500,Itapicuru,BA,Alagoinhas,Salvador,-11.204830,-38.164633,33311
2916609,Itapitanga,BA,Ilhéus ¿ Itabuna,Ilhéus ¿ Itabuna,-14.453585,-39.600446,10648
2916708,Itaquara,BA,Jequié,Vitória da Conquista,-13.432575,-39.905956,8478
2916807,Itarantim,BA,Itapetinga,Vitória da Conquista,-15.710180,-40.047795,17456
2916856,Itatim,BA,Cruz das Almas,Santo Antônio de Jesus,-12.701711,-39.731753,16526
2916906,Itiruçu,BA,Jequié,Vitória da Conquista,-13.500944,-40.158406,11165
2917003,Itiúba,BA,Senhor do Bonfim,Juazeiro,-10.738879,-39.850496,35489
2917102,Itororó,BA,Itapetinga,Vitória da Conquista,-15.050069,-40.030406,16920
2917201,Ituaçu,BA,Vitória da Conquista,Vitória da Conquista,-13.842462,-41.359508,18519
2917300,Ituberá,BA,Valença,Santo Antônio de Jesus,-13.768380,-39.154895,22022
2917334,Iuiu,BA,Guanambi,Guanambi,-14.509623,-43.591618,11584
2917359,Jaborandi,BA,Santa Maria da Vitoria,Barreiras,-14.070867,-45.392848,9598
2917409,Jacaraci,BA,Guanambi,Guanambi,-14.804416,-42.346650,14919
2917508,Jacobina,BA,Jacobina,Feira de Santana,-11.107857,-40.570988,87121
2917607,Jaguaquara,BA,Jequié,Vitória da Conquista,-13.568470,-39.952827,47519
2917706,Jaguarari,BA,Senhor do Bonfim,Juazeiro,-10.074245,-40.084367,34609
2917805,Jaguaripe,BA,Nazaré ¿ Maragogipe,Santo Antônio de Jesus,-13.097650,-39.009577,18395
2917904,Jandaíra,BA,Alagoinhas,Salvador,-11.581000,-37.607958,9483
2918001,Jequié,BA,Jequié,Vitória da Conquista,-13.904549,-40.079552,169623
2918100,Jeremoabo,BA,Jeremoabo,Paulo Afonso,-10.014095,-38.499893,39573
2918209,Jiquiriçá,BA,Santo Antônio de Jesus,Santo Antônio de Jesus,-13.320600,-39.587538,14076
2918308,Jitaúna,BA,Jequié,Vitória da Conquista,-13.978317,-39.852525,14571
2918357,João Dourado,BA,Irecê,Irecê,-11.234743,-41.576383,25976
2918407,Juazeiro,BA,Juazeiro,Juazeiro,-9.480963,-40.299357,257616
2918456,Jucuruçu,BA,Teixeira de Freitas,Ilhéus ¿ Itabuna,-16.839660,-40.119136,9934
2918506,Jussara,BA,Irecê,Irecê,-10.935375,-41.830270,17053
2918555,Jussari,BA,Camacan,Ilhéus ¿ Itabuna,-15.142668,-39.513395,6378
2918605,Jussiape,BA,Brumado,Vitória da Conquista,-13.479214,-41.621468,7550
2918704,Lafaiete Coutinho,BA,Jequié,Vitória da Conquista,-13.639705,-40.283652,4235
2918753,Lagoa Real,BA,Guanambi,Guanambi,-14.034884,-42.209132,14553
2918803,Laje,BA,Santo Antônio de Jesus,Santo Antônio de Jesus,-13.171287,-39.310613,21706
2918902,Lajedão,BA,Teixeira de Freitas,Ilhéus ¿ Itabuna,-17.572264,-40.313576,4002
2919009,Lajedinho,BA,Itaberaba,Feira de Santana,-12.398263,-40.971911,3600
2919058,Lajedo do Tabocal,BA,Jequié,Vitória da Conquista,-13.451936,-40.278736,7666
2919108,Lamarão,BA,Feira de Santana,Feira de Santana,-11.789110,-38.914390,9302
2919157,Lapão,BA,Irecê,Irecê,-11.488229,-41.787118,27025
2919207,Lauro de Freitas,BA,Salvador,Salvador,-12.852287,-38.337637,221023
2919306,Lençóis,BA,Seabra,Feira de Santana,-12.454548,-41.334555,11216
2919405,Licínio de Almeida,BA,Guanambi,Guanambi,-14.610338,-42.473662,12196
2919504,Livramento de Nossa Senhora,BA,Brumado,Vitória da Conquista,-13.799371,-41.988191,46476
2919553,Luís Eduardo Magalhães,BA,Barreiras,Barreiras,-12.252781,-46.111484,119947
2919603,Macajuba,BA,Feira de Santana,Feira de Santana,-12.125518,-40.271891,10723
2919702,Macarani,BA,Itapetinga,Vitória da Conquista,-15.571625,-40.404125,22924
2919801,Macaúbas,BA,Bom Jesus da Lapa,Guanambi,-13.150166,-42.674745,43587
2919900,Macururé,BA,Paulo Afonso,Paulo Afonso,-9.404794,-38.944278,7417
2919926,Madre de Deus,BA,Salvador,Salvador,-12.738150,-38.626000,19271
2919959,Maetinga,BA,Vitória da Conquista,Vitória da Conquista,-14.691169,-41.509081,7224
2920007,Maiquinique,BA,Itapetinga,Vitória da Conquista,-15.685062,-40.267848,9007
2920106,Mairi,BA,Feira de Santana,Feira de Santana,-11.738553,-40.153184,18102
2920205,Malhada,BA,Guanambi,Guanambi,-14.105552,-43.613750,15796
2920304,Malhada de Pedras,BA,Brumado,Vitória da Conquista,-14.355677,-41.866208,8992
2920403,Manoel Vitorino,BA,Jequié,Vitória da Conquista,-14.053517,-40.529394,14280
2920452,Mansidão,BA,Barreiras,Barreiras,-11.089459,-44.099159,14595
2920502,Maracás,BA,Jequié,Vitória da Conquista,-13.545277,-40.547109,29450
2920601,Maragogipe,BA,Nazaré ¿ Maragogipe,Santo Antônio de Jesus,-12.838237,-38.946137,36875
2920700,Maraú,BA,Ilhéus ¿ Itabuna,Ilhéus ¿ Itabuna,-14.117497,-39.120748,25965
2920809,Marcionílio Souza,BA,Itaberaba,Feira de Santana,-13.144117,-40.653217,9447
2920908,Mascote,BA,Camacan,Ilhéus ¿ Itabuna,-15.676759,-39.426355,13897
2921005,Mata de São João,BA,Salvador,Salvador,-12.482933,-38.153745,45073
2921054,Matina,BA,Guanambi,Guanambi,-13.880120,-42.978307,10593
2921104,Medeiros Neto,BA,Teixeira de Freitas,Ilhéus ¿ Itabuna,-17.365203,-40.249658,22524
2921203,Miguel Calmon,BA,Jacobina,Feira de Santana,-11.444260,-40.587863,25213
2921302,Milagres,BA,Santo Antônio de Jesus,Santo Antônio de Jesus,-12.898300,-39.779218,11438
2921401,Mirangaba,BA,Jacobina,Feira de Santana,-10.787337,-40.720006,16150
2921450,Mirante,BA,Vitória da Conquista,Vitória da Conquista,-14.161807,-40.739326,10529
2921500,Monte Santo,BA,Euclides da Cunha,Paulo Afonso,-10.368762,-39.466315,49793
2921609,Morpará,BA,Xique-Xique ¿ Barra,Irecê,-11.719723,-43.059927,8209
2921708,Morro do Chapéu,BA,Irecê,Irecê,-11.367079,-41.247706,35245
2921807,Mortugaba,BA,Guanambi,Guanambi,-15.016089,-42.336789,11469
2921906,Mucugê,BA,Seabra,Feira de Santana,-13.088281,-41.462661,12768
2922003,Mucuri,BA,Teixeira de Freitas,Ilhéus ¿ Itabuna,-17.982538,-39.941369,40213
2922052,Mulungu do Morro,BA,Irecê,Irecê,-12.001437,-41.514084,13660
2922102,Mundo Novo,BA,Feira de Santana,Feira de Santana,-11.923620,-40.545240,16997
2922201,Muniz Ferreira,BA,Santo Antônio de Jesus,Santo Antônio de Jesus,-13.010456,-39.082444,7462
2922250,Muquém do São Francisco,BA,Xique-Xique ¿ Barra,Irecê,-12.166512,-43.517910,10810
2922300,Muritiba,BA,Cruz das Almas,Santo Antônio de Jesus,-12.619033,-39.065811,30210
2922409,Mutuípe,BA,Santo Antônio de Jesus,Santo Antônio de Jesus,-13.334786,-39.511936,20569
2922508,Nazaré,BA,Nazaré ¿ Maragogipe,Santo Antônio de Jesus,-12.971700,-38.998350,28450
2922607,Nilo Peçanha,BA,Valença,Santo Antônio de Jesus,-13.660788,-39.209032,12381
2922656,Nordestina,BA,Conceição do Coité,Feira de Santana,-10.872050,-39.462544,19903
2922706,Nova Canaã,BA,Vitória da Conquista,Vitória da Conquista,-14.856190,-40.188965,13910
2922730,Nova Fátima,BA,Feira de Santana,Feira de Santana,-11.624673,-39.648736,8301
2922755,Nova Ibiá,BA,Ipiaú,Vitória da Conquista,-13.833593,-39.579993,6691
2922805,Nova Itarana,BA,Santo Antônio de Jesus,Santo Antônio de Jesus,-13.056439,-40.019472,8085
2922854,Nova Redenção,BA,Itaberaba,Feira de Santana,-12.804856,-41.103044,7634
2922904,Nova Soure,BA,Ribeira do Pombal,Paulo Afonso,-11.329013,-38.536573,24828
2923001,Nova Viçosa,BA,Teixeira de Freitas,Ilhéus ¿ Itabuna,-17.878297,-39.666380,41699
2923035,Novo Horizonte,BA,Seabra,Feira de Santana,-12.870436,-42.116307,11605
2923050,Novo Triunfo,BA,Jeremoabo,Paulo Afonso,-10.349744,-38.480331,10935
2923100,Olindina,BA,Ribeira do Pombal,Paulo Afonso,-11.415850,-38.345406,22838
2923209,Oliveira dos Brejinhos,BA,Xique-Xique ¿ Barra,Irecê,-12.288384,-42.722476,21315
2923308,Ouriçangas,BA,Feira de Santana,Feira de Santana,-12.022230,-38.653240,7912
2923357,Ourolândia,BA,Jacobina,Feira de Santana,-10.833557,-41.129500,20236
2923407,Palmas de Monte Alto,BA,Guanambi,Guanambi,-14.134586,-43.156339,20656
2923506,Palmeiras,BA,Seabra,Feira de Santana,-12.548011,-41.539705,10962
2923605,Paramirim,BA,Brumado,Vitória da Conquista,-13.514177,-42.239153,21104
2923704,Paratinga,BA,Bom Jesus da Lapa,Guanambi,-12.731968,-43.064339,30689
2923803,Paripiranga,BA,Cícero Dantas,Paulo Afonso,-10.601510,-37.906738,27854
2923902,Pau Brasil,BA,Camacan,Ilhéus ¿ Itabuna,-15.475755,-39.676305,9494
2924009,Paulo Afonso,BA,Paulo Afonso,Paulo Afonso,-9.536193,-38.260671,119686
2924058,Pé de Serra,BA,Feira de Santana,Feira de Santana,-11.902314,-39.621833,13678
2924108,Pedrão,BA,Alagoinhas,Salvador,-12.138600,-38.638060,6392
2924207,Pedro Alexandre,BA,Jeremoabo,Paulo Afonso,-10.078746,-37.926718,14169
2924306,Piatã,BA,Seabra,Feira de Santana,-13.062480,-41.893773,21010
2924405,Pilão Arcado,BA,Juazeiro,Juazeiro,-9.963116,-43.203710,37493
2924504,Pindaí,BA,Guanambi,Guanambi,-14.515667,-42.669990,15106
2924603,Pindobaçu,BA,Senhor do Bonfim,Juazeiro,-10.727647,-40.348871,19579
2924652,Pintadas,BA,Feira de Santana,Feira de Santana,-11.882645,-39.885800,10651
2924678,Piraí do Norte,BA,Ipiaú,Vitória da Conquista,-13.799136,-39.366857,11527
2924702,Piripá,BA,Vitória da Conquista,Vitória da Conquista,-14.999594,-41.733444,9042
2924801,Piritiba,BA,Jacobina,Feira de Santana,-11.681800,-40.584848,17569
2924900,Planaltino,BA,Jequié,Vitória da Conquista,-13.178471,-40.287962,8226
2925006,Planalto,BA,Vitória da Conquista,Vitória da Conquista,-14.740695,-40.439843,24018
2925105,Poções,BA,Vitória da Conquista,Vitória da Conquista,-14.550560,-40.414140,50893
2925204,Pojuca,BA,Salvador,Salvador,-12.371464,-38.260571,33541
2925253,Ponto Novo,BA,Senhor do Bonfim,Juazeiro,-10.957982,-40.115724,18848
2925303,Porto Seguro,BA,Eunápolis - Porto Seguro,Ilhéus ¿ Itabuna,-16.672926,-39.297903,184087
2925402,Potiraguá,BA,Itapetinga,Vitória da Conquista,-15.676687,-39.767525,10659
2925501,Prado,BA,Teixeira de Freitas,Ilhéus ¿ Itabuna,-17.138084,-39.396192,37733
2925600,Presidente Dutra,BA,Irecê,Irecê,-11.301309,-42.002218,15702
2925709,Presidente Jânio Quadros,BA,Vitória da Conquista,Vitória da Conquista,-14.710583,-41.736162,12941
2925758,Presidente Tancredo Neves,BA,Valença,Santo Antônio de Jesus,-13.465650,-39.434125,29622
2925808,Queimadas,BA,Conceição do Coité,Feira de Santana,-11.000203,-39.703270,27490
2925907,Quijingue,BA,Euclides da Cunha,Paulo Afonso,-10.766421,-39.015829,26431
2925931,Quixabeira,BA,Jacobina,Feira de Santana,-11.391093,-40.117113,9861
2925956,Rafael Jambeiro,BA,Feira de Santana,Feira de Santana,-12.484981,-39.576746,20023
2926004,Remanso,BA,Juazeiro,Juazeiro,-9.577581,-42.289338,42957
2926103,Retirolândia,BA,Conceição do Coité,Feira de Santana,-11.508200,-39.422491,14199
2926202,Riachão das Neves,BA,Barreiras,Barreiras,-11.630017,-45.311906,22352
2926301,Riachão do Jacuípe,BA,Feira de Santana,Feira de Santana,-11.827838,-39.420677,35251
2926400,Riacho de Santana,BA,Guanambi,Guanambi,-13.656129,-43.000062,32032
2926509,Ribeira do Amparo,BA,Ribeira do Pombal,Paulo Afonso,-10.968581,-38.389656,14529
2926608,Ribeira do Pombal,BA,Ribeira do Pombal,Paulo Afonso,-10.799592,-38.567472,56449
2926657,Ribeirão do Largo,BA,Vitória da Conquista,Vitória da Conquista,-15.393027,-40.695864,10021
2926707,Rio de Contas,BA,Brumado,Vitória da Conquista,-13.578624,-41.742221,13641
2926806,Rio do Antônio,BA,Guanambi,Guanambi,-14.300550,-42.098156,13469
2926905,Rio do Pires,BA,Brumado,Vitória da Conquista,-13.136038,-42.159945,10764
2927002,Rio Real,BA,Alagoinhas,Salvador,-11.545846,-37.914093,36938
2927101,Rodelas,BA,Paulo Afonso,Paulo Afonso,-9.160183,-38.653882,10959
2927200,Ruy Barbosa,BA,Itaberaba,Feira de Santana,-12.247638,-40.544038,29575
2927309,Salinas da Margarida,BA,Nazaré ¿ Maragogipe,Santo Antônio de Jesus,-12.893180,-38.763770,15685
2927408,Salvador,BA,Salvador,Salvador,-12.858632,-38.502227,2559945
2927507,Santa Bárbara,BA,Feira de Santana,Feira de Santana,-11.942294,-38.986975,21845
2927606,Santa Brígida,BA,Paulo Afonso,Paulo Afonso,-9.746132,-38.186895,15411
2927705,Santa Cruz Cabrália,BA,Eunápolis - Porto Seguro,Ilhéus ¿ Itabuna,-16.235061,-39.205000,31148
2927804,Santa Cruz da Vitória,BA,Ilhéus ¿ Itabuna,Ilhéus ¿ Itabuna,-14.894515,-39.793055,4612
2927903,Santa Inês,BA,Jequié,Vitória da Conquista,-13.284944,-39.848794,10621
2928000,Santaluz,BA,Conceição do Coité,Feira de Santana,-11.221610,-39.493016,40196
2928059,Santa Luzia,BA,Camacan,Ilhéus ¿ Itabuna,-15.447700,-39.271185,14405
2928109,Santa Maria da Vitória,BA,Santa Maria da Vitoria,Barreiras,-13.234206,-44.351376,40486
2928208,Santana,BA,Barreiras,Barreiras,-13.080462,-43.965187,25531
2928307,Santanópolis,BA,Feira de Santana,Feira de Santana,-11.996530,-38.861570,9046
2928406,Santa Rita de Cássia,BA,Barreiras,Barreiras,-11.012664,-44.636096,28932
2928505,Santa Terezinha,BA,Cruz das Almas,Santo Antônio de Jesus,-12.736590,-39.572500,10914
2928604,Santo Amaro,BA,Salvador,Salvador,-12.555046,-38.767933,58384
2928703,Santo Antônio de Jesus,BA,Santo Antônio de Jesus,Santo Antônio de Jesus,-13.010289,-39.227450,110268
2928802,Santo Estêvão,BA,Feira de Santana,Feira de Santana,-12.471950,-39.264719,55333
2928901,São Desidério,BA,Barreiras,Barreiras,-12.833630,-45.587067,35161
2928950,São Domingos,BA,Conceição do Coité,Feira de Santana,-11.469242,-39.573675,8687
2929008,São Félix,BA,Cruz das Almas,Santo Antônio de Jesus,-12.653655,-38.991218,11014
2929057,São Félix do Coribe,BA,Santa Maria da Vitoria,Barreiras,-13.532535,-44.026152,15816
2929107,São Felipe,BA,Cruz das Almas,Santo Antônio de Jesus,-12.857480,-39.087387,20927
2929206,São Francisco do Conde,BA,Salvador,Salvador,-12.658693,-38.629013,41272
2929255,São Gabriel,BA,Irecê,Irecê,-11.024379,-41.664304,19246
2929305,São Gonçalo dos Campos,BA,Feira de Santana,Feira de Santana,-12.422908,-38.970238,42409
2929354,São José da Vitória,BA,Ilhéus ¿ Itabuna,Ilhéus ¿ Itabuna,-15.073411,-39.347556,5415
2929370,São José do Jacuípe,BA,Jacobina,Feira de Santana,-11.431806,-39.908425,10594
2929404,São Miguel das Matas,BA,Santo Antônio de Jesus,Santo Antônio de Jesus,-13.043007,-39.407936,10625
2929503,São Sebastião do Passé,BA,Salvador,Salvador,-12.521191,-38.483382,42951
2929602,Sapeaçu,BA,Cruz das Almas,Santo Antônio de Jesus,-12.723356,-39.203289,18699
2929701,Sátiro Dias,BA,Alagoinhas,Salvador,-11.561400,-38.555876,16468
2929750,Saubara,BA,Salvador,Salvador,-12.775022,-38.760700,11875
2929800,Saúde,BA,Jacobina,Feira de Santana,-10.922713,-40.381300,10612
2929909,Seabra,BA,Seabra,Feira de Santana,-12.403055,-41.896771,48894
2930006,Sebastião Laranjeiras,BA,Guanambi,Guanambi,-14.591355,-43.075945,9556
2930105,Senhor do Bonfim,BA,Senhor do Bonfim,Juazeiro,-10.453785,-40.127450,78193
2930154,Serra do Ramalho,BA,Bom Jesus da Lapa,Guanambi,-13.480671,-43.663171,36517
2930204,Sento Sé,BA,Juazeiro,Juazeiro,-10.104686,-41.580388,40310
2930303,Serra Dourada,BA,Barreiras,Barreiras,-12.841147,-43.931900,17558
2930402,Serra Preta,BA,Feira de Santana,Feira de Santana,-12.073576,-39.387288,18818
2930501,Serrinha,BA,Serrinha,Feira de Santana,-11.687405,-39.009195,84928
2930600,Serrolândia,BA,Jacobina,Feira de Santana,-11.427238,-40.265485,13893
2930709,Simões Filho,BA,Salvador,Salvador,-12.754690,-38.396510,120429
2930758,Sítio do Mato,BA,Bom Jesus da Lapa,Guanambi,-12.935012,-43.481487,14030
2930766,Sítio do Quinto,BA,Jeremoabo,Paulo Afonso,-10.325709,-38.148173,14504
2930774,Sobradinho,BA,Juazeiro,Juazeiro,-9.643550,-40.866775,27222
2930808,Souto Soares,BA,Seabra,Feira de Santana,-12.024686,-41.828062,17777
2930907,Tabocas do Brejo Velho,BA,Barreiras,Barreiras,-12.495000,-44.096393,12367
2931004,Tanhaçu,BA,Vitória da Conquista,Vitória da Conquista,-14.105093,-41.174793,21828
2931053,Tanque Novo,BA,Guanambi,Guanambi,-13.573159,-42.523086,17815
2931103,Tanquinho,BA,Feira de Santana,Feira de Santana,-11.947607,-39.094353,7998
2931202,Taperoá,BA,Valença,Santo Antônio de Jesus,-13.556776,-39.208124,18542
2931301,Tapiramutá,BA,Jacobina,Feira de Santana,-11.877560,-40.794845,16200
2931350,Teixeira de Freitas,BA,Teixeira de Freitas,Ilhéus ¿ Itabuna,-17.350538,-39.832092,154114
2931400,Teodoro Sampaio,BA,Alagoinhas,Salvador,-12.270450,-38.616408,7261
2931509,Teofilândia,BA,Serrinha,Feira de Santana,-11.474692,-38.978008,21824
2931608,Teolândia,BA,Ipiaú,Vitória da Conquista,-13.550863,-39.505784,15809
2931707,Terra Nova,BA,Salvador,Salvador,-12.395500,-38.594442,10923
2931806,Tremedal,BA,Vitória da Conquista,Vitória da Conquista,-15.008921,-41.445445,16604
2931905,Tucano,BA,Ribeira do Pombal,Paulo Afonso,-11.003150,-38.820973,51067
2932002,Uauá,BA,Juazeiro,Juazeiro,-9.941103,-39.471329,25457
2932101,Ubaíra,BA,Santo Antônio de Jesus,Santo Antônio de Jesus,-13.310383,-39.678655,19118
2932200,Ubaitaba,BA,Ilhéus ¿ Itabuna,Ilhéus ¿ Itabuna,-14.267667,-39.430880,17797
2932309,Ubatã,BA,Ipiaú,Vitória da Conquista,-14.088364,-39.521136,15605
2932408,Uibaí,BA,Irecê,Irecê,-11.402774,-42.096411,13891
2932457,Umburanas,BA,Jacobina,Feira de Santana,-10.577432,-41.269302,13692
2932507,Una,BA,Camacan,Ilhéus ¿ Itabuna,-15.215722,-39.178222,18117
2932606,Urandi,BA,Guanambi,Guanambi,-14.727304,-42.673707,15759
2932705,Uruçuca,BA,Ilhéus ¿ Itabuna,Ilhéus ¿ Itabuna,-14.514960,-39.217993,22178
2932804,Utinga,BA,Itaberaba,Feira de Santana,-12.047648,-41.066657,16603
2932903,Valença,BA,Valença,Santo Antônio de Jesus,-13.345687,-39.191632,90075
2933000,Valente,BA,Conceição do Coité,Feira de Santana,-11.379117,-39.429358,25138
2933059,Várzea da Roça,BA,Feira de Santana,Feira de Santana,-11.615686,-40.077550,14308
2933109,Várzea do Poço,BA,Jacobina,Feira de Santana,-11.537337,-40.298488,8325
2933158,Várzea Nova,BA,Jacobina,Feira de Santana,-11.110128,-41.081661,13883
2933174,Varzedo,BA,Santo Antônio de Jesus,Santo Antônio de Jesus,-12.957300,-39.390647,10357
2933208,Vera Cruz,BA,Nazaré ¿ Maragogipe,Santo Antônio de Jesus,-13.010500,-38.689238,45386
2933257,Vereda,BA,Teixeira de Freitas,Ilhéus ¿ Itabuna,-17.156975,-40.007188,6076
2933307,Vitória da Conquista,BA,Vitória da Conquista,Vitória da Conquista,-15.101056,-40.927361,398970
2933406,Wagner,BA,Itaberaba,Feira de Santana,-12.248654,-41.138200,9883
2933455,Wanderley,BA,Barreiras,Barreiras,-11.830349,-43.929842,13481
2933505,Wenceslau Guimarães,BA,Ipiaú,Vitória da Conquista,-13.629295,-39.593814,25835
2933604,Xique-Xique,BA,Xique-Xique ¿ Barra,Irecê,-10.939322,-42.745833,47056
3100104,Abadia dos Dourados,MG,Monte Carmelo,Uberlândia,-18.377655,-47.451439,6326
3100203,Abaeté,MG,Abaeté,Divinópolis,-19.100498,-45.376510,23185
3100302,Abre Campo,MG,Manhuaçu,Juíz de Fora,-20.282471,-42.452638,14395
3100401,Acaiaca,MG,Ponte Nova,Juíz de Fora,-20.403125,-43.097217,4000
3100500,Açucena,MG,Ipatinga,Ipatinga,-19.067315,-42.446637,8862
3100609,Água Boa,MG,Capelinha,Teófilo Otoni,-18.031819,-42.272694,12245
3100708,Água Comprida,MG,Uberaba,Uberaba,-19.992039,-48.085339,2176
3100807,Aguanil,MG,Campo Belo,Varginha,-20.971908,-45.428231,4527
3100906,Águas Formosas,MG,Águas Formosas,Teófilo Otoni,-17.042840,-40.979372,18859
3101003,Águas Vermelhas,MG,Pedra Azul,Teófilo Otoni,-15.699331,-41.550589,14643
3101102,Aimorés,MG,Aimorés - Resplendor,Governador Valadares,-19.657550,-41.209550,26257
3101201,Aiuruoca,MG,Caxambu - Baependi,Pouso Alegre,-21.970600,-44.627313,6397
3101300,Alagoa,MG,São Lourenço,Pouso Alegre,-22.174400,-44.654755,2823
3101409,Albertina,MG,Pouso Alegre,Pouso Alegre,-22.191771,-46.600886,3031
3101508,Além Paraíba,MG,Além Paraíba,Juíz de Fora,-21.844665,-42.796835,30994
3101607,Alfenas,MG,Alfenas,Varginha,-21.394257,-45.984230,82637
3101631,Alfredo Vasconcelos,MG,Barbacena,Barbacena,-21.125655,-43.713518,7285
3101706,Almenara,MG,Almenara,Teófilo Otoni,-16.094094,-40.760380,42137
3101805,Alpercata,MG,Governador Valadares,Governador Valadares,-18.981942,-42.005167,7009
3101904,Alpinópolis,MG,Passos,Varginha,-20.843695,-46.391605,18673
3102001,Alterosa,MG,Alfenas,Varginha,-21.222694,-46.185276,14291
3102050,Alto Caparaó,MG,Manhuaçu,Juíz de Fora,-20.462320,-41.862250,6043
3102100,Alto Rio Doce,MG,Barbacena,Barbacena,-21.028455,-43.383550,10871
3102209,Alvarenga,MG,Caratinga,Ipatinga,-19.417447,-41.693167,3961
3102308,Alvinópolis,MG,Ponte Nova,Juíz de Fora,-20.100746,-43.135442,15355
3102407,Alvorada de Minas,MG,Diamantina,Teófilo Otoni,-18.782359,-43.383618,4393
3102506,Amparo do Serra,MG,Ponte Nova,Juíz de Fora,-20.517090,-42.790040,4554
3102605,Andradas,MG,Poços de Caldas,Pouso Alegre,-22.080287,-46.574161,42708
3102704,Cachoeira de Pajeú,MG,Pedra Azul,Teófilo Otoni,-15.973554,-41.506681,9360
3102803,Andrelândia,MG,Juiz de Fora,Juíz de Fora,-21.731930,-44.282100,12157
3102852,Angelândia,MG,Capelinha,Teófilo Otoni,-17.684377,-42.278054,7839
3102902,Antônio Carlos,MG,Barbacena,Barbacena,-21.423318,-43.756373,11356
3103009,Antônio Dias,MG,Ipatinga,Ipatinga,-19.552655,-42.876007,9362
3103108,Antônio Prado de Minas,MG,Muriaé,Juíz de Fora,-21.021600,-42.143545,1545
3103207,Araçaí,MG,Sete Lagoas,Belo Horizonte,-19.247808,-44.224950,2220
3103306,Aracitaba,MG,Juiz de Fora,Juíz de Fora,-21.341363,-43.398013,2096
3103405,Araçuaí,MG,Araçuaí,Teófilo Otoni,-16.915090,-41.964914,35124
3103504,Araguari,MG,Uberlândia,Uberlândia,-18.568959,-48.244986,123959
3103603,Arantina,MG,Juiz de Fora,Juíz de Fora,-21.891120,-44.221450,3004
3103702,Araponga,MG,Viçosa,Juíz de Fora,-20.683926,-42.510542,8217
3103751,Araporã,MG,Uberlândia,Uberlândia,-18.485774,-49.127800,9196
3103801,Arapuá,MG,Patos de Minas,Patos de Minas,-19.047470,-46.131520,2662
3103900,Araújos,MG,Divinópolis,Divinópolis,-19.871387,-45.167320,9708
3104007,Araxá,MG,Araxá,Uberaba,-19.636223,-46.991000,119834
3104106,Arceburgo,MG,Guaxupé,Varginha,-21.356900,-46.945078,9323
3104205,Arcos,MG,Formiga,Divinópolis,-20.256832,-45.562879,43941
3104304,Areado,MG,Alfenas,Varginha,-21.358336,-46.140807,14245
3104403,Argirita,MG,Cataguases,Juíz de Fora,-21.639850,-42.825633,2706
3104452,Aricanduva,MG,Capelinha,Teófilo Otoni,-17.888427,-42.579247,4820
3104502,Arinos,MG,Unaí,Patos de Minas,-15.757355,-46.032632,17574
3104601,Astolfo Dutra,MG,Cataguases,Juíz de Fora,-21.316900,-42.876829,14697
3104700,Ataléia,MG,Teófilo Otoni,Teófilo Otoni,-18.171900,-41.192549,13907
3104809,Augusto de Lima,MG,Curvelo,Belo Horizonte,-18.107229,-44.197565,4553
3104908,Baependi,MG,Caxambu - Baependi,Pouso Alegre,-21.986921,-44.844225,18796
3105004,Baldim,MG,Sete Lagoas,Belo Horizonte,-19.249704,-43.857472,7577
3105103,Bambuí,MG,Formiga,Divinópolis,-20.131559,-45.988916,24258
3105202,Bandeira,MG,Almenara,Teófilo Otoni,-15.867118,-40.606027,4800
3105301,Bandeira do Sul,MG,Poços de Caldas,Pouso Alegre,-21.730971,-46.395171,6218
3105400,Barão de Cocais,MG,Santa Bárbara - Ouro Preto,Belo Horizonte,-19.897471,-43.495859,32424
3105509,Barão do Monte Alto,MG,Muriaé,Juíz de Fora,-21.271671,-42.278464,4915
3105608,Barbacena,MG,Barbacena,Barbacena,-21.258621,-43.825679,129757
3105707,Barra Longa,MG,Ponte Nova,Juíz de Fora,-20.280245,-43.044225,5696
3105905,Barroso,MG,Barbacena,Barbacena,-21.186343,-43.956414,20640
3106002,Bela Vista de Minas,MG,João Monlevade,Ipatinga,-19.803385,-43.106177,10442
3106101,Belmiro Braga,MG,Juiz de Fora,Juíz de Fora,-21.983719,-43.457637,3286
3106200,Belo Horizonte,MG,Belo Horizonte,Belo Horizonte,-19.914787,-43.960088,2415451
3106309,Belo Oriente,MG,Ipatinga,Ipatinga,-19.264994,-42.446765,24587
3106408,Belo Vale,MG,Conselheiro Lafaiete,Barbacena,-20.431124,-44.065624,9074
3106507,Berilo,MG,Araçuaí,Teófilo Otoni,-16.862583,-42.495861,9515
3106606,Bertópolis,MG,Águas Formosas,Teófilo Otoni,-16.950244,-40.576404,4546
3106655,Berizal,MG,Salinas,Montes Claros,-15.696358,-41.752771,4264
3106705,Betim,MG,Belo Horizonte,Belo Horizonte,-19.950705,-44.193132,433902
3106804,Bias Fortes,MG,Juiz de Fora,Juíz de Fora,-21.635987,-43.764900,3346
3106903,Bicas,MG,São João Nepomuceno - Bicas,Juíz de Fora,-21.729277,-43.093223,14383
3107000,Biquinhas,MG,Abaeté,Divinópolis,-18.768929,-45.539818,2385
3107109,Boa Esperança,MG,Três Pontas - Boa Esperança,Varginha,-21.055348,-45.644670,41547
3107208,Bocaina de Minas,MG,Juiz de Fora,Juíz de Fora,-22.234577,-44.509755,5551
3107307,Bocaiúva,MG,Montes Claros,Montes Claros,-17.312511,-43.669596,49919
3107406,Bom Despacho,MG,Dores do Indaiá,Divinópolis,-19.696419,-45.311729,54738
3107505,Bom Jardim de Minas,MG,Juiz de Fora,Juíz de Fora,-21.938030,-44.125630,7007
3107604,Bom Jesus da Penha,MG,Passos,Varginha,-21.013973,-46.530400,4710
3107703,Bom Jesus do Amparo,MG,Itabira,Belo Horizonte,-19.712246,-43.479446,5797
3107802,Bom Jesus do Galho,MG,Caratinga,Ipatinga,-19.745961,-42.360807,14683
3107901,Bom Repouso,MG,Pouso Alegre,Pouso Alegre,-22.447515,-46.179954,13434
3108008,Bom Sucesso,MG,Lavras,Varginha,-21.026928,-44.791748,17519
3108107,Bonfim,MG,Oliveira,Divinópolis,-20.318533,-44.213372,7747
3108206,Bonfinópolis de Minas,MG,Unaí,Patos de Minas,-16.496738,-46.175467,5585
3108255,Bonito de Minas,MG,Januária,Montes Claros,-14.944010,-44.892216,10557
3108305,Borda da Mata,MG,Pouso Alegre,Pouso Alegre,-22.260211,-46.156274,17861
3108404,Botelhos,MG,Poços de Caldas,Pouso Alegre,-21.637958,-46.419026,15144
3108503,Botumirim,MG,Montes Claros,Montes Claros,-16.939236,-43.005331,5772
3108552,Brasilândia de Minas,MG,Patos de Minas,Patos de Minas,-16.942206,-45.909157,15535
3108602,Brasília de Minas,MG,Montes Claros,Montes Claros,-16.199017,-44.420669,33332
3108701,Brás Pires,MG,Ubá,Juíz de Fora,-20.880364,-43.230036,4278
3108800,Braúnas,MG,Ipatinga,Ipatinga,-19.030826,-42.726711,4417
3108909,Brazópolis,MG,Itajubá,Pouso Alegre,-22.499350,-45.629983,14478
3109006,Brumadinho,MG,Belo Horizonte,Belo Horizonte,-20.187896,-44.144527,41382
3109105,Bueno Brandão,MG,Pouso Alegre,Pouso Alegre,-22.499567,-46.356847,11176
3109204,Buenópolis,MG,Curvelo,Belo Horizonte,-17.886470,-44.056193,9117
3109253,Bugre,MG,Ipatinga,Ipatinga,-19.361971,-42.321900,4169
3109303,Buritis,MG,Unaí,Patos de Minas,-15.456023,-46.614554,24860
3109402,Buritizeiro,MG,Pirapora,Montes Claros,-17.307176,-45.212606,23756
3109451,Cabeceira Grande,MG,Unaí,Patos de Minas,-16.078912,-47.133788,6824
3109501,Cabo Verde,MG,Guaxupé,Varginha,-21.492648,-46.383696,11150
3109600,Cachoeira da Prata,MG,Sete Lagoas,Belo Horizonte,-19.522129,-44.468086,3790
3109709,Cachoeira de Minas,MG,Pouso Alegre,Pouso Alegre,-22.361440,-45.794275,12353
3109808,Cachoeira Dourada,MG,Ituiutaba,Uberlândia,-18.592736,-49.479364,2329
3109907,Caetanópolis,MG,Sete Lagoas,Belo Horizonte,-19.357762,-44.390446,11976
3110004,Caeté,MG,Belo Horizonte,Belo Horizonte,-19.893665,-43.646055,39704
3110103,Caiana,MG,Carangola,Juíz de Fora,-20.741678,-41.916722,5505
3110202,Cajuri,MG,Viçosa,Juíz de Fora,-20.787244,-42.780600,4195
3110301,Caldas,MG,Poços de Caldas,Pouso Alegre,-21.878393,-46.341046,14666
3110400,Camacho,MG,Divinópolis,Divinópolis,-20.655400,-45.142742,2836
3110509,Camanducaia,MG,Pouso Alegre,Pouso Alegre,-22.792800,-46.068000,28152
3110608,Cambuí,MG,Pouso Alegre,Pouso Alegre,-22.588489,-46.066250,31252
3110707,Cambuquira,MG,Três Corações,Varginha,-21.865967,-45.285080,12543
3110806,Campanário,MG,Teófilo Otoni,Teófilo Otoni,-18.276929,-41.726833,2852
3110905,Campanha,MG,Três Corações,Varginha,-21.812356,-45.390422,16406
3111002,Campestre,MG,Poços de Caldas,Pouso Alegre,-21.738541,-46.222093,21167
3111101,Campina Verde,MG,Uberlândia,Uberlândia,-19.458419,-49.773252,18129
3111150,Campo Azul,MG,Montes Claros,Montes Claros,-16.549382,-44.796606,3810
3111200,Campo Belo,MG,Campo Belo,Varginha,-20.915705,-45.245371,54106
3111309,Campo do Meio,MG,Alfenas,Varginha,-21.119936,-45.846250,11627
3111408,Campo Florido,MG,Uberaba,Uberaba,-19.710643,-48.653596,9019
3111507,Campos Altos,MG,Araxá,Uberaba,-19.605945,-46.196505,13020
3111606,Campos Gerais,MG,Alfenas,Varginha,-21.263948,-45.738339,26693
3111705,Canaã,MG,Viçosa,Juíz de Fora,-20.674936,-42.634400,4847
3111804,Canápolis,MG,Uberlândia,Uberlândia,-18.772039,-49.262514,10678
3111903,Cana Verde,MG,Lavras,Varginha,-21.042100,-45.187087,5328
3112000,Candeias,MG,Campo Belo,Varginha,-20.743352,-45.260796,14188
3112059,Cantagalo,MG,Guanhães,Governador Valadares,-18.516490,-42.661070,4020
3112109,Caparaó,MG,Manhuaçu,Juíz de Fora,-20.519814,-41.974407,5133
3112208,Capela Nova,MG,Conselheiro Lafaiete,Barbacena,-20.902313,-43.607600,4379
3112307,Capelinha,MG,Capelinha,Teófilo Otoni,-17.678050,-42.503689,42162
3112406,Capetinga,MG,Passos,Varginha,-20.647682,-47.049941,6603
3112505,Capim Branco,MG,Sete Lagoas,Belo Horizonte,-19.576140,-44.169990,11316
3112604,Capinópolis,MG,Ituiutaba,Uberlândia,-18.694068,-49.581663,14847
3112653,Capitão Andrade,MG,Governador Valadares,Governador Valadares,-19.039500,-41.839750,4619
3112703,Capitão Enéas,MG,Montes Claros,Montes Claros,-16.091859,-43.679681,14406
3112802,Capitólio,MG,Piumhi,Varginha,-20.610719,-46.170538,11111
3112901,Caputira,MG,Manhuaçu,Juíz de Fora,-20.188870,-42.252150,9128
3113008,Caraí,MG,Teófilo Otoni,Teófilo Otoni,-17.170125,-41.607652,19376
3113107,Caranaíba,MG,Conselheiro Lafaiete,Barbacena,-20.894625,-43.724358,2925
3113206,Carandaí,MG,Conselheiro Lafaiete,Barbacena,-20.985346,-43.832350,24436
3113305,Carangola,MG,Carangola,Juíz de Fora,-20.717950,-42.096135,32105
3113404,Caratinga,MG,Caratinga,Ipatinga,-19.696895,-42.139452,91082
3113503,Carbonita,MG,Diamantina,Teófilo Otoni,-17.478314,-43.022739,8574
3113602,Careaçu,MG,Pouso Alegre,Pouso Alegre,-22.076681,-45.669156,7093
3113701,Carlos Chagas,MG,Teófilo Otoni,Teófilo Otoni,-17.654287,-40.835406,18717
3113800,Carmésia,MG,Itabira,Belo Horizonte,-19.070718,-43.170218,2702
3113909,Carmo da Cachoeira,MG,Três Corações,Varginha,-21.452267,-45.190778,11758
3114006,Carmo da Mata,MG,Divinópolis,Divinópolis,-20.559863,-44.887563,11302
3114105,Carmo de Minas,MG,São Lourenço,Pouso Alegre,-22.104582,-45.142082,14136
3114204,Carmo do Cajuru,MG,Divinópolis,Divinópolis,-20.188389,-44.707617,24775
3114303,Carmo do Paranaíba,MG,Patos de Minas,Patos de Minas,-18.886447,-46.179353,29872
3114402,Carmo do Rio Claro,MG,Passos,Varginha,-20.972529,-46.111354,21545
3114501,Carmópolis de Minas,MG,Oliveira,Divinópolis,-20.568943,-44.643614,18621
3114550,Carneirinho,MG,Iturama,Uberaba,-19.772853,-50.840916,9636
3114600,Carrancas,MG,Lavras,Varginha,-21.456862,-44.619343,4168
3114709,Carvalhópolis,MG,Alfenas,Varginha,-21.773856,-45.827367,3421
3114808,Carvalhos,MG,Caxambu - Baependi,Pouso Alegre,-22.021906,-44.479794,4498
3114907,Casa Grande,MG,Conselheiro Lafaiete,Barbacena,-20.838118,-43.939227,2260
3115003,Cascalho Rico,MG,Uberlândia,Uberlândia,-18.563067,-47.874883,2745
3115102,Cássia,MG,Passos,Varginha,-20.547308,-46.926520,17487
3115201,Conceição da Barra de Minas,MG,São João del Rei,Barbacena,-21.150700,-44.486777,3558
3115300,Cataguases,MG,Cataguases,Juíz de Fora,-21.343120,-42.655960,67600
3115359,Catas Altas,MG,Santa Bárbara - Ouro Preto,Belo Horizonte,-20.081914,-43.412057,5741
3115409,Catas Altas da Noruega,MG,Conselheiro Lafaiete,Barbacena,-20.675608,-43.495017,3107
3115458,Catuji,MG,Teófilo Otoni,Teófilo Otoni,-17.365104,-41.511583,7269
3115474,Catuti,MG,Espinosa,Montes Claros,-15.330322,-43.091939,4771
3115508,Caxambu,MG,Caxambu - Baependi,Pouso Alegre,-21.995133,-44.953322,21390
3115607,Cedro do Abaeté,MG,Abaeté,Divinópolis,-19.110579,-45.703243,1078
3115706,Central de Minas,MG,Mantena,Governador Valadares,-18.770364,-41.304079,6186
3115805,Centralina,MG,Uberlândia,Uberlândia,-18.635805,-49.162932,10454
3115904,Chácara,MG,Juiz de Fora,Juíz de Fora,-21.677014,-43.214721,3211
3116001,Chalé,MG,Manhuaçu,Juíz de Fora,-20.030454,-41.665277,6315
3116100,Chapada do Norte,MG,Capelinha,Teófilo Otoni,-17.159048,-42.398552,9515
3116159,Chapada Gaúcha,MG,São Francisco,Montes Claros,-15.423381,-45.506785,12992
3116209,Chiador,MG,Juiz de Fora,Juíz de Fora,-21.961792,-42.990132,2870
3116308,Cipotânea,MG,Barbacena,Barbacena,-20.931109,-43.378309,5502
3116407,Claraval,MG,Passos,Varginha,-20.366154,-47.244438,4980
3116506,Claro dos Poções,MG,Montes Claros,Montes Claros,-17.073053,-44.213023,7202
3116605,Cláudio,MG,Divinópolis,Divinópolis,-20.410339,-44.783289,32192
3116704,Coimbra,MG,Viçosa,Juíz de Fora,-20.842877,-42.791192,7300
3116803,Coluna,MG,Guanhães,Governador Valadares,-18.242650,-42.832289,8165
3116902,Comendador Gomes,MG,Frutal,Uberaba,-19.662827,-49.082607,2795
3117009,Comercinho,MG,Pedra Azul,Teófilo Otoni,-16.291390,-41.770040,6458
3117108,Conceição da Aparecida,MG,Alfenas,Varginha,-21.094167,-46.227827,10740
3117207,Conceição das Pedras,MG,Itajubá,Pouso Alegre,-22.134900,-45.407273,2843
3117306,Conceição das Alagoas,MG,Uberaba,Uberaba,-19.979575,-48.350832,30589
3117405,Conceição de Ipanema,MG,Manhuaçu,Juíz de Fora,-19.924626,-41.693211,4503
3117504,Conceição do Mato Dentro,MG,Sete Lagoas,Belo Horizonte,-18.931133,-43.500608,24846
3117603,Conceição do Pará,MG,Divinópolis,Divinópolis,-19.780183,-44.886433,5601
3117702,Conceição do Rio Verde,MG,São Lourenço,Pouso Alegre,-21.897726,-45.083911,12751
3117801,Conceição dos Ouros,MG,Pouso Alegre,Pouso Alegre,-22.446200,-45.773420,11250
3117836,Cônego Marinho,MG,Januária,Montes Claros,-15.051068,-44.580223,7446
3117876,Confins,MG,Belo Horizonte,Belo Horizonte,-19.648429,-43.980686,7836
3117900,Congonhal,MG,Pouso Alegre,Pouso Alegre,-22.135292,-46.033517,11483
3118007,Congonhas,MG,Conselheiro Lafaiete,Barbacena,-20.533922,-43.853906,55542
3118106,Congonhas do Norte,MG,Sete Lagoas,Belo Horizonte,-18.908839,-43.664550,4920
3118205,Conquista,MG,Uberaba,Uberaba,-19.880405,-47.622995,6890
3118304,Conselheiro Lafaiete,MG,Conselheiro Lafaiete,Barbacena,-20.667638,-43.802394,139858
3118403,Conselheiro Pena,MG,Governador Valadares,Governador Valadares,-19.139307,-41.414386,20989
3118502,Consolação,MG,Pouso Alegre,Pouso Alegre,-22.536411,-45.919511,1561
3118601,Contagem,MG,Belo Horizonte,Belo Horizonte,-19.897436,-44.076736,652973
3118700,Coqueiral,MG,Três Pontas - Boa Esperança,Varginha,-21.165953,-45.415927,9179
3118809,Coração de Jesus,MG,Montes Claros,Montes Claros,-16.620172,-44.393098,26125
3118908,Cordisburgo,MG,Sete Lagoas,Belo Horizonte,-19.109696,-44.214142,7481
3119005,Cordislândia,MG,Varginha,Varginha,-21.781267,-45.652142,3225
3119104,Corinto,MG,Curvelo,Belo Horizonte,-18.333911,-44.610653,23981
3119203,Coroaci,MG,Governador Valadares,Governador Valadares,-18.605240,-42.264725,11279
3119302,Coromandel,MG,Patrocínio,Patos de Minas,-18.390823,-47.118768,30209
3119401,Coronel Fabriciano,MG,Ipatinga,Ipatinga,-19.454659,-42.684953,108857
3119500,Coronel Murta,MG,Araçuaí,Teófilo Otoni,-16.586165,-42.211917,8194
3119609,Coronel Pacheco,MG,Juiz de Fora,Juíz de Fora,-21.606730,-43.290330,2779
3119708,Coronel Xavier Chaves,MG,São João del Rei,Barbacena,-21.033900,-44.209382,3610
3119807,Córrego Danta,MG,Formiga,Divinópolis,-19.785270,-45.957778,2935
3119906,Córrego do Bom Jesus,MG,Pouso Alegre,Pouso Alegre,-22.634936,-45.985836,4493
3119955,Córrego Fundo,MG,Formiga,Divinópolis,-20.456478,-45.541522,6355
3120003,Córrego Novo,MG,Caratinga,Ipatinga,-19.827731,-42.427023,2889
3120102,Couto de Magalhães de Minas,MG,Diamantina,Teófilo Otoni,-18.109010,-43.417507,4355
3120151,Crisólita,MG,Águas Formosas,Teófilo Otoni,-17.247717,-40.976003,5219
3120201,Cristais,MG,Campo Belo,Varginha,-20.819422,-45.566450,12688
3120300,Cristália,MG,Montes Claros,Montes Claros,-16.705188,-42.809392,5103
3120409,Cristiano Otoni,MG,Conselheiro Lafaiete,Barbacena,-20.843464,-43.822127,4704
3120508,Cristina,MG,São Lourenço,Pouso Alegre,-22.212481,-45.287075,10657
3120607,Crucilândia,MG,Oliveira,Divinópolis,-20.395817,-44.347550,5712
3120706,Cruzeiro da Fortaleza,MG,Patrocínio,Patos de Minas,-18.973293,-46.661887,3623
3120805,Cruzília,MG,Caxambu - Baependi,Pouso Alegre,-21.744405,-44.805355,15879
3120839,Cuparaque,MG,Aimorés - Resplendor,Governador Valadares,-19.007531,-41.126925,3924
3120870,Curral de Dentro,MG,Salinas,Montes Claros,-15.842946,-41.761733,7692
3120904,Curvelo,MG,Curvelo,Belo Horizonte,-18.792613,-44.401059,84709
3121001,Datas,MG,Diamantina,Teófilo Otoni,-18.483900,-43.654860,5651
3121100,Delfim Moreira,MG,Itajubá,Pouso Alegre,-22.507014,-45.285471,8137
3121209,Delfinópolis,MG,Passos,Varginha,-20.348034,-46.782203,8938
3121258,Delta,MG,Uberaba,Uberaba,-19.936044,-47.802522,11275
3121308,Descoberto,MG,São João Nepomuceno - Bicas,Juíz de Fora,-21.452038,-42.974369,5081
3121407,Desterro de Entre Rios,MG,Conselheiro Lafaiete,Barbacena,-20.637790,-44.288176,7979
3121506,Desterro do Melo,MG,Barbacena,Barbacena,-21.143290,-43.517990,3061
3121605,Diamantina,MG,Diamantina,Teófilo Otoni,-17.986272,-43.584944,49625
3121704,Diogo de Vasconcelos,MG,Ponte Nova,Juíz de Fora,-20.478446,-43.179331,3568
3121803,Dionísio,MG,Ipatinga,Ipatinga,-19.836237,-42.659058,6594
3121902,Divinésia,MG,Ubá,Juíz de Fora,-20.982870,-42.992460,4532
3122009,Divino,MG,Carangola,Juíz de Fora,-20.574587,-42.184248,21521
3122108,Divino das Laranjeiras,MG,Governador Valadares,Governador Valadares,-18.701694,-41.493100,4110
3122207,Divinolândia de Minas,MG,Guanhães,Governador Valadares,-18.784827,-42.559318,6560
3122306,Divinópolis,MG,Divinópolis,Divinópolis,-20.109858,-44.921683,244769
3122355,Divisa Alegre,MG,Pedra Azul,Teófilo Otoni,-15.708538,-41.373025,6568
3122405,Divisa Nova,MG,Alfenas,Varginha,-21.512140,-46.234127,6010
3122454,Divisópolis,MG,Pedra Azul,Teófilo Otoni,-15.766915,-40.928792,10730
3122470,Dom Bosco,MG,Unaí,Patos de Minas,-16.758235,-46.274055,3759
3122504,Dom Cavati,MG,Ipatinga,Ipatinga,-19.384587,-42.099500,4954
3122603,Dom Joaquim,MG,Guanhães,Governador Valadares,-18.936656,-43.265061,5096
3122702,Dom Silvério,MG,Ponte Nova,Juíz de Fora,-20.108567,-42.931450,5360
3122801,Dom Viçoso,MG,São Lourenço,Pouso Alegre,-22.234133,-45.144625,3191
3122900,Dona Euzébia,MG,Cataguases,Juíz de Fora,-21.335233,-42.804522,6258
3123007,Dores de Campos,MG,Barbacena,Barbacena,-21.086967,-43.990356,10401
3123106,Dores de Guanhães,MG,Guanhães,Governador Valadares,-19.064767,-42.937933,5107
3123205,Dores do Indaiá,MG,Dores do Indaiá,Divinópolis,-19.487791,-45.546434,12678
3123304,Dores do Turvo,MG,Ubá,Juíz de Fora,-21.031544,-43.167128,5222
3123403,Doresópolis,MG,Piumhi,Varginha,-20.300850,-45.903250,1500
3123502,Douradoquara,MG,Monte Carmelo,Uberlândia,-18.436979,-47.617458,1870
3123528,Durandé,MG,Manhuaçu,Juíz de Fora,-20.162650,-41.804021,8090
3123601,Elói Mendes,MG,Varginha,Varginha,-21.598328,-45.586494,27510
3123700,Engenheiro Caldas,MG,Governador Valadares,Governador Valadares,-19.125505,-42.021242,14684
3123809,Engenheiro Navarro,MG,Montes Claros,Montes Claros,-17.304718,-44.022636,6336
3123858,Entre Folhas,MG,Caratinga,Ipatinga,-19.669929,-42.245857,5297
3123908,Entre Rios de Minas,MG,Conselheiro Lafaiete,Barbacena,-20.703733,-44.107750,15191
3124005,Ervália,MG,Viçosa,Juíz de Fora,-20.844141,-42.608012,21222
3124104,Esmeraldas,MG,Belo Horizonte,Belo Horizonte,-19.743689,-44.296863,94543
3124203,Espera Feliz,MG,Carangola,Juíz de Fora,-20.580853,-41.920968,24922
3124302,Espinosa,MG,Espinosa,Montes Claros,-14.876289,-42.949659,31366
3124401,Espírito Santo do Dourado,MG,Pouso Alegre,Pouso Alegre,-22.003906,-45.987976,7250
3124500,Estiva,MG,Pouso Alegre,Pouso Alegre,-22.453256,-46.020775,11921
3124609,Estrela Dalva,MG,Além Paraíba,Juíz de Fora,-21.707650,-42.479558,2176
3124708,Estrela do Indaiá,MG,Dores do Indaiá,Divinópolis,-19.581496,-45.805754,2674
3124807,Estrela do Sul,MG,Monte Carmelo,Uberlândia,-18.719059,-47.710048,6869
3124906,Eugenópolis,MG,Muriaé,Juíz de Fora,-21.014948,-42.217152,11116
3125002,Ewbank da Câmara,MG,Juiz de Fora,Juíz de Fora,-21.565870,-43.562890,3994
3125101,Extrema,MG,Pouso Alegre,Pouso Alegre,-22.828838,-46.281315,60681
3125200,Fama,MG,Alfenas,Varginha,-21.467562,-45.832250,2690
3125309,Faria Lemos,MG,Carangola,Juíz de Fora,-20.768915,-42.023177,3222
3125408,Felício dos Santos,MG,Diamantina,Teófilo Otoni,-18.140483,-43.236044,5253
3125507,São Gonçalo do Rio Preto,MG,Diamantina,Teófilo Otoni,-18.069035,-43.348641,3099
3125606,Felisburgo,MG,Almenara,Teófilo Otoni,-16.676721,-40.713593,6558
3125705,Felixlândia,MG,Curvelo,Belo Horizonte,-18.700889,-44.970774,14281
3125804,Fernandes Tourinho,MG,Governador Valadares,Governador Valadares,-19.094615,-42.100292,2803
3125903,Ferros,MG,Itabira,Belo Horizonte,-19.245186,-42.948716,9543
3125952,Fervedouro,MG,Muriaé,Juíz de Fora,-20.680344,-42.341181,10716
3126000,Florestal,MG,Belo Horizonte,Belo Horizonte,-19.872860,-44.450040,8548
3126109,Formiga,MG,Formiga,Divinópolis,-20.540663,-45.501322,71113
3126208,Formoso,MG,Unaí,Patos de Minas,-15.118527,-46.144843,8088
3126307,Fortaleza de Minas,MG,Passos,Varginha,-20.886973,-46.762227,3422
3126406,Fortuna de Minas,MG,Sete Lagoas,Belo Horizonte,-19.545550,-44.509967,3252
3126505,Francisco Badaró,MG,Araçuaí,Teófilo Otoni,-16.967670,-42.296150,6907
3126604,Francisco Dumont,MG,Montes Claros,Montes Claros,-17.421950,-44.259619,4530
3126703,Francisco Sá,MG,Montes Claros,Montes Claros,-16.452949,-43.472800,23691
3126752,Franciscópolis,MG,Teófilo Otoni,Teófilo Otoni,-17.987879,-41.966216,4986
3126802,Frei Gaspar,MG,Teófilo Otoni,Teófilo Otoni,-18.139396,-41.493568,5722
3126901,Frei Inocêncio,MG,Governador Valadares,Governador Valadares,-18.524750,-41.875217,8269
3126950,Frei Lagonegro,MG,Guanhães,Governador Valadares,-18.135318,-42.760436,3486
3127008,Fronteira,MG,Frutal,Uberaba,-20.228518,-49.182618,14980
3127057,Fronteira dos Vales,MG,Águas Formosas,Teófilo Otoni,-16.878219,-40.839125,4373
3127073,Fruta de Leite,MG,Salinas,Montes Claros,-16.135941,-42.516394,4473
3127107,Frutal,MG,Frutal,Uberaba,-20.085630,-48.999115,61588
3127206,Funilândia,MG,Sete Lagoas,Belo Horizonte,-19.375269,-44.076746,4981
3127305,Galiléia,MG,Governador Valadares,Governador Valadares,-18.884073,-41.539400,6209
3127339,Gameleiras,MG,Espinosa,Montes Claros,-14.983372,-43.285178,4831
3127354,Glaucilândia,MG,Montes Claros,Montes Claros,-16.894090,-43.647860,2991
3127370,Goiabeira,MG,Governador Valadares,Governador Valadares,-19.029811,-41.241744,2849
3127388,Goianá,MG,Juiz de Fora,Juíz de Fora,-21.558492,-43.198969,4237
3127404,Gonçalves,MG,Itajubá,Pouso Alegre,-22.677975,-45.820481,4951
3127503,Gonzaga,MG,Governador Valadares,Governador Valadares,-18.881100,-42.514364,5202
3127602,Gouveia,MG,Diamantina,Teófilo Otoni,-18.541454,-43.836446,11524
3127701,Governador Valadares,MG,Governador Valadares,Governador Valadares,-18.784533,-41.957739,266478
3127800,Grão Mogol,MG,Montes Claros,Montes Claros,-16.520562,-42.984429,13987
3127909,Grupiara,MG,Monte Carmelo,Uberlândia,-18.484119,-47.762344,1430
3128006,Guanhães,MG,Guanhães,Governador Valadares,-18.866262,-42.804000,33596
3128105,Guapé,MG,Passos,Varginha,-20.776352,-45.912232,14079
3128204,Guaraciaba,MG,Ponte Nova,Juíz de Fora,-20.566795,-43.028237,9882
3128253,Guaraciama,MG,Montes Claros,Montes Claros,-17.070039,-43.620117,5245
3128303,Guaranésia,MG,Guaxupé,Varginha,-21.277681,-46.802331,19679
3128402,Guarani,MG,Ubá,Juíz de Fora,-21.355714,-43.040071,7685
3128501,Guarará,MG,São João Nepomuceno - Bicas,Juíz de Fora,-21.751883,-43.024042,3052
3128600,Guarda-Mor,MG,Patos de Minas,Patos de Minas,-17.713995,-47.115179,6689
3128709,Guaxupé,MG,Guaxupé,Varginha,-21.284827,-46.685433,52862
3128808,Guidoval,MG,Ubá,Juíz de Fora,-21.181400,-42.795858,7285
3128907,Guimarânia,MG,Patrocínio,Patos de Minas,-18.803760,-46.763635,8948
3129004,Guiricema,MG,Ubá,Juíz de Fora,-21.015267,-42.698325,7759
3129103,Gurinhatã,MG,Ituiutaba,Uberlândia,-19.091326,-49.886590,5107
3129202,Heliodora,MG,Pouso Alegre,Pouso Alegre,-22.053700,-45.536720,6283
3129301,Iapu,MG,Ipatinga,Ipatinga,-19.352945,-42.240082,12675
3129400,Ibertioga,MG,Barbacena,Barbacena,-21.449931,-43.937746,5357
3129509,Ibiá,MG,Araxá,Uberaba,-19.596046,-46.555969,22515
3129608,Ibiaí,MG,Pirapora,Montes Claros,-16.813180,-44.800108,6094
3129657,Ibiracatu,MG,Montes Claros,Montes Claros,-15.646429,-44.124648,5089
3129707,Ibiraci,MG,Passos,Varginha,-20.392436,-47.128628,10753
3129806,Ibirité,MG,Belo Horizonte,Belo Horizonte,-20.019550,-44.082437,180404
3129905,Ibitiúra de Minas,MG,Poços de Caldas,Pouso Alegre,-22.073763,-46.411713,3441
3130002,Ibituruna,MG,Lavras,Varginha,-21.175523,-44.794069,2726
3130051,Icaraí de Minas,MG,São Francisco,Montes Claros,-16.222005,-44.926535,10917
3130101,Igarapé,MG,Belo Horizonte,Belo Horizonte,-20.066578,-44.316122,49729
3130200,Igaratinga,MG,Pará de Minas,Divinópolis,-19.964787,-44.726647,11434
3130309,Iguatama,MG,Formiga,Divinópolis,-20.153575,-45.755330,6723
3130408,Ijaci,MG,Lavras,Varginha,-21.168391,-44.928100,7422
3130507,Ilicínea,MG,Três Pontas - Boa Esperança,Varginha,-20.934054,-45.833977,13321
3130556,Imbé de Minas,MG,Caratinga,Ipatinga,-19.628907,-41.983557,7277
3130606,Inconfidentes,MG,Pouso Alegre,Pouso Alegre,-22.339820,-46.275680,7561
3130655,Indaiabira,MG,Salinas,Montes Claros,-15.565352,-42.149422,6281
3130705,Indianópolis,MG,Uberlândia,Uberlândia,-18.971688,-47.862444,6314
3130804,Ingaí,MG,Lavras,Varginha,-21.412100,-44.938781,2630
3130903,Inhapim,MG,Caratinga,Ipatinga,-19.507363,-41.956224,22854
3131000,Inhaúma,MG,Sete Lagoas,Belo Horizonte,-19.507614,-44.422621,6494
3131109,Inimutaba,MG,Curvelo,Belo Horizonte,-18.741094,-44.275767,7642
3131158,Ipaba,MG,Ipatinga,Ipatinga,-19.398015,-42.365192,17619
3131208,Ipanema,MG,Manhuaçu,Juíz de Fora,-19.773648,-41.750943,20262
3131307,Ipatinga,MG,Ipatinga,Ipatinga,-19.434773,-42.607327,234930
3131406,Ipiaçu,MG,Ituiutaba,Uberlândia,-18.703256,-49.940781,3792
3131505,Ipuiúna,MG,Pouso Alegre,Pouso Alegre,-22.013817,-46.136872,9268
3131604,Iraí de Minas,MG,Monte Carmelo,Uberlândia,-19.041313,-47.474812,7509
3131703,Itabira,MG,Itabira,Belo Horizonte,-19.584806,-43.298656,118342
3131802,Itabirinha,MG,Mantena,Governador Valadares,-18.532507,-41.242980,10537
3131901,Itabirito,MG,Santa Bárbara - Ouro Preto,Belo Horizonte,-20.251995,-43.813810,56818
3132008,Itacambira,MG,Montes Claros,Montes Claros,-16.894072,-43.317937,4191
3132107,Itacarambi,MG,Januária,Montes Claros,-15.154538,-44.159776,17485
3132206,Itaguara,MG,Oliveira,Divinópolis,-20.356600,-44.516379,14500
3132305,Itaipé,MG,Teófilo Otoni,Teófilo Otoni,-17.421374,-41.656743,10418
3132404,Itajubá,MG,Itajubá,Pouso Alegre,-22.424905,-45.413505,97065
3132503,Itamarandiba,MG,Capelinha,Teófilo Otoni,-17.845181,-42.880581,34279
3132602,Itamarati de Minas,MG,Cataguases,Juíz de Fora,-21.415489,-42.851322,3692
3132701,Itambacuri,MG,Teófilo Otoni,Teófilo Otoni,-18.172143,-41.835689,21129
3132800,Itambé do Mato Dentro,MG,Itabira,Belo Horizonte,-19.389346,-43.345179,2162
3132909,Itamogi,MG,São Sebastião do Paraíso,Varginha,-21.075933,-47.046917,11120
3133006,Itamonte,MG,São Lourenço,Pouso Alegre,-22.288959,-44.770041,15294
3133105,Itanhandu,MG,São Lourenço,Pouso Alegre,-22.331500,-44.910576,15815
3133204,Itanhomi,MG,Governador Valadares,Governador Valadares,-19.143067,-41.863005,11233
3133303,Itaobim,MG,Teófilo Otoni,Teófilo Otoni,-16.577071,-41.513562,19177
3133402,Itapagipe,MG,Frutal,Uberaba,-19.787647,-49.423416,14024
3133501,Itapecerica,MG,Divinópolis,Divinópolis,-20.445897,-45.115432,21450
3133600,Itapeva,MG,Pouso Alegre,Pouso Alegre,-22.702673,-46.214009,13778
3133709,Itatiaiuçu,MG,Divinópolis,Divinópolis,-20.212731,-44.444738,13945
3133758,Itaú de Minas,MG,Passos,Varginha,-20.738933,-46.774475,14614
3133808,Itaúna,MG,Divinópolis,Divinópolis,-20.070035,-44.600665,104002
3133907,Itaverava,MG,Conselheiro Lafaiete,Barbacena,-20.693031,-43.599962,5742
3134004,Itinga,MG,Araçuaí,Teófilo Otoni,-16.569831,-41.859777,13928
3134103,Itueta,MG,Aimorés - Resplendor,Governador Valadares,-19.358900,-41.089609,6249
3134202,Ituiutaba,MG,Ituiutaba,Uberlândia,-18.979294,-49.526488,107133
3134301,Itumirim,MG,Lavras,Varginha,-21.273967,-44.833627,6906
3134400,Iturama,MG,Iturama,Uberaba,-19.709137,-50.380213,40493
3134509,Itutinga,MG,Lavras,Varginha,-21.354624,-44.702347,4384
3134608,Jaboticatubas,MG,Belo Horizonte,Belo Horizonte,-19.441957,-43.730853,21609
3134707,Jacinto,MG,Almenara,Teófilo Otoni,-16.189806,-40.315091,11064
3134806,Jacuí,MG,São Sebastião do Paraíso,Varginha,-21.016781,-46.744510,7672
3134905,Jacutinga,MG,Pouso Alegre,Pouso Alegre,-22.287688,-46.581738,27060
3135001,Jaguaraçu,MG,Ipatinga,Ipatinga,-19.631207,-42.716807,3188
3135050,Jaíba,MG,Janaúba,Montes Claros,-15.222840,-43.674919,39884
3135076,Jampruca,MG,Governador Valadares,Governador Valadares,-18.451743,-41.759935,4229
3135100,Janaúba,MG,Janaúba,Montes Claros,-15.786632,-43.368434,73814
3135209,Januária,MG,Januária,Montes Claros,-15.266284,-44.830642,67157
3135308,Japaraíba,MG,Divinópolis,Divinópolis,-20.121458,-45.545558,4738
3135357,Japonvar,MG,Montes Claros,Montes Claros,-15.936360,-44.339280,8411
3135407,Jeceaba,MG,Conselheiro Lafaiete,Barbacena,-20.549700,-44.029750,6522
3135456,Jenipapo de Minas,MG,Araçuaí,Teófilo Otoni,-17.167300,-42.217378,6022
3135506,Jequeri,MG,Ponte Nova,Juíz de Fora,-20.467462,-42.598290,12621
3135605,Jequitaí,MG,Montes Claros,Montes Claros,-17.210194,-44.455653,6304
3135704,Jequitibá,MG,Sete Lagoas,Belo Horizonte,-19.217375,-44.012233,6184
3135803,Jequitinhonha,MG,Almenara,Teófilo Otoni,-16.395205,-41.082968,24523
3135902,Jesuânia,MG,São Lourenço,Pouso Alegre,-22.010408,-45.276446,5342
3136009,Joaíma,MG,Almenara,Teófilo Otoni,-16.803753,-41.014374,13988
3136108,Joanésia,MG,Ipatinga,Ipatinga,-19.205265,-42.702115,4191
3136207,João Monlevade,MG,João Monlevade,Ipatinga,-19.829489,-43.176933,84198
3136306,João Pinheiro,MG,Patos de Minas,Patos de Minas,-17.533449,-45.931839,48906
3136405,Joaquim Felício,MG,Montes Claros,Montes Claros,-17.666655,-44.123095,3847
3136504,Jordânia,MG,Almenara,Teófilo Otoni,-15.888848,-40.300757,10546
3136520,José Gonçalves de Minas,MG,Araçuaí,Teófilo Otoni,-16.902759,-42.664318,3935
3136553,José Raydan,MG,Guanhães,Governador Valadares,-18.256920,-42.482167,4345
3136579,Josenópolis,MG,Montes Claros,Montes Claros,-16.507876,-42.555476,3511
3136603,Nova União,MG,Belo Horizonte,Belo Horizonte,-19.622442,-43.571467,6129
3136652,Juatuba,MG,Belo Horizonte,Belo Horizonte,-19.970423,-44.341477,33730
3136702,Juiz de Fora,MG,Juiz de Fora,Juíz de Fora,-21.756987,-43.410221,569588
3136801,Juramento,MG,Montes Claros,Montes Claros,-16.847435,-43.565595,3782
3136900,Juruaia,MG,Guaxupé,Varginha,-21.228562,-46.531523,11755
3136959,Juvenília,MG,Januária,Montes Claros,-14.391176,-44.100870,5945
3137007,Ladainha,MG,Teófilo Otoni,Teófilo Otoni,-17.626150,-41.822262,14134
3137106,Lagamar,MG,Patos de Minas,Patos de Minas,-18.048006,-46.710954,6576
3137205,Lagoa da Prata,MG,Divinópolis,Divinópolis,-19.999557,-45.504824,54251
3137304,Lagoa dos Patos,MG,Montes Claros,Montes Claros,-17.011155,-44.662165,3191
3137403,Lagoa Dourada,MG,São João del Rei,Barbacena,-20.893687,-44.063875,13186
3137502,Lagoa Formosa,MG,Patos de Minas,Patos de Minas,-18.774136,-46.304461,19716
3137536,Lagoa Grande,MG,Patos de Minas,Patos de Minas,-17.792762,-46.505969,9257
3137601,Lagoa Santa,MG,Belo Horizonte,Belo Horizonte,-19.626792,-43.883458,82544
3137700,Lajinha,MG,Manhuaçu,Juíz de Fora,-20.139512,-41.576182,21577
3137809,Lambari,MG,São Lourenço,Pouso Alegre,-22.007527,-45.371736,21066
3137908,Lamim,MG,Conselheiro Lafaiete,Barbacena,-20.771860,-43.482330,3201
3138005,Laranjal,MG,Cataguases,Juíz de Fora,-21.362529,-42.457557,5995
3138104,Lassance,MG,Pirapora,Montes Claros,-17.869009,-44.691054,7436
3138203,Lavras,MG,Lavras,Varginha,-21.256833,-45.031767,111437
3138302,Leandro Ferreira,MG,Divinópolis,Divinópolis,-19.682060,-45.027965,3273
3138351,Leme do Prado,MG,Capelinha,Teófilo Otoni,-17.081820,-42.736253,4343
3138401,Leopoldina,MG,Cataguases,Juíz de Fora,-21.533552,-42.651115,52779
3138500,Liberdade,MG,Juiz de Fora,Juíz de Fora,-22.018876,-44.327482,4715
3138609,Lima Duarte,MG,Juiz de Fora,Juíz de Fora,-21.813433,-43.864623,17847
3138625,Limeira do Oeste,MG,Iturama,Uberaba,-19.411656,-50.616196,9290
3138658,Lontra,MG,Montes Claros,Montes Claros,-15.854736,-44.269700,8958
3138674,Luisburgo,MG,Manhuaçu,Juíz de Fora,-20.451192,-42.070183,7281
3138682,Luislândia,MG,Montes Claros,Montes Claros,-16.207062,-44.598694,6316
3138708,Luminárias,MG,Lavras,Varginha,-21.537171,-44.913895,5756
3138807,Luz,MG,Dores do Indaiá,Divinópolis,-19.826100,-45.669895,18366
3138906,Machacalis,MG,Águas Formosas,Teófilo Otoni,-17.090293,-40.720720,6534
3139003,Machado,MG,Alfenas,Varginha,-21.686204,-45.902761,38788
3139102,Madre de Deus de Minas,MG,São João del Rei,Barbacena,-21.490125,-44.323200,5378
3139201,Malacacheta,MG,Teófilo Otoni,Teófilo Otoni,-17.833235,-42.093243,17635
3139250,Mamonas,MG,Espinosa,Montes Claros,-15.029600,-42.965179,6068
3139300,Manga,MG,Janaúba,Montes Claros,-14.644698,-44.096379,19109
3139409,Manhuaçu,MG,Manhuaçu,Juíz de Fora,-20.198375,-42.093329,98067
3139508,Manhumirim,MG,Manhuaçu,Juíz de Fora,-20.341292,-41.923300,20910
3139607,Mantena,MG,Mantena,Governador Valadares,-18.676357,-41.088204,27342
3139706,Maravilhas,MG,Pará de Minas,Divinópolis,-19.503320,-44.666685,7545
3139805,Mar de Espanha,MG,São João Nepomuceno - Bicas,Juíz de Fora,-21.865196,-42.997025,13238
3139904,Maria da Fé,MG,Itajubá,Pouso Alegre,-22.316747,-45.306859,14577
3140001,Mariana,MG,Santa Bárbara - Ouro Preto,Belo Horizonte,-20.310089,-43.329092,64929
3140100,Marilac,MG,Governador Valadares,Governador Valadares,-18.496671,-42.061886,4325
3140159,Mário Campos,MG,Belo Horizonte,Belo Horizonte,-20.075683,-44.178967,16855
3140209,Maripá de Minas,MG,São João Nepomuceno - Bicas,Juíz de Fora,-21.694055,-42.969518,3600
3140308,Marliéria,MG,Ipatinga,Ipatinga,-19.700004,-42.637850,4829
3140407,Marmelópolis,MG,Itajubá,Pouso Alegre,-22.460790,-45.167650,3328
3140506,Martinho Campos,MG,Dores do Indaiá,Divinópolis,-19.415900,-45.209652,14626
3140530,Martins Soares,MG,Manhuaçu,Juíz de Fora,-20.264090,-41.841200,8866
3140555,Mata Verde,MG,Almenara,Teófilo Otoni,-15.739200,-40.728250,9602
3140605,Materlândia,MG,Guanhães,Governador Valadares,-18.456178,-43.024150,3918
3140704,Mateus Leme,MG,Belo Horizonte,Belo Horizonte,-20.021619,-44.434087,41371
3140803,Matias Barbosa,MG,Juiz de Fora,Juíz de Fora,-21.875785,-43.309638,14590
3140852,Matias Cardoso,MG,Janaúba,Montes Claros,-14.892655,-43.734407,8871
3140902,Matipó,MG,Manhuaçu,Juíz de Fora,-20.312912,-42.309325,19173
3141009,Mato Verde,MG,Espinosa,Montes Claros,-15.431676,-42.879508,12183
3141108,Matozinhos,MG,Sete Lagoas,Belo Horizonte,-19.544570,-44.079635,39753
3141207,Matutina,MG,Patos de Minas,Patos de Minas,-19.181586,-45.979936,3917
3141306,Medeiros,MG,Formiga,Divinópolis,-19.990739,-46.355929,4094
3141405,Medina,MG,Pedra Azul,Teófilo Otoni,-16.284481,-41.523938,20421
3141504,Mendes Pimentel,MG,Mantena,Governador Valadares,-18.610453,-41.358560,5580
3141603,Mercês,MG,Ubá,Juíz de Fora,-21.188661,-43.322656,10621
3141702,Mesquita,MG,Ipatinga,Ipatinga,-19.236007,-42.620980,4934
3141801,Minas Novas,MG,Capelinha,Teófilo Otoni,-17.345351,-42.428968,23514
3141900,Minduri,MG,Caxambu - Baependi,Pouso Alegre,-21.679925,-44.624683,3808
3142007,Mirabela,MG,Montes Claros,Montes Claros,-16.258839,-44.151757,14110
3142106,Miradouro,MG,Muriaé,Juíz de Fora,-20.846200,-42.386300,8899
3142205,Miraí,MG,Muriaé,Juíz de Fora,-21.157482,-42.610053,13920
3142254,Miravânia,MG,Janaúba,Montes Claros,-14.736276,-44.424835,3955
3142304,Moeda,MG,Belo Horizonte,Belo Horizonte,-20.329591,-44.007345,5340
3142403,Moema,MG,Dores do Indaiá,Divinópolis,-19.846547,-45.419000,7843
3142502,Monjolos,MG,Curvelo,Belo Horizonte,-18.381630,-44.042470,2178
3142601,Monsenhor Paulo,MG,Varginha,Varginha,-21.736708,-45.486354,8579
3142700,Montalvânia,MG,Januária,Montes Claros,-14.489291,-44.492222,13982
3142809,Monte Alegre de Minas,MG,Uberlândia,Uberlândia,-18.816926,-48.931536,20748
3142908,Monte Azul,MG,Espinosa,Montes Claros,-15.238986,-42.974711,20421
3143005,Monte Belo,MG,Guaxupé,Varginha,-21.319389,-46.332356,13353
3143104,Monte Carmelo,MG,Monte Carmelo,Uberlândia,-18.686385,-47.501285,49637
3143153,Monte Formoso,MG,Teófilo Otoni,Teófilo Otoni,-16.869962,-41.276575,4425
3143203,Monte Santo de Minas,MG,São Sebastião do Paraíso,Varginha,-21.181285,-46.942205,21288
3143302,Montes Claros,MG,Montes Claros,Montes Claros,-16.597586,-43.952794,440700
3143401,Monte Sião,MG,Pouso Alegre,Pouso Alegre,-22.416560,-46.546200,25271
3143450,Montezuma,MG,Espinosa,Montes Claros,-15.162943,-42.464280,6925
3143500,Morada Nova de Minas,MG,Abaeté,Divinópolis,-18.576473,-45.392846,9462
3143609,Morro da Garça,MG,Curvelo,Belo Horizonte,-18.644824,-44.644071,2414
3143708,Morro do Pilar,MG,Sete Lagoas,Belo Horizonte,-19.224567,-43.406487,3149
3143807,Munhoz,MG,Pouso Alegre,Pouso Alegre,-22.631927,-46.331418,7997
3143906,Muriaé,MG,Muriaé,Juíz de Fora,-21.090747,-42.435706,108716
3144003,Mutum,MG,Manhuaçu,Juíz de Fora,-19.930108,-41.465639,28824
3144102,Muzambinho,MG,Guaxupé,Varginha,-21.367481,-46.532250,22708
3144201,Nacip Raydan,MG,Governador Valadares,Governador Valadares,-18.483669,-42.174606,2365
3144300,Nanuque,MG,Teófilo Otoni,Teófilo Otoni,-17.778691,-40.499043,34989
3144359,Naque,MG,Ipatinga,Ipatinga,-19.184025,-42.329813,6445
3144375,Natalândia,MG,Unaí,Patos de Minas,-16.530835,-46.488553,3656
3144409,Natércia,MG,Pouso Alegre,Pouso Alegre,-22.128043,-45.495979,4810
3144508,Nazareno,MG,São João del Rei,Barbacena,-21.213812,-44.617100,8424
3144607,Nepomuceno,MG,Lavras,Varginha,-21.221663,-45.255919,25741
3144656,Ninheira,MG,Salinas,Montes Claros,-15.358233,-41.697787,11011
3144672,Nova Belém,MG,Mantena,Governador Valadares,-18.502040,-41.116730,3098
3144706,Nova Era,MG,João Monlevade,Ipatinga,-19.706167,-43.020800,17818
3144805,Nova Lima,MG,Belo Horizonte,Belo Horizonte,-20.080274,-43.887426,122683
3144904,Nova Módica,MG,Teófilo Otoni,Teófilo Otoni,-18.444363,-41.505850,3722
3145000,Nova Ponte,MG,Uberaba,Uberaba,-19.223828,-47.698375,15321
3145059,Nova Porteirinha,MG,Janaúba,Montes Claros,-15.714770,-43.276040,6714
3145109,Nova Resende,MG,Guaxupé,Varginha,-21.092943,-46.409381,16981
3145208,Nova Serrana,MG,Divinópolis,Divinópolis,-19.846617,-44.994439,116570
3145307,Novo Cruzeiro,MG,Teófilo Otoni,Teófilo Otoni,-17.368526,-41.949406,27094
3145356,Novo Oriente de Minas,MG,Teófilo Otoni,Teófilo Otoni,-17.255414,-41.214159,10506
3145372,Novorizonte,MG,Salinas,Montes Claros,-16.016000,-42.399737,4594
3145406,Olaria,MG,Juiz de Fora,Juíz de Fora,-21.906450,-43.977458,1985
3145455,Olhos-d'Água,MG,Montes Claros,Montes Claros,-17.525080,-43.610905,5539
3145505,Olímpio Noronha,MG,São Lourenço,Pouso Alegre,-22.095757,-45.292143,2621
3145604,Oliveira,MG,Oliveira,Divinópolis,-20.749964,-44.719427,40599
3145703,Oliveira Fortes,MG,Juiz de Fora,Juíz de Fora,-21.327518,-43.516164,2054
3145802,Onça de Pitangui,MG,Pará de Minas,Divinópolis,-19.704900,-44.740153,3021
3145851,Oratórios,MG,Ponte Nova,Juíz de Fora,-20.425414,-42.780829,5127
3145877,Orizânia,MG,Carangola,Juíz de Fora,-20.518390,-42.216650,8893
3145901,Ouro Branco,MG,Conselheiro Lafaiete,Barbacena,-20.533735,-43.690229,40853
3146008,Ouro Fino,MG,Pouso Alegre,Pouso Alegre,-22.242690,-46.366714,33340
3146107,Ouro Preto,MG,Santa Bárbara - Ouro Preto,Belo Horizonte,-20.408441,-43.630495,78210
3146206,Ouro Verde de Minas,MG,Teófilo Otoni,Teófilo Otoni,-18.039336,-41.296571,5837
3146255,Padre Carvalho,MG,Salinas,Montes Claros,-16.322410,-42.596200,5007
3146305,Padre Paraíso,MG,Teófilo Otoni,Teófilo Otoni,-17.049070,-41.541822,17394
3146404,Paineiras,MG,Abaeté,Divinópolis,-18.919715,-45.466215,4235
3146503,Pains,MG,Formiga,Divinópolis,-20.393770,-45.691185,8364
3146552,Pai Pedro,MG,Janaúba,Montes Claros,-15.369509,-43.166141,5599
3146602,Paiva,MG,Juiz de Fora,Juíz de Fora,-21.288850,-43.422737,1491
3146701,Palma,MG,Cataguases,Juíz de Fora,-21.418372,-42.318678,5658
3146750,Palmópolis,MG,Almenara,Teófilo Otoni,-16.775000,-40.372830,6313
3146909,Papagaios,MG,Pará de Minas,Divinópolis,-19.403543,-44.693461,14197
3147006,Paracatu,MG,Patos de Minas,Patos de Minas,-17.172780,-46.920794,99578
3147105,Pará de Minas,MG,Pará de Minas,Divinópolis,-19.829005,-44.595964,103611
3147204,Paraguaçu,MG,Alfenas,Varginha,-21.598175,-45.751544,22541
3147303,Paraisópolis,MG,Itajubá,Pouso Alegre,-22.579695,-45.834341,21143
3147402,Paraopeba,MG,Sete Lagoas,Belo Horizonte,-19.306753,-44.437387,24993
3147501,Passabém,MG,Itabira,Belo Horizonte,-19.361320,-43.178000,1601
3147600,Passa Quatro,MG,São Lourenço,Pouso Alegre,-22.405026,-44.959126,15852
3147709,Passa Tempo,MG,Oliveira,Divinópolis,-20.644960,-44.483905,8735
3147808,Passa Vinte,MG,Juiz de Fora,Juíz de Fora,-22.185444,-44.261450,2320
3147907,Passos,MG,Passos,Varginha,-20.729495,-46.635586,117349
3147956,Patis,MG,Montes Claros,Montes Claros,-16.073716,-44.120111,4789
3148004,Patos de Minas,MG,Patos de Minas,Patos de Minas,-18.610658,-46.473617,170404
3148103,Patrocínio,MG,Patrocínio,Patos de Minas,-18.950518,-47.037433,94834
3148202,Patrocínio do Muriaé,MG,Muriaé,Juíz de Fora,-21.163391,-42.236618,5772
3148301,Paula Cândido,MG,Viçosa,Juíz de Fora,-20.878447,-42.994367,8730
3148400,Paulistas,MG,Guanhães,Governador Valadares,-18.454943,-42.869679,4377
3148509,Pavão,MG,Teófilo Otoni,Teófilo Otoni,-17.456487,-41.062537,8119
3148608,Peçanha,MG,Guanhães,Governador Valadares,-18.557168,-42.536893,17882
3148707,Pedra Azul,MG,Pedra Azul,Teófilo Otoni,-15.957208,-41.199600,25088
3148756,Pedra Bonita,MG,Carangola,Juíz de Fora,-20.488064,-42.372536,7638
3148806,Pedra do Anta,MG,Viçosa,Juíz de Fora,-20.585855,-42.725327,3360
3148905,Pedra do Indaiá,MG,Divinópolis,Divinópolis,-20.305359,-45.228206,4262
3149002,Pedra Dourada,MG,Carangola,Juíz de Fora,-20.825711,-42.169244,2948
3149101,Pedralva,MG,Itajubá,Pouso Alegre,-22.253717,-45.464192,10860
3149150,Pedras de Maria da Cruz,MG,Januária,Montes Claros,-15.609216,-44.304514,10584
3149200,Pedrinópolis,MG,Araxá,Uberaba,-19.177900,-47.514300,3392
3149309,Pedro Leopoldo,MG,Belo Horizonte,Belo Horizonte,-19.637679,-44.044421,65424
3149408,Pedro Teixeira,MG,Juiz de Fora,Juíz de Fora,-21.723775,-43.727675,1859
3149507,Pequeri,MG,São João Nepomuceno - Bicas,Juíz de Fora,-21.822811,-43.121333,3472
3149606,Pequi,MG,Pará de Minas,Divinópolis,-19.600607,-44.640379,4271
3149705,Perdigão,MG,Divinópolis,Divinópolis,-19.932756,-45.062094,13301
3149804,Perdizes,MG,Araxá,Uberaba,-19.412907,-47.189561,18145
3149903,Perdões,MG,Lavras,Varginha,-21.068475,-45.067595,22154
3149952,Periquito,MG,Ipatinga,Ipatinga,-19.103673,-42.238927,6602
3150000,Pescador,MG,Teófilo Otoni,Teófilo Otoni,-18.319867,-41.548227,3532
3150109,Piau,MG,Juiz de Fora,Juíz de Fora,-21.500546,-43.313408,2853
3150158,Piedade de Caratinga,MG,Caratinga,Ipatinga,-19.758000,-42.040850,9046
3150208,Piedade de Ponte Nova,MG,Ponte Nova,Juíz de Fora,-20.244650,-42.717087,4052
3150307,Piedade do Rio Grande,MG,São João del Rei,Barbacena,-21.501106,-44.165512,4691
3150406,Piedade dos Gerais,MG,Oliveira,Divinópolis,-20.484820,-44.235933,5222
3150505,Pimenta,MG,Formiga,Divinópolis,-20.536239,-45.826906,8839
3150539,Pingo-d'Água,MG,Ipatinga,Ipatinga,-19.748000,-42.431340,4882
3150570,Pintópolis,MG,São Francisco,Montes Claros,-16.050581,-45.240341,7225
3150604,Piracema,MG,Oliveira,Divinópolis,-20.537071,-44.426857,6924
3150703,Pirajuba,MG,Frutal,Uberaba,-19.940800,-48.673920,5864
3150802,Piranga,MG,Conselheiro Lafaiete,Barbacena,-20.639676,-43.295743,17356
3150901,Piranguçu,MG,Itajubá,Pouso Alegre,-22.568317,-45.513142,6366
3151008,Piranguinho,MG,Itajubá,Pouso Alegre,-22.379007,-45.578540,9581
3151107,Pirapetinga,MG,Além Paraíba,Juíz de Fora,-21.672429,-42.356107,11498
3151206,Pirapora,MG,Pirapora,Montes Claros,-17.385000,-44.862095,57873
3151305,Piraúba,MG,Ubá,Juíz de Fora,-21.265369,-43.033654,12052
3151404,Pitangui,MG,Divinópolis,Divinópolis,-19.587521,-44.885250,27929
3151503,Piumhi,MG,Piumhi,Varginha,-20.440539,-46.060625,38257
3151602,Planura,MG,Frutal,Uberaba,-20.066808,-48.653862,11579
3151701,Poço Fundo,MG,Alfenas,Varginha,-21.813211,-46.001668,16856
3151800,Poços de Caldas,MG,Poços de Caldas,Pouso Alegre,-21.808217,-46.546650,173100
3151909,Pocrane,MG,Manhuaçu,Juíz de Fora,-19.581981,-41.560524,8409
3152006,Pompéu,MG,Dores do Indaiá,Divinópolis,-19.099083,-44.974386,32570
3152105,Ponte Nova,MG,Ponte Nova,Juíz de Fora,-20.402465,-42.919878,59703
3152131,Ponto Chique,MG,Pirapora,Montes Claros,-16.603658,-44.977535,3788
3152170,Ponto dos Volantes,MG,Teófilo Otoni,Teófilo Otoni,-16.849387,-41.467843,11041
3152204,Porteirinha,MG,Janaúba,Montes Claros,-15.717744,-43.107763,38714
3152303,Porto Firme,MG,Viçosa,Juíz de Fora,-20.664571,-43.073947,10854
3152402,Poté,MG,Teófilo Otoni,Teófilo Otoni,-17.806048,-41.777830,13553
3152501,Pouso Alegre,MG,Pouso Alegre,Pouso Alegre,-22.280732,-45.937684,163439
3152600,Pouso Alto,MG,São Lourenço,Pouso Alegre,-22.169269,-44.947119,6801
3152709,Prados,MG,São João del Rei,Barbacena,-21.096461,-44.060817,9409
3152808,Prata,MG,Uberlândia,Uberlândia,-19.341643,-48.948384,29903
3152907,Pratápolis,MG,Passos,Varginha,-20.779557,-46.848557,8518
3153004,Pratinha,MG,Araxá,Uberaba,-19.749335,-46.399658,3709
3153103,Presidente Bernardes,MG,Viçosa,Juíz de Fora,-20.769638,-43.172462,4814
3153202,Presidente Juscelino,MG,Curvelo,Belo Horizonte,-18.731554,-44.093392,3450
3153301,Presidente Kubitschek,MG,Diamantina,Teófilo Otoni,-18.634846,-43.586354,3169
3153400,Presidente Olegário,MG,Patos de Minas,Patos de Minas,-18.184158,-46.377391,19205
3153509,Alto Jequitibá,MG,Manhuaçu,Juíz de Fora,-20.444746,-41.965315,8615
3153608,Prudente de Morais,MG,Sete Lagoas,Belo Horizonte,-19.459825,-44.113708,12157
3153707,Quartel Geral,MG,Dores do Indaiá,Divinópolis,-19.271832,-45.608755,3227
3153806,Queluzito,MG,Conselheiro Lafaiete,Barbacena,-20.733850,-43.906640,1792
3153905,Raposos,MG,Belo Horizonte,Belo Horizonte,-19.971162,-43.797275,16854
3154002,Raul Soares,MG,Caratinga,Ipatinga,-20.003265,-42.390426,23866
3154101,Recreio,MG,Cataguases,Juíz de Fora,-21.525469,-42.420585,11426
3154150,Reduto,MG,Manhuaçu,Juíz de Fora,-20.233018,-41.937345,8317
3154200,Resende Costa,MG,São João del Rei,Barbacena,-20.847028,-44.300608,11567
3154309,Resplendor,MG,Aimorés - Resplendor,Governador Valadares,-19.219989,-41.150407,17646
3154408,Ressaquinha,MG,Barbacena,Barbacena,-21.097775,-43.772750,4638
3154457,Riachinho,MG,Unaí,Patos de Minas,-16.284526,-45.949905,6775
3154507,Riacho dos Machados,MG,Janaúba,Montes Claros,-16.048208,-43.030282,8831
3154606,Ribeirão das Neves,MG,Belo Horizonte,Belo Horizonte,-19.776333,-44.079792,348996
3154705,Ribeirão Vermelho,MG,Lavras,Varginha,-21.149783,-45.083083,4233
3154804,Rio Acima,MG,Belo Horizonte,Belo Horizonte,-20.102964,-43.778614,10772
3154903,Rio Casca,MG,Ponte Nova,Juíz de Fora,-20.155314,-42.666167,12785
3155009,Rio Doce,MG,Ponte Nova,Juíz de Fora,-20.223360,-42.913680,2547
3155108,Rio do Prado,MG,Almenara,Teófilo Otoni,-16.677992,-40.567154,4622
3155207,Rio Espera,MG,Conselheiro Lafaiete,Barbacena,-20.877791,-43.488191,5417
3155306,Rio Manso,MG,Oliveira,Divinópolis,-20.267040,-44.342553,5765
3155405,Rio Novo,MG,Juiz de Fora,Juíz de Fora,-21.473063,-43.163681,8678
3155504,Rio Paranaíba,MG,Patos de Minas,Patos de Minas,-19.233870,-46.305700,15443
3155603,Rio Pardo de Minas,MG,Salinas,Montes Claros,-15.718107,-42.569237,29083
3155702,Rio Piracicaba,MG,João Monlevade,Ipatinga,-19.966440,-43.147395,15069
3155801,Rio Pomba,MG,Ubá,Juíz de Fora,-21.237668,-43.169284,17912
3155900,Rio Preto,MG,Juiz de Fora,Juíz de Fora,-22.034635,-43.862659,5230
3156007,Rio Vermelho,MG,Guanhães,Governador Valadares,-18.246519,-43.081981,12725
3156106,Ritápolis,MG,São João del Rei,Barbacena,-20.994047,-44.352567,5128
3156205,Rochedo de Minas,MG,São João Nepomuceno - Bicas,Juíz de Fora,-21.644586,-43.020657,2384
3156304,Rodeiro,MG,Ubá,Juíz de Fora,-21.211550,-42.842500,9267
3156403,Romaria,MG,Monte Carmelo,Uberlândia,-18.890439,-47.556928,3421
3156452,Rosário da Limeira,MG,Muriaé,Juíz de Fora,-20.983555,-42.512100,4954
3156502,Rubelita,MG,Salinas,Montes Claros,-16.357784,-42.202159,5354
3156601,Rubim,MG,Almenara,Teófilo Otoni,-16.495296,-40.505930,10628
3156700,Sabará,MG,Belo Horizonte,Belo Horizonte,-19.839341,-43.795947,134850
3156809,Sabinópolis,MG,Guanhães,Governador Valadares,-18.647955,-43.061377,14240
3156908,Sacramento,MG,Uberaba,Uberaba,-19.909287,-47.248340,28251
3157005,Salinas,MG,Salinas,Montes Claros,-16.090819,-42.194306,41826
3157104,Salto da Divisa,MG,Almenara,Teófilo Otoni,-16.078543,-40.040004,6091
3157203,Santa Bárbara,MG,Santa Bárbara - Ouro Preto,Belo Horizonte,-20.019353,-43.452441,32068
3157252,Santa Bárbara do Leste,MG,Caratinga,Ipatinga,-19.948860,-42.112680,8831
3157278,Santa Bárbara do Monte Verde,MG,Juiz de Fora,Juíz de Fora,-21.979900,-43.712995,3236
3157302,Santa Bárbara do Tugúrio,MG,Barbacena,Barbacena,-21.252478,-43.532533,4228
3157336,Santa Cruz de Minas,MG,São João del Rei,Barbacena,-21.119260,-44.211880,8357
3157377,Santa Cruz de Salinas,MG,Salinas,Montes Claros,-16.058765,-41.783565,3896
3157401,Santa Cruz do Escalvado,MG,Ponte Nova,Juíz de Fora,-20.235977,-42.816369,4714
3157500,Santa Efigênia de Minas,MG,Governador Valadares,Governador Valadares,-18.854980,-42.391870,4011
3157609,Santa Fé de Minas,MG,Pirapora,Montes Claros,-16.708940,-45.576919,3507
3157658,Santa Helena de Minas,MG,Águas Formosas,Teófilo Otoni,-16.901407,-40.650114,6054
3157708,Santa Juliana,MG,Uberaba,Uberaba,-19.365147,-47.524471,17058
3157807,Santa Luzia,MG,Belo Horizonte,Belo Horizonte,-19.723056,-43.828187,231473
3157906,Santa Margarida,MG,Manhuaçu,Juíz de Fora,-20.429593,-42.264793,17071
3158003,Santa Maria de Itabira,MG,Itabira,Belo Horizonte,-19.448535,-43.061335,10721
3158102,Santa Maria do Salto,MG,Almenara,Teófilo Otoni,-16.289638,-40.126385,4752
3158201,Santa Maria do Suaçuí,MG,Guanhães,Governador Valadares,-18.247441,-42.328311,12741
3158300,Santana da Vargem,MG,Três Pontas - Boa Esperança,Varginha,-21.277318,-45.502255,6731
3158409,Santana de Cataguases,MG,Cataguases,Juíz de Fora,-21.269133,-42.556825,3543
3158508,Santana de Pirapama,MG,Sete Lagoas,Belo Horizonte,-18.915321,-43.927461,6982
3158607,Santana do Deserto,MG,Juiz de Fora,Juíz de Fora,-21.949607,-43.186820,3811
3158706,Santana do Garambéu,MG,Barbacena,Barbacena,-21.627136,-44.081529,2167
3158805,Santana do Jacaré,MG,Campo Belo,Varginha,-20.879825,-45.073575,4228
3158904,Santana do Manhuaçu,MG,Manhuaçu,Juíz de Fora,-20.039506,-41.892267,9290
3158953,Santana do Paraíso,MG,Ipatinga,Ipatinga,-19.388243,-42.523629,49978
3159001,Santana do Riacho,MG,Sete Lagoas,Belo Horizonte,-19.181617,-43.655943,5724
3159100,Santana dos Montes,MG,Conselheiro Lafaiete,Barbacena,-20.798843,-43.669021,3474
3159209,Santa Rita de Caldas,MG,Poços de Caldas,Pouso Alegre,-22.020805,-46.277027,8537
3159308,Santa Rita de Jacutinga,MG,Juiz de Fora,Juíz de Fora,-22.097981,-44.087975,4816
3159357,Santa Rita de Minas,MG,Caratinga,Ipatinga,-19.884257,-42.126314,6984
3159407,Santa Rita de Ibitipoca,MG,Barbacena,Barbacena,-21.577647,-43.931760,3318
3159506,Santa Rita do Itueto,MG,Aimorés - Resplendor,Governador Valadares,-19.428900,-41.377865,5994
3159605,Santa Rita do Sapucaí,MG,Pouso Alegre,Pouso Alegre,-22.251811,-45.689972,42703
3159704,Santa Rosa da Serra,MG,Araxá,Uberaba,-19.560623,-46.003392,3497
3159803,Santa Vitória,MG,Ituiutaba,Uberlândia,-19.030560,-50.341156,22073
3159902,Santo Antônio do Amparo,MG,Lavras,Varginha,-20.919039,-44.939200,17664
3160009,Santo Antônio do Aventureiro,MG,Além Paraíba,Juíz de Fora,-21.752900,-42.824220,3910
3160108,Santo Antônio do Grama,MG,Ponte Nova,Juíz de Fora,-20.327475,-42.615225,4362
3160207,Santo Antônio do Itambé,MG,Diamantina,Teófilo Otoni,-18.489529,-43.261600,3960
3160306,Santo Antônio do Jacinto,MG,Almenara,Teófilo Otoni,-16.516036,-40.288027,10254
3160405,Santo Antônio do Monte,MG,Divinópolis,Divinópolis,-20.065205,-45.295200,28549
3160454,Santo Antônio do Retiro,MG,Espinosa,Montes Claros,-15.281320,-42.659992,6715
3160504,Santo Antônio do Rio Abaixo,MG,Itabira,Belo Horizonte,-19.233644,-43.253333,1858
3160603,Santo Hipólito,MG,Curvelo,Belo Horizonte,-18.379236,-44.183508,2667
3160702,Santos Dumont,MG,Juiz de Fora,Juíz de Fora,-21.474489,-43.538868,43054
3160801,São Bento Abade,MG,Três Corações,Varginha,-21.560562,-45.074450,4855
3160900,São Brás do Suaçuí,MG,Conselheiro Lafaiete,Barbacena,-20.621130,-43.962590,4189
3160959,São Domingos das Dores,MG,Caratinga,Ipatinga,-19.507529,-42.026829,5808
3161007,São Domingos do Prata,MG,João Monlevade,Ipatinga,-19.897113,-42.892597,17794
3161056,São Félix de Minas,MG,Mantena,Governador Valadares,-18.568273,-41.448400,3237
3161106,São Francisco,MG,São Francisco,Montes Claros,-15.895467,-44.806304,54208
3161205,São Francisco de Paula,MG,Oliveira,Divinópolis,-20.709141,-44.997859,6269
3161304,São Francisco de Sales,MG,Iturama,Uberaba,-19.782731,-49.866242,5859
3161403,São Francisco do Glória,MG,Muriaé,Juíz de Fora,-20.798691,-42.259409,4831
3161502,São Geraldo,MG,Ubá,Juíz de Fora,-20.912943,-42.816164,10531
3161601,São Geraldo da Piedade,MG,Governador Valadares,Governador Valadares,-18.893150,-42.305425,3145
3161650,São Geraldo do Baixio,MG,Governador Valadares,Governador Valadares,-18.911723,-41.366008,3142
3161700,São Gonçalo do Abaeté,MG,Patos de Minas,Patos de Minas,-18.174016,-45.551324,7510
3161809,São Gonçalo do Pará,MG,Divinópolis,Divinópolis,-19.948364,-44.839664,12353
3161908,São Gonçalo do Rio Abaixo,MG,João Monlevade,Ipatinga,-19.830116,-43.324774,12590
3162005,São Gonçalo do Sapucaí,MG,Varginha,Varginha,-21.909590,-45.611875,24513
3162104,São Gotardo,MG,Patos de Minas,Patos de Minas,-19.339590,-46.003943,44364
3162203,São João Batista do Glória,MG,Passos,Varginha,-20.556486,-46.446609,8003
3162252,São João da Lagoa,MG,Montes Claros,Montes Claros,-16.840107,-44.317979,4973
3162302,São João da Mata,MG,Pouso Alegre,Pouso Alegre,-21.938654,-45.946377,3023
3162401,São João da Ponte,MG,Montes Claros,Montes Claros,-15.901066,-43.899174,24128
3162450,São João das Missões,MG,Januária,Montes Claros,-14.899990,-44.185829,13623
3162500,São João del Rei,MG,São João del Rei,Barbacena,-21.251088,-44.298348,94852
3162559,São João do Manhuaçu,MG,Manhuaçu,Juíz de Fora,-20.371500,-42.154567,11735
3162575,São João do Manteninha,MG,Mantena,Governador Valadares,-18.756529,-41.166857,5490
3162609,São João do Oriente,MG,Ipatinga,Ipatinga,-19.353500,-42.164685,7061
3162658,São João do Pacuí,MG,Montes Claros,Montes Claros,-16.559507,-44.548327,4047
3162708,São João do Paraíso,MG,Salinas,Montes Claros,-15.338109,-41.964961,24802
3162807,São João Evangelista,MG,Guanhães,Governador Valadares,-18.525614,-42.781371,15609
3162906,São João Nepomuceno,MG,São João Nepomuceno - Bicas,Juíz de Fora,-21.585439,-43.009722,26577
3162922,São Joaquim de Bicas,MG,Belo Horizonte,Belo Horizonte,-20.060833,-44.245400,37509
3162948,São José da Barra,MG,Passos,Varginha,-20.741489,-46.249772,8203
3162955,São José da Lapa,MG,Belo Horizonte,Belo Horizonte,-19.697222,-43.994922,28445
3163003,São José da Safira,MG,Governador Valadares,Governador Valadares,-18.313987,-42.129344,3837
3163102,São José da Varginha,MG,Pará de Minas,Divinópolis,-19.701845,-44.574755,4719
3163201,São José do Alegre,MG,Itajubá,Pouso Alegre,-22.331944,-45.517811,4261
3163300,São José do Divino,MG,Teófilo Otoni,Teófilo Otoni,-18.400406,-41.375665,3465
3163409,São José do Goiabal,MG,Ipatinga,Ipatinga,-19.922086,-42.663600,5472
3163508,São José do Jacuri,MG,Guanhães,Governador Valadares,-18.244363,-42.671487,6267
3163607,São José do Mantimento,MG,Manhuaçu,Juíz de Fora,-20.015114,-41.772357,2854
3163706,São Lourenço,MG,São Lourenço,Pouso Alegre,-22.118433,-45.043578,47071
3163805,São Miguel do Anta,MG,Viçosa,Juíz de Fora,-20.735446,-42.720985,6392
3163904,São Pedro da União,MG,Guaxupé,Varginha,-21.131294,-46.642425,4968
3164001,São Pedro dos Ferros,MG,Ponte Nova,Juíz de Fora,-20.077757,-42.562895,7074
3164100,São Pedro do Suaçuí,MG,Guanhães,Governador Valadares,-18.354485,-42.582305,5121
3164209,São Romão,MG,São Francisco,Montes Claros,-16.370851,-45.418362,10570
3164308,São Roque de Minas,MG,Piumhi,Varginha,-20.201360,-46.510550,7397
3164407,São Sebastião da Bela Vista,MG,Pouso Alegre,Pouso Alegre,-22.163164,-45.768109,6857
3164431,São Sebastião da Vargem Alegre,MG,Muriaé,Juíz de Fora,-21.028312,-42.610825,3257
3164472,São Sebastião do Anta,MG,Caratinga,Ipatinga,-19.521262,-41.937787,6442
3164506,São Sebastião do Maranhão,MG,Guanhães,Governador Valadares,-18.072329,-42.554090,10194
3164605,São Sebastião do Oeste,MG,Divinópolis,Divinópolis,-20.255088,-45.039976,9689
3164704,São Sebastião do Paraíso,MG,São Sebastião do Paraíso,Varginha,-20.917786,-47.028696,75593
3164803,São Sebastião do Rio Preto,MG,Itabira,Belo Horizonte,-19.296781,-43.222331,1211
3164902,São Sebastião do Rio Verde,MG,São Lourenço,Pouso Alegre,-22.217133,-45.022633,2396
3165008,São Tiago,MG,São João del Rei,Barbacena,-20.912389,-44.553128,11598
3165107,São Tomás de Aquino,MG,São Sebastião do Paraíso,Varginha,-20.784718,-47.131159,6822
3165206,São Tomé das Letras,MG,Três Corações,Varginha,-21.750281,-44.945294,7124
3165305,São Vicente de Minas,MG,São João del Rei,Barbacena,-21.657044,-44.460156,6922
3165404,Sapucaí-Mirim,MG,Itajubá,Pouso Alegre,-22.784229,-45.834879,6477
3165503,Sardoá,MG,Governador Valadares,Governador Valadares,-18.784745,-42.391482,5117
3165537,Sarzedo,MG,Belo Horizonte,Belo Horizonte,-20.051425,-44.136550,40585
3165552,Setubinha,MG,Teófilo Otoni,Teófilo Otoni,-17.629078,-42.145874,9940
3165560,Sem-Peixe,MG,Ponte Nova,Juíz de Fora,-20.073745,-42.826545,2400
3165578,Senador Amaral,MG,Pouso Alegre,Pouso Alegre,-22.559491,-46.210691,6572
3165602,Senador Cortes,MG,São João Nepomuceno - Bicas,Juíz de Fora,-21.759475,-42.912425,2349
3165701,Senador Firmino,MG,Ubá,Juíz de Fora,-20.906525,-43.093533,8007
3165800,Senador José Bento,MG,Pouso Alegre,Pouso Alegre,-22.156150,-46.148812,2161
3165909,Senador Modestino Gonçalves,MG,Diamantina,Teófilo Otoni,-17.905813,-43.236887,3979
3166006,Senhora de Oliveira,MG,Conselheiro Lafaiete,Barbacena,-20.803767,-43.340900,5569
3166105,Senhora do Porto,MG,Guanhães,Governador Valadares,-18.903813,-43.082380,3046
3166204,Senhora dos Remédios,MG,Barbacena,Barbacena,-21.045050,-43.607060,10673
3166303,Sericita,MG,Ponte Nova,Juíz de Fora,-20.502758,-42.461850,7568
3166402,Seritinga,MG,Caxambu - Baependi,Pouso Alegre,-21.920158,-44.471492,1869
3166501,Serra Azul de Minas,MG,Diamantina,Teófilo Otoni,-18.390500,-43.202715,3788
3166600,Serra da Saudade,MG,Dores do Indaiá,Divinópolis,-19.384727,-45.782347,857
3166709,Serra dos Aimorés,MG,Teófilo Otoni,Teófilo Otoni,-17.758120,-40.274193,6786
3166808,Serra do Salitre,MG,Patrocínio,Patos de Minas,-19.157282,-46.658891,12359
3166907,Serrania,MG,Alfenas,Varginha,-21.559958,-46.076475,7820
3166956,Serranópolis de Minas,MG,Janaúba,Montes Claros,-15.867895,-42.847852,4498
3167004,Serranos,MG,Caxambu - Baependi,Pouso Alegre,-21.816062,-44.562746,2037
3167103,Serro,MG,Diamantina,Teófilo Otoni,-18.528963,-43.372163,22695
3167202,Sete Lagoas,MG,Sete Lagoas,Belo Horizonte,-19.443622,-44.259678,239833
3167301,Silveirânia,MG,Ubá,Juíz de Fora,-21.155636,-43.211409,2408
3167400,Silvianópolis,MG,Pouso Alegre,Pouso Alegre,-22.051564,-45.822843,6359
3167509,Simão Pereira,MG,Juiz de Fora,Juíz de Fora,-21.956900,-43.290380,3108
3167608,Simonésia,MG,Manhuaçu,Juíz de Fora,-19.998387,-41.971975,20518
3167707,Sobrália,MG,Governador Valadares,Governador Valadares,-19.220275,-42.137767,5107
3167806,Soledade de Minas,MG,São Lourenço,Pouso Alegre,-22.035306,-45.040481,5733
3167905,Tabuleiro,MG,Ubá,Juíz de Fora,-21.368813,-43.255220,4095
3168002,Taiobeiras,MG,Salinas,Montes Claros,-15.824350,-42.074803,34675
3168051,Taparuba,MG,Manhuaçu,Juíz de Fora,-19.748215,-41.598800,3523
3168101,Tapira,MG,Araxá,Uberaba,-19.931364,-46.863536,4217
3168200,Tapiraí,MG,Formiga,Divinópolis,-19.875567,-46.162911,1690
3168309,Taquaraçu de Minas,MG,Belo Horizonte,Belo Horizonte,-19.625271,-43.669971,4399
3168408,Tarumirim,MG,Governador Valadares,Governador Valadares,-19.300718,-41.928196,15134
3168507,Teixeiras,MG,Viçosa,Juíz de Fora,-20.641825,-42.859658,12745
3168606,Teófilo Otoni,MG,Teófilo Otoni,Teófilo Otoni,-17.723124,-41.372157,143115
3168705,Timóteo,MG,Ipatinga,Ipatinga,-19.553831,-42.607215,84253
3168804,Tiradentes,MG,São João del Rei,Barbacena,-21.113390,-44.162810,8102
3168903,Tiros,MG,Patos de Minas,Patos de Minas,-18.820095,-45.796284,8287
3169000,Tocantins,MG,Ubá,Juíz de Fora,-21.180900,-43.037983,16631
3169059,Tocos do Moji,MG,Pouso Alegre,Pouso Alegre,-22.360436,-46.134236,3890
3169109,Toledo,MG,Pouso Alegre,Pouso Alegre,-22.706900,-46.392540,7705
3169208,Tombos,MG,Carangola,Juíz de Fora,-20.883707,-42.087779,8609
3169307,Três Corações,MG,Três Corações,Varginha,-21.708758,-45.233592,78492
3169356,Três Marias,MG,Curvelo,Belo Horizonte,-18.278025,-45.051378,30040
3169406,Três Pontas,MG,Três Pontas - Boa Esperança,Varginha,-21.414678,-45.506100,57325
3169505,Tumiritinga,MG,Governador Valadares,Governador Valadares,-19.022465,-41.710726,5937
3169604,Tupaciguara,MG,Uberlândia,Uberlândia,-18.557558,-48.758163,26679
3169703,Turmalina,MG,Capelinha,Teófilo Otoni,-17.262547,-42.798025,20882
3169802,Turvolândia,MG,Pouso Alegre,Pouso Alegre,-21.884718,-45.795018,5114
3169901,Ubá,MG,Ubá,Juíz de Fora,-21.116658,-42.980112,107613
3170008,Ubaí,MG,São Francisco,Montes Claros,-16.372174,-44.885291,11993
3170057,Ubaporanga,MG,Caratinga,Ipatinga,-19.656593,-42.081750,13543
3170107,Uberaba,MG,Uberaba,Uberaba,-19.586604,-47.969827,359275
3170206,Uberlândia,MG,Uberlândia,Uberlândia,-19.014269,-48.322163,768339
3170305,Umburatiba,MG,Águas Formosas,Teófilo Otoni,-17.269350,-40.653644,2743
3170404,Unaí,MG,Unaí,Patos de Minas,-16.453240,-46.770804,91884
3170438,União de Minas,MG,Iturama,Uberaba,-19.424208,-50.370700,3789
3170479,Uruana de Minas,MG,Unaí,Patos de Minas,-16.117746,-46.313442,3369
3170503,Urucânia,MG,Ponte Nova,Juíz de Fora,-20.319009,-42.711982,10921
3170529,Urucuia,MG,Unaí,Patos de Minas,-16.076778,-45.573181,18727
3170578,Vargem Alegre,MG,Caratinga,Ipatinga,-19.590789,-42.315433,5768
3170602,Vargem Bonita,MG,Piumhi,Varginha,-20.436500,-46.317986,2208
3170651,Vargem Grande do Rio Pardo,MG,Salinas,Montes Claros,-15.353494,-42.304218,4721
3170701,Varginha,MG,Varginha,Varginha,-21.571271,-45.414459,144503
3170750,Varjão de Minas,MG,Patos de Minas,Patos de Minas,-18.459965,-45.919995,7363
3170800,Várzea da Palma,MG,Pirapora,Montes Claros,-17.460362,-44.739811,34475
3170909,Varzelândia,MG,Montes Claros,Montes Claros,-15.632296,-43.927124,19206
3171006,Vazante,MG,Patos de Minas,Patos de Minas,-17.870687,-46.862149,20483
3171030,Verdelândia,MG,Janaúba,Montes Claros,-15.539129,-43.664907,7706
3171071,Veredinha,MG,Capelinha,Teófilo Otoni,-17.520038,-42.706975,5223
3171105,Veríssimo,MG,Uberaba,Uberaba,-19.602557,-48.359121,3476
3171154,Vermelho Novo,MG,Caratinga,Ipatinga,-20.033522,-42.253989,5062
3171204,Vespasiano,MG,Belo Horizonte,Belo Horizonte,-19.726355,-43.952845,140004
3171303,Viçosa,MG,Viçosa,Juíz de Fora,-20.733069,-42.877494,79797
3171402,Vieiras,MG,Muriaé,Juíz de Fora,-20.909391,-42.271064,3781
3171501,Mathias Lobato,MG,Governador Valadares,Governador Valadares,-18.606080,-41.913540,3037
3171600,Virgem da Lapa,MG,Araçuaí,Teófilo Otoni,-16.710615,-42.329355,11686
3171709,Virgínia,MG,São Lourenço,Pouso Alegre,-22.334436,-45.106764,9184
3171808,Virginópolis,MG,Guanhães,Governador Valadares,-18.792657,-42.645204,10503
3171907,Virgolândia,MG,Governador Valadares,Governador Valadares,-18.467207,-42.299740,4416
3172004,Visconde do Rio Branco,MG,Ubá,Juíz de Fora,-21.005867,-42.860292,40809
3172103,Volta Grande,MG,Além Paraíba,Juíz de Fora,-21.746144,-42.569500,4411
3172202,Wenceslau Braz,MG,Itajubá,Pouso Alegre,-22.540030,-45.393970,2368
3200102,Afonso Cláudio,ES,Afonso Cláudio - Venda Nova do Imigrante - Santa Maria de Jetibá,Vitória,-20.096227,-41.132020,32479
3200136,Águia Branca,ES,Colatina,Colatina,-18.974633,-40.742526,10183
3200169,Água Doce do Norte,ES,Nova Venécia,Colatina,-18.499455,-40.998630,12610
3200201,Alegre,ES,Alegre,Cachoeiro do Itapemirim,-20.693996,-41.517812,30693
3200300,Alfredo Chaves,ES,Vitória,Vitória,-20.548492,-40.817912,14376
3200359,Alto Rio Novo,ES,Colatina,Colatina,-19.028529,-40.987593,7772
3200409,Anchieta,ES,Vitória,Vitória,-20.715700,-40.697518,33397
3200508,Apiacá,ES,Alegre,Cachoeiro do Itapemirim,-21.084015,-41.569038,7438
3200607,Aracruz,ES,Linhares,São Mateus,-19.796665,-40.187435,104304
3200706,Atílio Vivácqua,ES,Cachoeiro de Itapemirim,Cachoeiro do Itapemirim,-20.961338,-41.185908,11078
3200805,Baixo Guandu,ES,Colatina,Colatina,-19.531646,-40.966567,32930
3200904,Barra de São Francisco,ES,Nova Venécia,Colatina,-18.649503,-40.835769,45574
3201001,Boa Esperança,ES,São Mateus,São Mateus,-18.479504,-40.321183,14029
3201100,Bom Jesus do Norte,ES,Alegre,Cachoeiro do Itapemirim,-21.070160,-41.633010,10867
3201159,Brejetuba,ES,Afonso Cláudio - Venda Nova do Imigrante - Santa Maria de Jetibá,Vitória,-20.138004,-41.300092,13800
3201209,Cachoeiro de Itapemirim,ES,Cachoeiro de Itapemirim,Cachoeiro do Itapemirim,-20.783048,-41.169220,198367
3201308,Cariacica,ES,Vitória,Vitória,-20.294624,-40.457159,376914
3201407,Castelo,ES,Cachoeiro de Itapemirim,Cachoeiro do Itapemirim,-20.551074,-41.223822,39747
3201506,Colatina,ES,Colatina,Colatina,-19.474611,-40.646184,130043
3201605,Conceição da Barra,ES,São Mateus,São Mateus,-18.450489,-39.842321,28891
3201704,Conceição do Castelo,ES,Afonso Cláudio - Venda Nova do Imigrante - Santa Maria de Jetibá,Vitória,-20.368719,-41.251119,12475
3201803,Divino de São Lourenço,ES,Alegre,Cachoeiro do Itapemirim,-20.572627,-41.738109,5391
3201902,Domingos Martins,ES,Afonso Cláudio - Venda Nova do Imigrante - Santa Maria de Jetibá,Vitória,-20.332367,-40.844455,38498
3202009,Dores do Rio Preto,ES,Alegre,Cachoeiro do Itapemirim,-20.619953,-41.811311,6919
3202108,Ecoporanga,ES,Nova Venécia,Colatina,-18.265254,-40.804342,22554
3202207,Fundão,ES,Vitória,Vitória,-19.991017,-40.323106,18941
3202256,Governador Lindenberg,ES,Colatina,Colatina,-19.176944,-40.487837,11501
3202306,Guaçuí,ES,Alegre,Cachoeiro do Itapemirim,-20.779157,-41.718767,31528
3202405,Guarapari,ES,Vitória,Vitória,-20.577074,-40.551795,137659
3202454,Ibatiba,ES,Alegre,Cachoeiro do Itapemirim,-20.265138,-41.527715,27765
3202504,Ibiraçu,ES,Linhares,São Mateus,-19.832022,-40.450022,12350
3202553,Ibitirama,ES,Alegre,Cachoeiro do Itapemirim,-20.499515,-41.686125,10119
3202603,Iconha,ES,Cachoeiro de Itapemirim,Cachoeiro do Itapemirim,-20.758730,-40.846490,12801
3202652,Irupi,ES,Alegre,Cachoeiro do Itapemirim,-20.320725,-41.634092,14793
3202702,Itaguaçu,ES,Colatina,Colatina,-19.725917,-40.869057,14004
3202801,Itapemirim,ES,Cachoeiro de Itapemirim,Cachoeiro do Itapemirim,-20.962862,-40.951014,44621
3202900,Itarana,ES,Afonso Cláudio - Venda Nova do Imigrante - Santa Maria de Jetibá,Vitória,-19.944843,-40.885557,10997
3203007,Iúna,ES,Alegre,Cachoeiro do Itapemirim,-20.371100,-41.652953,30626
3203056,Jaguaré,ES,São Mateus,São Mateus,-18.975433,-39.985200,31858
3203106,Jerônimo Monteiro,ES,Cachoeiro de Itapemirim,Cachoeiro do Itapemirim,-20.804355,-41.394445,12112
3203130,João Neiva,ES,Linhares,São Mateus,-19.735214,-40.462550,14203
3203163,Laranja da Terra,ES,Afonso Cláudio - Venda Nova do Imigrante - Santa Maria de Jetibá,Vitória,-19.867511,-41.070956,11622
3203205,Linhares,ES,Linhares,São Mateus,-19.345114,-40.131116,185621
3203304,Mantenópolis,ES,Colatina,Colatina,-18.878836,-41.093064,13090
3203320,Marataízes,ES,Cachoeiro de Itapemirim,Cachoeiro do Itapemirim,-21.075536,-40.872318,46461
3203346,Marechal Floriano,ES,Afonso Cláudio - Venda Nova do Imigrante - Santa Maria de Jetibá,Vitória,-20.427400,-40.755582,19159
3203353,Marilândia,ES,Colatina,Colatina,-19.417553,-40.520500,13150
3203403,Mimoso do Sul,ES,Cachoeiro de Itapemirim,Cachoeiro do Itapemirim,-21.093106,-41.381006,25011
3203502,Montanha,ES,São Mateus,São Mateus,-18.110705,-40.295482,19891
3203601,Mucurici,ES,São Mateus,São Mateus,-18.021365,-40.510388,5667
3203700,Muniz Freire,ES,Alegre,Cachoeiro do Itapemirim,-20.422593,-41.444300,18806
3203809,Muqui,ES,Cachoeiro de Itapemirim,Cachoeiro do Itapemirim,-20.938129,-41.335606,14160
3203908,Nova Venécia,ES,Nova Venécia,Colatina,-18.671367,-40.557043,52531
3204005,Pancas,ES,Colatina,Colatina,-19.126314,-40.833139,18914
3204054,Pedro Canário,ES,São Mateus,São Mateus,-18.196594,-40.044594,21803
3204104,Pinheiros,ES,São Mateus,São Mateus,-18.366967,-40.210663,24861
3204203,Piúma,ES,Vitória,Vitória,-20.839586,-40.759343,24176
3204252,Ponto Belo,ES,São Mateus,São Mateus,-18.249361,-40.514239,6640
3204302,Presidente Kennedy,ES,Cachoeiro de Itapemirim,Cachoeiro do Itapemirim,-21.165615,-41.061530,15050
3204351,Rio Bananal,ES,Linhares,São Mateus,-19.214750,-40.318122,20467
3204401,Rio Novo do Sul,ES,Cachoeiro de Itapemirim,Cachoeiro do Itapemirim,-20.811567,-40.918908,11471
3204500,Santa Leopoldina,ES,Afonso Cláudio - Venda Nova do Imigrante - Santa Maria de Jetibá,Vitória,-20.109546,-40.533154,13950
3204559,Santa Maria de Jetibá,ES,Afonso Cláudio - Venda Nova do Imigrante - Santa Maria de Jetibá,Vitória,-20.081400,-40.795168,45975
3204609,Santa Teresa,ES,Afonso Cláudio - Venda Nova do Imigrante - Santa Maria de Jetibá,Vitória,-19.894778,-40.628878,23977
3204658,São Domingos do Norte,ES,Colatina,Colatina,-19.129224,-40.534852,9089
3204708,São Gabriel da Palha,ES,Colatina,Colatina,-18.968179,-40.517489,34313
3204807,São José do Calçado,ES,Alegre,Cachoeiro do Itapemirim,-20.985807,-41.655733,11451
3204906,São Mateus,ES,São Mateus,São Mateus,-18.775109,-40.062431,135450
3204955,São Roque do Canaã,ES,Colatina,Colatina,-19.727692,-40.667831,11222
3205002,Serra,ES,Vitória,Vitória,-20.116663,-40.297106,586901
3205010,Sooretama,ES,Linhares,São Mateus,-19.119253,-40.166573,28876
3205036,Vargem Alta,ES,Cachoeiro de Itapemirim,Cachoeiro do Itapemirim,-20.654132,-41.009227,20413
3205069,Venda Nova do Imigrante,ES,Afonso Cláudio - Venda Nova do Imigrante - Santa Maria de Jetibá,Vitória,-20.371938,-41.143900,25630
3205101,Viana,ES,Vitória,Vitória,-20.399594,-40.502383,79611
3205150,Vila Pavão,ES,Nova Venécia,Colatina,-18.611400,-40.634706,9340
3205176,Vila Valério,ES,Colatina,Colatina,-18.967941,-40.346900,14289
3205200,Vila Velha,ES,Vitória,Vitória,-20.424555,-40.367709,510512
3205309,Vitória,ES,Vitória,Vitória,-20.283940,-40.290200,343935
3300100,Angra dos Reis,RJ,Angra dos Reis,Rio de Janeiro,-23.006353,-44.358442,179152
3300159,Aperibé,RJ,Santo Antônio de Pádua,Campos dos Goytacazes,-21.647714,-42.121386,11429
3300209,Araruama,RJ,Cabo Frio,Macaé - Rio das Ostras - Cabo Frio,-22.758475,-42.296915,137922
3300225,Areal,RJ,Petrópolis,Petrópolis,-22.243933,-43.119767,12213
3300233,Armação dos Búzios,RJ,Cabo Frio,Macaé - Rio das Ostras - Cabo Frio,-22.790217,-41.960533,44365
3300258,Arraial do Cabo,RJ,Cabo Frio,Macaé - Rio das Ostras - Cabo Frio,-22.917364,-42.165927,32835
3300308,Barra do Piraí,RJ,Volta Redonda - Barra Mansa,Volta Redonda - Barra Mansa,-22.427318,-43.907836,98508
3300407,Barra Mansa,RJ,Volta Redonda - Barra Mansa,Volta Redonda - Barra Mansa,-22.486863,-44.169989,181675
3300456,Belford Roxo,RJ,Rio de Janeiro,Rio de Janeiro,-22.726212,-43.380800,518442
3300506,Bom Jardim,RJ,Nova Friburgo,Petrópolis,-22.180029,-42.388093,29769
3300605,Bom Jesus do Itabapoana,RJ,Itaperuna,Campos dos Goytacazes,-21.100386,-41.688846,37178
3300704,Cabo Frio,RJ,Cabo Frio,Macaé - Rio das Ostras - Cabo Frio,-22.741985,-42.048280,236772
3300803,Cachoeiras de Macacu,RJ,Rio Bonito,Rio de Janeiro,-22.515388,-42.758023,59873
3300902,Cambuci,RJ,Santo Antônio de Pádua,Campos dos Goytacazes,-21.503138,-41.928333,15060
3300936,Carapebus,RJ,Macaé - Rio das Ostras,Macaé - Rio das Ostras - Cabo Frio,-22.199125,-41.660713,14331
3300951,Comendador Levy Gasparian,RJ,Três Rios - Paraíba do Sul,Petrópolis,-22.045223,-43.240062,9050
3301009,Campos dos Goytacazes,RJ,Campos dos Goytacazes,Campos dos Goytacazes,-21.715226,-41.453231,519378
3301108,Cantagalo,RJ,Nova Friburgo,Petrópolis,-21.886033,-42.317183,20023
3301157,Cardoso Moreira,RJ,Campos dos Goytacazes,Campos dos Goytacazes,-21.515100,-41.499586,13418
3301207,Carmo,RJ,Nova Friburgo,Petrópolis,-21.901100,-42.569233,17741
3301306,Casimiro de Abreu,RJ,Macaé - Rio das Ostras,Macaé - Rio das Ostras - Cabo Frio,-22.488396,-42.141908,48672
3301405,Conceição de Macabu,RJ,Macaé - Rio das Ostras,Macaé - Rio das Ostras - Cabo Frio,-22.132075,-41.852971,21771
3301504,Cordeiro,RJ,Nova Friburgo,Petrópolis,-22.053140,-42.340910,21422
3301603,Duas Barras,RJ,Nova Friburgo,Petrópolis,-22.073056,-42.503031,11356
3301702,Duque de Caxias,RJ,Rio de Janeiro,Rio de Janeiro,-22.647965,-43.309675,866167
3301801,Engenheiro Paulo de Frontin,RJ,Volta Redonda - Barra Mansa,Volta Redonda - Barra Mansa,-22.522775,-43.632850,12804
3301850,Guapimirim,RJ,Rio de Janeiro,Rio de Janeiro,-22.581459,-42.966394,54316
3301876,Iguaba Grande,RJ,Cabo Frio,Macaé - Rio das Ostras - Cabo Frio,-22.834917,-42.220900,29681
3301900,Itaboraí,RJ,Rio de Janeiro,Rio de Janeiro,-22.758105,-42.887168,240169
3302007,Itaguaí,RJ,Rio de Janeiro,Rio de Janeiro,-22.901243,-43.781962,124040
3302056,Italva,RJ,Campos dos Goytacazes,Campos dos Goytacazes,-21.436108,-41.668183,14510
3302106,Itaocara,RJ,Santo Antônio de Pádua,Campos dos Goytacazes,-21.740214,-42.091514,23646
3302205,Itaperuna,RJ,Itaperuna,Campos dos Goytacazes,-21.222827,-41.929424,107322
3302254,Itatiaia,RJ,Resende,Volta Redonda - Barra Mansa,-22.432387,-44.590387,32721
3302270,Japeri,RJ,Rio de Janeiro,Rio de Janeiro,-22.659880,-43.601750,102182
3302304,Laje do Muriaé,RJ,Itaperuna,Campos dos Goytacazes,-21.256222,-42.151667,7582
3302403,Macaé,RJ,Macaé - Rio das Ostras,Macaé - Rio das Ostras - Cabo Frio,-22.296603,-41.972711,264583
3302452,Macuco,RJ,Nova Friburgo,Petrópolis,-22.019210,-42.271320,5603
3302502,Magé,RJ,Rio de Janeiro,Rio de Janeiro,-22.617513,-43.112847,244166
3302601,Mangaratiba,RJ,Rio de Janeiro,Rio de Janeiro,-22.980204,-43.992773,43677
3302700,Maricá,RJ,Rio de Janeiro,Rio de Janeiro,-22.913487,-42.818406,212703
3302809,Mendes,RJ,Volta Redonda - Barra Mansa,Volta Redonda - Barra Mansa,-22.533556,-43.742489,18048
3302858,Mesquita,RJ,Rio de Janeiro,Rio de Janeiro,-22.794150,-43.439050,178780
3302908,Miguel Pereira,RJ,Valença,Volta Redonda - Barra Mansa,-22.516539,-43.477856,28151
3303005,Miracema,RJ,Santo Antônio de Pádua,Campos dos Goytacazes,-21.382380,-42.164787,28418
3303104,Natividade,RJ,Itaperuna,Campos dos Goytacazes,-21.031065,-41.945435,15552
3303203,Nilópolis,RJ,Rio de Janeiro,Rio de Janeiro,-22.825120,-43.434180,155478
3303302,Niterói,RJ,Rio de Janeiro,Rio de Janeiro,-22.912713,-43.073662,516820
3303401,Nova Friburgo,RJ,Nova Friburgo,Petrópolis,-22.328992,-42.480484,203460
3303500,Nova Iguaçu,RJ,Rio de Janeiro,Rio de Janeiro,-22.694145,-43.507203,843367
3303609,Paracambi,RJ,Rio de Janeiro,Rio de Janeiro,-22.622458,-43.711317,43451
3303708,Paraíba do Sul,RJ,Três Rios - Paraíba do Sul,Petrópolis,-22.186654,-43.291669,44485
3303807,Paraty,RJ,Angra dos Reis,Rio de Janeiro,-23.159992,-44.703875,47694
3303856,Paty do Alferes,RJ,Valença,Volta Redonda - Barra Mansa,-22.399645,-43.416918,31382
3303906,Petrópolis,RJ,Petrópolis,Petrópolis,-22.396546,-43.151500,294954
3303955,Pinheiral,RJ,Volta Redonda - Barra Mansa,Volta Redonda - Barra Mansa,-22.543225,-43.991950,25102
3304003,Piraí,RJ,Volta Redonda - Barra Mansa,Volta Redonda - Barra Mansa,-22.644059,-43.901132,29072
3304102,Porciúncula,RJ,Itaperuna,Campos dos Goytacazes,-20.888323,-41.952823,17833
3304110,Porto Real,RJ,Resende,Volta Redonda - Barra Mansa,-22.450683,-44.321333,21101
3304128,Quatis,RJ,Resende,Volta Redonda - Barra Mansa,-22.369247,-44.247880,14168
3304144,Queimados,RJ,Rio de Janeiro,Rio de Janeiro,-22.737157,-43.603257,149155
3304151,Quissamã,RJ,Macaé - Rio das Ostras,Macaé - Rio das Ostras - Cabo Frio,-22.112535,-41.469935,23149
3304201,Resende,RJ,Resende,Volta Redonda - Barra Mansa,-22.446411,-44.518160,137739
3304300,Rio Bonito,RJ,Rio Bonito,Rio de Janeiro,-22.741800,-42.595341,59147
3304409,Rio Claro,RJ,Volta Redonda - Barra Mansa,Volta Redonda - Barra Mansa,-22.790662,-44.092046,17951
3304508,Rio das Flores,RJ,Valença,Volta Redonda - Barra Mansa,-22.162941,-43.550741,9269
3304524,Rio das Ostras,RJ,Macaé - Rio das Ostras,Macaé - Rio das Ostras - Cabo Frio,-22.452207,-41.950640,168626
3304557,Rio de Janeiro,RJ,Rio de Janeiro,Rio de Janeiro,-22.915977,-43.458037,6731133
3304607,Santa Maria Madalena,RJ,Nova Friburgo,Petrópolis,-21.977412,-41.910880,10580
3304706,Santo Antônio de Pádua,RJ,Santo Antônio de Pádua,Campos dos Goytacazes,-21.563072,-42.192724,43703
3304755,São Francisco de Itabapoana,RJ,Campos dos Goytacazes,Campos dos Goytacazes,-21.406575,-41.124850,47411
3304805,São Fidélis,RJ,Campos dos Goytacazes,Campos dos Goytacazes,-21.671541,-41.758932,41220
3304904,São Gonçalo,RJ,Rio de Janeiro,Rio de Janeiro,-22.811736,-42.998536,959977
3305000,São João da Barra,RJ,Campos dos Goytacazes,Campos dos Goytacazes,-21.778158,-41.082667,38756
3305109,São João de Meriti,RJ,Rio de Janeiro,Rio de Janeiro,-22.782933,-43.364650,466487
3305133,São José de Ubá,RJ,Itaperuna,Campos dos Goytacazes,-21.373482,-41.939288,7328
3305158,São José do Vale do Rio Preto,RJ,Petrópolis,Petrópolis,-22.166489,-42.885533,22775
3305208,São Pedro da Aldeia,RJ,Cabo Frio,Macaé - Rio das Ostras - Cabo Frio,-22.815700,-42.149146,110735
3305307,São Sebastião do Alto,RJ,Nova Friburgo,Petrópolis,-21.884044,-42.097338,7990
3305406,Sapucaia,RJ,Três Rios - Paraíba do Sul,Petrópolis,-22.023024,-42.804900,18292
3305505,Saquarema,RJ,Rio de Janeiro,Rio de Janeiro,-22.878050,-42.535936,95355
3305554,Seropédica,RJ,Rio de Janeiro,Rio de Janeiro,-22.743778,-43.692678,84821
3305604,Silva Jardim,RJ,Rio Bonito,Rio de Janeiro,-22.565568,-42.383900,22029
3305703,Sumidouro,RJ,Nova Friburgo,Petrópolis,-22.127795,-42.663647,15695
3305752,Tanguá,RJ,Rio de Janeiro,Rio de Janeiro,-22.799982,-42.713118,32868
3305802,Teresópolis,RJ,Petrópolis,Petrópolis,-22.309772,-42.865524,176772
3305901,Trajano de Moraes,RJ,Nova Friburgo,Petrópolis,-22.133609,-42.143691,10654
3306008,Três Rios,RJ,Três Rios - Paraíba do Sul,Petrópolis,-22.114911,-43.100384,82329
3306107,Valença,RJ,Valença,Volta Redonda - Barra Mansa,-22.240052,-43.848718,71442
3306156,Varre-Sai,RJ,Itaperuna,Campos dos Goytacazes,-20.901800,-41.832036,10565
3306206,Vassouras,RJ,Valença,Volta Redonda - Barra Mansa,-22.349884,-43.570432,35908
3306305,Volta Redonda,RJ,Volta Redonda - Barra Mansa,Volta Redonda - Barra Mansa,-22.502807,-44.083586,280006
3500105,Adamantina,SP,Adamantina - Lucélia,Presidente Prudente,-21.578465,-51.064453,35701
3500204,Adolfo,SP,São José do Rio Preto,São José do Rio Preto,-21.284892,-49.658123,4529
3500303,Aguaí,SP,São João da Boa Vista,Campinas,-22.039195,-47.045876,32884
3500402,Águas da Prata,SP,São João da Boa Vista,Campinas,-21.899343,-46.696100,7457
3500501,Águas de Lindóia,SP,Amparo,Campinas,-22.475143,-46.609243,18277
3500550,Águas de Santa Bárbara,SP,Avaré,Sorocaba,-22.863255,-49.247190,7508
3500600,Águas de São Pedro,SP,Piracicaba,Campinas,-22.600340,-47.873440,2933
3500709,Agudos,SP,Bauru,Bauru,-22.561384,-49.110455,39084
3500758,Alambari,SP,Itapetininga,Sorocaba,-23.544544,-47.865356,6411
3500808,Alfredo Marcondes,SP,Presidente Prudente,Presidente Prudente,-21.934470,-51.400620,4591
3500907,Altair,SP,São José do Rio Preto,São José do Rio Preto,-20.544800,-49.093193,3456
3501004,Altinópolis,SP,Ribeirão Preto,Ribeirão Preto,-21.023374,-47.394958,17234
3501103,Alto Alegre,SP,Birigui - Penápolis,Araçatuba,-21.602160,-50.173880,3866
3501152,Alumínio,SP,Sorocaba,Sorocaba,-23.527780,-47.289350,17621
3501202,Álvares Florence,SP,Votuporanga,São José do Rio Preto,-20.292111,-49.908317,3980
3501301,Álvares Machado,SP,Presidente Prudente,Presidente Prudente,-22.122559,-51.498447,28508
3501400,Álvaro de Carvalho,SP,Marília,Marília,-22.086845,-49.751936,4906
3501509,Alvinlândia,SP,Marília,Marília,-22.434387,-49.757800,2915
3501608,Americana,SP,Campinas,Campinas,-22.730008,-47.298708,248392
3501707,Américo Brasiliense,SP,Araraquara,Araraquara,-21.717325,-48.020883,33663
3501806,Américo de Campos,SP,Votuporanga,São José do Rio Preto,-20.280372,-49.761189,5986
3501905,Amparo,SP,Amparo,Campinas,-22.691132,-46.811384,69859
3502002,Analândia,SP,Rio Claro,Campinas,-22.130294,-47.682194,4703
3502101,Andradina,SP,Andradina,Araçatuba,-20.836017,-51.323604,61761
3502200,Angatuba,SP,Itapetininga,Sorocaba,-23.470421,-48.455427,24628
3502309,Anhembi,SP,Botucatu,Bauru,-22.798908,-48.170121,5767
3502408,Anhumas,SP,Presidente Prudente,Presidente Prudente,-22.346400,-51.420393,4126
3502507,Aparecida,SP,Guaratinguetá,São José dos Campos,-22.927550,-45.238280,33067
3502606,Aparecida d'Oeste,SP,Jales,São José do Rio Preto,-20.455808,-50.918692,4101
3502705,Apiaí,SP,Itapeva,Sorocaba,-24.403406,-48.834023,24831
3502754,Araçariguama,SP,Sorocaba,Sorocaba,-23.435709,-47.080764,22448
3502804,Araçatuba,SP,Araçatuba,Araçatuba,-21.136442,-50.577133,208987
3502903,Araçoiaba da Serra,SP,Sorocaba,Sorocaba,-23.549433,-47.643073,33989
3503000,Aramina,SP,Ituverava,Ribeirão Preto,-20.161833,-47.817042,5543
3503109,Arandu,SP,Avaré,Sorocaba,-23.185440,-49.055960,7099
3503158,Arapeí,SP,Cruzeiro,São José dos Campos,-22.669917,-44.455375,2350
3503208,Araraquara,SP,Araraquara,Araraquara,-21.791031,-48.177528,254508
3503307,Araras,SP,Araras,Campinas,-22.340374,-47.333478,136113
3503356,Arco-Íris,SP,Tupã,Marília,-21.756946,-50.410315,2092
3503406,Arealva,SP,Bauru,Bauru,-22.056081,-48.981829,8299
3503505,Areias,SP,Cruzeiro,São José dos Campos,-22.677981,-44.715571,3614
3503604,Areiópolis,SP,Botucatu,Bauru,-22.617642,-48.659392,10229
3503703,Ariranha,SP,Catanduva,São José do Rio Preto,-21.186136,-48.786936,7592
3503802,Artur Nogueira,SP,Campinas,Campinas,-22.553571,-47.143571,53686
3503901,Arujá,SP,São Paulo,São Paulo,-23.389070,-46.315720,90644
3503950,Aspásia,SP,Jales,São José do Rio Preto,-20.174833,-50.723711,1876
3504008,Assis,SP,Assis,Marília,-22.596642,-50.432037,105051
3504107,Atibaia,SP,Bragança Paulista,Campinas,-23.131538,-46.587600,168162
3504206,Auriflama,SP,Araçatuba,Araçatuba,-20.642683,-50.580533,13841
3504305,Avaí,SP,Bauru,Bauru,-22.202333,-49.322083,4489
3504404,Avanhandava,SP,Birigui - Penápolis,Araçatuba,-21.444920,-49.942767,11435
3504503,Avaré,SP,Avaré,Sorocaba,-23.083329,-48.880539,96764
3504602,Bady Bassitt,SP,São José do Rio Preto,São José do Rio Preto,-20.933956,-49.445778,29738
3504701,Balbinos,SP,Bauru,Bauru,-21.884714,-49.324071,3975
3504800,Bálsamo,SP,São José do Rio Preto,São José do Rio Preto,-20.697055,-49.547509,9946
3504909,Bananal,SP,Cruzeiro,São José dos Campos,-22.748914,-44.337105,10089
3505005,Barão de Antonina,SP,Itapeva,Sorocaba,-23.569085,-49.586538,3644
3505104,Barbosa,SP,Birigui - Penápolis,Araçatuba,-21.298782,-49.918764,5598
3505203,Bariri,SP,Jaú,Bauru,-22.079940,-48.740620,32406
3505302,Barra Bonita,SP,Jaú,Bauru,-22.486530,-48.555350,35102
3505351,Barra do Chapéu,SP,Itapeva,Sorocaba,-24.448144,-49.106975,5252
3505401,Barra do Turvo,SP,Registro,Sorocaba,-24.890158,-48.433984,6868
3505500,Barretos,SP,Barretos,Ribeirão Preto,-20.509806,-48.639876,127276
3505609,Barrinha,SP,Ribeirão Preto,Ribeirão Preto,-21.229250,-48.092375,33414
3505708,Barueri,SP,São Paulo,São Paulo,-23.496882,-46.862536,336015
3505807,Bastos,SP,Tupã,Marília,-21.946533,-50.764300,21968
3505906,Batatais,SP,Ribeirão Preto,Ribeirão Preto,-20.864476,-47.589896,59999
3506003,Bauru,SP,Bauru,Bauru,-22.262342,-49.127150,394028
3506102,Bebedouro,SP,Barretos,Ribeirão Preto,-20.946432,-48.523677,78298
3506201,Bento de Abreu,SP,Araçatuba,Araçatuba,-21.308631,-50.854494,2638
3506300,Bernardino de Campos,SP,Ourinhos,Marília,-23.024069,-49.495969,11906
3506359,Bertioga,SP,Santos,São Paulo,-23.762418,-46.027495,67941
3506409,Bilac,SP,Birigui - Penápolis,Araçatuba,-21.424936,-50.471536,7473
3506508,Birigui,SP,Birigui - Penápolis,Araçatuba,-21.273096,-50.353717,123655
3506607,Biritiba Mirim,SP,São Paulo,São Paulo,-23.623106,-46.019719,30599
3506706,Boa Esperança do Sul,SP,Araraquara,Araraquara,-21.936250,-48.468115,13093
3506805,Bocaina,SP,Jaú,Bauru,-22.098636,-48.523764,11492
3506904,Bofete,SP,Botucatu,Bauru,-23.133872,-48.283448,10735
3507001,Boituva,SP,Sorocaba,Sorocaba,-23.295443,-47.669271,64240
3507100,Bom Jesus dos Perdões,SP,Bragança Paulista,Campinas,-23.191214,-46.481714,22648
3507159,Bom Sucesso de Itararé,SP,Itapeva,Sorocaba,-24.311683,-49.168458,3609
3507209,Borá,SP,Assis,Marília,-22.233460,-50.494360,935
3507308,Boracéia,SP,Jaú,Bauru,-22.164308,-48.794267,4852
3507407,Borborema,SP,Araraquara,Araraquara,-21.598668,-49.060282,14396
3507456,Borebi,SP,Bauru,Bauru,-22.676687,-48.983650,2814
3507506,Botucatu,SP,Botucatu,Bauru,-22.852282,-48.490162,151600
3507605,Bragança Paulista,SP,Bragança Paulista,Campinas,-22.953852,-46.572471,186631
3507704,Braúna,SP,Birigui - Penápolis,Araçatuba,-21.547658,-50.321750,5487
3507753,Brejo Alegre,SP,Birigui - Penápolis,Araçatuba,-21.189911,-50.205989,2605
3507803,Brodowski,SP,Ribeirão Preto,Ribeirão Preto,-21.043360,-47.643420,26446
3507902,Brotas,SP,Jaú,Bauru,-22.257228,-48.088008,24571
3508009,Buri,SP,Itapeva,Sorocaba,-23.737603,-48.606038,20783
3508108,Buritama,SP,Birigui - Penápolis,Araçatuba,-21.055778,-50.209322,17712
3508207,Buritizal,SP,Ituverava,Ribeirão Preto,-20.208665,-47.685835,4467
3508306,Cabrália Paulista,SP,Bauru,Bauru,-22.476521,-49.385779,4358
3508405,Cabreúva,SP,Jundiaí,Campinas,-23.289644,-47.073869,48815
3508504,Caçapava,SP,São José dos Campos,São José dos Campos,-23.103971,-45.707593,100422
3508603,Cachoeira Paulista,SP,Cruzeiro,São José dos Campos,-22.687582,-45.014188,32579
3508702,Caconde,SP,São José do Rio Pardo - Mococa,Campinas,-21.544540,-46.637465,17192
3508801,Cafelândia,SP,Lins,Bauru,-21.719559,-49.543766,16908
3508900,Caiabu,SP,Presidente Prudente,Presidente Prudente,-21.941777,-51.214969,3715
3509007,Caieiras,SP,São Paulo,São Paulo,-23.383810,-46.737030,98810
3509106,Caiuá,SP,Presidente Epitácio-Presidente Venceslau,Presidente Prudente,-21.801627,-51.980114,5612
3509205,Cajamar,SP,São Paulo,São Paulo,-23.348991,-46.883073,99249
3509254,Cajati,SP,Registro,Sorocaba,-24.752200,-48.184859,29267
3509304,Cajobi,SP,Barretos,Ribeirão Preto,-20.876862,-48.846915,9191
3509403,Cajuru,SP,Ribeirão Preto,Ribeirão Preto,-21.282168,-47.323045,24247
3509452,Campina do Monte Alegre,SP,Itapetininga,Sorocaba,-23.590354,-48.452038,6101
3509502,Campinas,SP,Campinas,Campinas,-22.898186,-47.047896,1189761
3509601,Campo Limpo Paulista,SP,Jundiaí,Campinas,-23.219218,-46.757955,79890
3509700,Campos do Jordão,SP,Taubaté - Pindamonhangaba,São José dos Campos,-22.702679,-45.539036,47932
3509809,Campos Novos Paulista,SP,Marília,Marília,-22.603555,-50.029150,5013
3509908,Cananéia,SP,Registro,Sorocaba,-24.993209,-47.997576,12493
3509957,Canas,SP,Guaratinguetá,São José dos Campos,-22.732350,-45.037575,5084
3510005,Cândido Mota,SP,Assis,Marília,-22.814478,-50.422296,30144
3510104,Cândido Rodrigues,SP,Araraquara,Araraquara,-21.341943,-48.633300,2966
3510153,Canitar,SP,Ourinhos,Marília,-23.010167,-49.787122,6647
3510203,Capão Bonito,SP,Itapeva,Sorocaba,-24.065254,-48.263000,47415
3510302,Capela do Alto,SP,Sorocaba,Sorocaba,-23.477082,-47.727255,23939
3510401,Capivari,SP,Piracicaba,Campinas,-22.977028,-47.504472,51415
3510500,Caraguatatuba,SP,Caraguatatuba - Ubatuba - São Sebastião,São José dos Campos,-23.631677,-45.488300,143291
3510609,Carapicuíba,SP,São Paulo,São Paulo,-23.549100,-46.850283,398772
3510708,Cardoso,SP,Votuporanga,São José do Rio Preto,-20.077973,-49.936345,11462
3510807,Casa Branca,SP,São João da Boa Vista,Campinas,-21.801027,-47.096731,28773
3510906,Cássia dos Coqueiros,SP,Ribeirão Preto,Ribeirão Preto,-21.263864,-47.141718,2866
3511003,Castilho,SP,Andradina,Araçatuba,-20.911130,-51.581404,20545
3511102,Catanduva,SP,Catanduva,São José do Rio Preto,-21.131471,-48.959733,119368
3511201,Catiguá,SP,Catanduva,São José do Rio Preto,-21.068164,-49.040736,7097
3511300,Cedral,SP,São José do Rio Preto,São José do Rio Preto,-20.899714,-49.241786,13454
3511409,Cerqueira César,SP,Avaré,Sorocaba,-23.041335,-49.128085,22329
3511508,Cerquilho,SP,Sorocaba,Sorocaba,-23.182800,-47.763355,46547
3511607,Cesário Lange,SP,Tatuí,Sorocaba,-23.222425,-47.899975,19813
3511706,Charqueada,SP,Piracicaba,Campinas,-22.517082,-47.749818,15827
3511904,Clementina,SP,Birigui - Penápolis,Araçatuba,-21.564027,-50.466745,7082
3512001,Colina,SP,Barretos,Ribeirão Preto,-20.752267,-48.581478,18914
3512100,Colômbia,SP,Barretos,Ribeirão Preto,-20.274368,-48.711136,6822
3512209,Conchal,SP,Araras,Campinas,-22.371420,-47.148180,29220
3512308,Conchas,SP,Botucatu,Bauru,-22.965914,-48.044895,15314
3512407,Cordeirópolis,SP,Limeira,Campinas,-22.474917,-47.418375,25390
3512506,Coroados,SP,Birigui - Penápolis,Araçatuba,-21.370805,-50.315937,5509
3512605,Coronel Macedo,SP,Avaré,Sorocaba,-23.626863,-49.300842,4249
3512704,Corumbataí,SP,Rio Claro,Campinas,-22.224471,-47.606553,4305
3512803,Cosmópolis,SP,Campinas,Campinas,-22.659533,-47.181167,61196
3512902,Cosmorama,SP,Votuporanga,São José do Rio Preto,-20.422967,-49.763733,9064
3513009,Cotia,SP,São Paulo,São Paulo,-23.660770,-46.930250,291704
3513108,Cravinhos,SP,Ribeirão Preto,Ribeirão Preto,-21.317993,-47.734964,34356
3513207,Cristais Paulista,SP,Franca,Ribeirão Preto,-20.366624,-47.392812,9651
3513306,Cruzália,SP,Assis,Marília,-22.742800,-50.764250,2118
3513405,Cruzeiro,SP,Cruzeiro,São José dos Campos,-22.554312,-45.003119,76381
3513504,Cubatão,SP,Santos,São Paulo,-23.869120,-46.400250,114681
3513603,Cunha,SP,Guaratinguetá,São José dos Campos,-23.069994,-44.923900,22467
3513702,Descalvado,SP,São Carlos,Araraquara,-21.895686,-47.648907,32685
3513801,Diadema,SP,São Paulo,São Paulo,-23.706786,-46.623943,403802
3513850,Dirce Reis,SP,Jales,São José do Rio Preto,-20.449271,-50.629843,1637
3513900,Divinolândia,SP,São José do Rio Pardo - Mococa,Campinas,-21.662950,-46.710571,11296
3514007,Dobrada,SP,Araraquara,Araraquara,-21.510417,-48.366167,9011
3514106,Dois Córregos,SP,Jaú,Bauru,-22.432788,-48.335735,24839
3514205,Dolcinópolis,SP,Jales,São José do Rio Preto,-20.114825,-50.540013,2257
3514304,Dourado,SP,São Carlos,Araraquara,-22.109550,-48.339479,8154
3514403,Dracena,SP,Dracena,Presidente Prudente,-21.532859,-51.583612,46800
3514502,Duartina,SP,Bauru,Bauru,-22.390900,-49.406675,12534
3514601,Dumont,SP,Ribeirão Preto,Ribeirão Preto,-21.245350,-47.992900,9804
3514700,Echaporã,SP,Marília,Marília,-22.443518,-50.199432,6288
3514809,Eldorado,SP,Registro,Sorocaba,-24.498138,-48.247651,13062
3514908,Elias Fausto,SP,Campinas,Campinas,-23.089000,-47.365230,18226
3514924,Elisiário,SP,Catanduva,São José do Rio Preto,-21.170073,-49.094082,3191
3514957,Embaúba,SP,Catanduva,São José do Rio Preto,-20.945933,-48.848978,2346
3515004,Embu das Artes,SP,São Paulo,São Paulo,-23.653970,-46.851290,260113
3515103,Embu-Guaçu,SP,São Paulo,São Paulo,-23.856708,-46.828375,69041
3515129,Emilianópolis,SP,Presidente Prudente,Presidente Prudente,-21.791392,-51.496642,3061
3515152,Engenheiro Coelho,SP,Limeira,Campinas,-22.482591,-47.162791,20377
3515186,Espírito Santo do Pinhal,SP,São João da Boa Vista,Campinas,-22.191495,-46.796847,40547
3515194,Espírito Santo do Turvo,SP,Ourinhos,Marília,-22.660422,-49.423978,4211
3515202,Estrela d'Oeste,SP,Fernandópolis,São José do Rio Preto,-20.266747,-50.408300,9733
3515301,Estrela do Norte,SP,Presidente Prudente,Presidente Prudente,-22.467073,-51.659867,2752
3515350,Euclides da Cunha Paulista,SP,Presidente Prudente,Presidente Prudente,-22.512006,-52.576806,7833
3515400,Fartura,SP,Piraju,Marília,-23.391400,-49.515667,17069
3515509,Fernandópolis,SP,Fernandópolis,São José do Rio Preto,-20.279774,-50.277130,73706
3515608,Fernando Prestes,SP,Catanduva,São José do Rio Preto,-21.322360,-48.696120,6092
3515657,Fernão,SP,Marília,Marília,-22.364850,-49.530425,1695
3515707,Ferraz de Vasconcelos,SP,São Paulo,São Paulo,-23.578175,-46.374800,186816
3515806,Flora Rica,SP,Dracena,Presidente Prudente,-21.701392,-51.374325,1475
3515905,Floreal,SP,Votuporanga,São José do Rio Preto,-20.642120,-50.151987,2739
3516002,Flórida Paulista,SP,Adamantina - Lucélia,Presidente Prudente,-21.555095,-51.174518,13179
3516101,Florínea,SP,Assis,Marília,-22.872541,-50.683600,4053
3516200,Franca,SP,Franca,Ribeirão Preto,-20.574487,-47.375371,366534
3516309,Francisco Morato,SP,São Paulo,São Paulo,-23.270700,-46.731857,171806
3516408,Franco da Rocha,SP,São Paulo,São Paulo,-23.306077,-46.737977,150648
3516507,Gabriel Monteiro,SP,Birigui - Penápolis,Araçatuba,-21.489220,-50.571040,2815
3516606,Gália,SP,Marília,Marília,-22.338085,-49.581220,6394
3516705,Garça,SP,Marília,Marília,-22.232188,-49.697432,43051
3516804,Gastão Vidigal,SP,Araçatuba,Araçatuba,-20.806173,-50.205273,3175
3516853,Gavião Peixoto,SP,Araraquara,Araraquara,-21.794119,-48.462550,4815
3516903,General Salgado,SP,Araçatuba,Araçatuba,-20.634090,-50.423943,10426
3517000,Getulina,SP,Marília,Marília,-21.772400,-50.032510,10321
3517109,Glicério,SP,Birigui - Penápolis,Araçatuba,-21.313106,-50.197447,4145
3517208,Guaiçara,SP,Lins,Bauru,-21.568786,-49.770624,11496
3517307,Guaimbê,SP,Marília,Marília,-21.867100,-49.864590,5611
3517406,Guaíra,SP,Barretos,Ribeirão Preto,-20.307633,-48.376910,40547
3517505,Guapiaçu,SP,São José do Rio Preto,São José do Rio Preto,-20.736007,-49.173436,22562
3517604,Guapiara,SP,Itapeva,Sorocaba,-24.215931,-48.557538,17197
3517703,Guará,SP,Ituverava,Ribeirão Preto,-20.479263,-47.784869,18711
3517802,Guaraçaí,SP,Andradina,Araçatuba,-21.080950,-51.285908,7423
3517901,Guaraci,SP,Barretos,Ribeirão Preto,-20.385160,-48.986770,10566
3518008,Guarani d'Oeste,SP,Fernandópolis,São José do Rio Preto,-20.063682,-50.347900,1999
3518107,Guarantã,SP,Lins,Bauru,-21.912350,-49.571528,6532
3518206,Guararapes,SP,Araçatuba,Araçatuba,-21.318188,-50.717653,31902
3518305,Guararema,SP,São Paulo,São Paulo,-23.432460,-46.060267,32785
3518404,Guaratinguetá,SP,Guaratinguetá,São José dos Campos,-22.821984,-45.221884,122100
3518503,Guareí,SP,Itapetininga,Sorocaba,-23.367348,-48.218205,15299
3518602,Guariba,SP,Ribeirão Preto,Ribeirão Preto,-21.384250,-48.245821,38740
3518701,Guarujá,SP,Santos,São Paulo,-23.953008,-46.248542,294780
3518800,Guarulhos,SP,São Paulo,São Paulo,-23.403094,-46.438083,1351284
3518859,Guatapará,SP,Ribeirão Preto,Ribeirão Preto,-21.438250,-47.985844,7485
3518909,Guzolândia,SP,Araçatuba,Araçatuba,-20.630662,-50.727446,4243
3519006,Herculândia,SP,Tupã,Marília,-21.957424,-50.374935,9329
3519055,Holambra,SP,Campinas,Campinas,-22.615513,-47.068950,15832
3519071,Hortolândia,SP,Campinas,Campinas,-22.882286,-47.214986,250195
3519105,Iacanga,SP,Bauru,Bauru,-21.897126,-49.044235,10661
3519204,Iacri,SP,Tupã,Marília,-21.795400,-50.637094,6189
3519253,Iaras,SP,Avaré,Sorocaba,-22.824322,-49.112389,8362
3519303,Ibaté,SP,São Carlos,Araraquara,-21.922353,-48.016847,33204
3519402,Ibirá,SP,São José do Rio Preto,São José do Rio Preto,-21.082753,-49.223287,11976
3519501,Ibirarema,SP,Ourinhos,Marília,-22.796617,-50.077292,6439
3519600,Ibitinga,SP,Araraquara,Araraquara,-21.791911,-48.838652,62353
3519709,Ibiúna,SP,Sorocaba,Sorocaba,-23.795306,-47.211310,77936
3519808,Icém,SP,São José do Rio Preto,São José do Rio Preto,-20.359594,-49.190137,7992
3519907,Iepê,SP,Presidente Prudente,Presidente Prudente,-22.633474,-51.060942,7739
3520004,Igaraçu do Tietê,SP,Jaú,Bauru,-22.535075,-48.596050,23414
3520103,Igarapava,SP,Ituverava,Ribeirão Preto,-20.063652,-47.687622,26643
3520202,Igaratá,SP,São José dos Campos,São José dos Campos,-23.122873,-46.142727,11037
3520301,Iguape,SP,Registro,Sorocaba,-24.551094,-47.507182,29900
3520400,Ilhabela,SP,Caraguatatuba - Ubatuba - São Sebastião,São José dos Campos,-23.864700,-45.312886,36766
3520426,Ilha Comprida,SP,Registro,Sorocaba,-24.853400,-47.703295,14237
3520442,Ilha Solteira,SP,Andradina,Araçatuba,-20.488962,-51.269995,26272
3520509,Indaiatuba,SP,Campinas,Campinas,-23.116112,-47.187394,271322
3520608,Indiana,SP,Presidente Prudente,Presidente Prudente,-22.129564,-51.267627,5208
3520707,Indiaporã,SP,Fernandópolis,São José do Rio Preto,-19.952767,-50.255442,4117
3520806,Inúbia Paulista,SP,Adamantina - Lucélia,Presidente Prudente,-21.727410,-50.949110,3670
3520905,Ipaussu,SP,Ourinhos,Marília,-23.063150,-49.606750,13936
3521002,Iperó,SP,Sorocaba,Sorocaba,-23.402986,-47.637421,38527
3521101,Ipeúna,SP,Rio Claro,Campinas,-22.442107,-47.716400,7051
3521150,Ipiguá,SP,São José do Rio Preto,São José do Rio Preto,-20.656140,-49.410080,7184
3521200,Iporanga,SP,Registro,Sorocaba,-24.494763,-48.551994,4075
3521309,Ipuã,SP,São Joaquim da Barra ¿ Orlândia,Ribeirão Preto,-20.411235,-48.072888,14711
3521408,Iracemápolis,SP,Limeira,Campinas,-22.595590,-47.521960,22559
3521507,Irapuã,SP,São José do Rio Preto,São José do Rio Preto,-21.259431,-49.399712,6920
3521606,Irapuru,SP,Dracena,Presidente Prudente,-21.483081,-51.346050,7098
3521705,Itaberá,SP,Itapeva,Sorocaba,-23.859052,-49.163641,18267
3521804,Itaí,SP,Avaré,Sorocaba,-23.486626,-49.068767,26023
3521903,Itajobi,SP,Catanduva,São José do Rio Preto,-21.354673,-49.056450,17576
3522000,Itaju,SP,Jaú,Bauru,-21.952686,-48.800986,3726
3522109,Itanhaém,SP,Santos,São Paulo,-24.092924,-46.840524,119274
3522158,Itaoca,SP,Itapeva,Sorocaba,-24.624536,-48.845482,3503
3522208,Itapecerica da Serra,SP,São Paulo,São Paulo,-23.731642,-46.850967,163187
3522307,Itapetininga,SP,Itapetininga,Sorocaba,-23.639175,-48.092282,164687
3522406,Itapeva,SP,Itapeva,Sorocaba,-23.932534,-48.843038,92454
3522505,Itapevi,SP,São Paulo,São Paulo,-23.544750,-46.964062,243967
3522604,Itapira,SP,Mogi Guaçu,Campinas,-22.447135,-46.766505,74145
3522653,Itapirapuã Paulista,SP,Itapeva,Sorocaba,-24.561795,-49.220832,4433
3522703,Itápolis,SP,Araraquara,Araraquara,-21.558883,-48.804834,40429
3522802,Itaporanga,SP,Itapeva,Sorocaba,-23.669824,-49.469114,14231
3522901,Itapuí,SP,Jaú,Bauru,-22.254775,-48.712688,14080
3523008,Itapura,SP,Andradina,Araçatuba,-20.604800,-51.449650,3990
3523107,Itaquaquecetuba,SP,São Paulo,São Paulo,-23.467511,-46.336778,384436
3523206,Itararé,SP,Itapeva,Sorocaba,-24.075092,-49.320569,45111
3523305,Itariri,SP,Santos,São Paulo,-24.281243,-47.124507,15917
3523404,Itatiba,SP,Jundiaí,Campinas,-23.016279,-46.823543,127729
3523503,Itatinga,SP,Botucatu,Bauru,-23.144171,-48.636579,19493
3523602,Itirapina,SP,São Carlos,Araraquara,-22.316586,-47.826400,16473
3523701,Itirapuã,SP,Franca,Ribeirão Preto,-20.645867,-47.159658,5853
3523800,Itobi,SP,São José do Rio Pardo - Mococa,Campinas,-21.754709,-46.921209,8242
3523909,Itu,SP,Sorocaba,Sorocaba,-23.294404,-47.261774,175483
3524006,Itupeva,SP,Jundiaí,Campinas,-23.144229,-47.060729,75776
3524105,Ituverava,SP,Ituverava,Ribeirão Preto,-20.341277,-47.803769,38379
3524204,Jaborandi,SP,Barretos,Ribeirão Preto,-20.636092,-48.413869,6269
3524303,Jaboticabal,SP,Ribeirão Preto,Ribeirão Preto,-21.227305,-48.290836,73479
3524402,Jacareí,SP,São José dos Campos,São José dos Campos,-23.300639,-45.960396,251848
3524501,Jaci,SP,São José do Rio Preto,São José do Rio Preto,-20.944978,-49.583789,8003
3524600,Jacupiranga,SP,Registro,Sorocaba,-24.762900,-48.042465,16183
3524709,Jaguariúna,SP,Campinas,Campinas,-22.689800,-47.012608,62764
3524808,Jales,SP,Jales,São José do Rio Preto,-20.276847,-50.551158,50132
3524907,Jambeiro,SP,São José dos Campos,São José dos Campos,-23.284290,-45.712690,6642
3525003,Jandira,SP,São Paulo,São Paulo,-23.539920,-46.901380,121848
3525102,Jardinópolis,SP,Ribeirão Preto,Ribeirão Preto,-20.984457,-47.831300,47354
3525201,Jarinu,SP,Jundiaí,Campinas,-23.120744,-46.722538,40433
3525300,Jaú,SP,Jaú,Bauru,-22.298373,-48.540315,137486
3525409,Jeriquara,SP,Franca,Ribeirão Preto,-20.336200,-47.583220,4021
3525508,Joanópolis,SP,Bragança Paulista,Campinas,-22.935883,-46.202239,13162
3525607,João Ramalho,SP,Presidente Prudente,Presidente Prudente,-22.269605,-50.792180,4470
3525706,José Bonifácio,SP,São José do Rio Preto,São José do Rio Preto,-21.097980,-49.766956,38111
3525805,Júlio Mesquita,SP,Marília,Marília,-21.972930,-49.798540,4297
3525854,Jumirim,SP,Sorocaba,Sorocaba,-23.095900,-47.790525,3139
3525904,Jundiaí,SP,Jundiaí,Campinas,-23.202567,-46.893607,465277
3526001,Junqueirópolis,SP,Dracena,Presidente Prudente,-21.453057,-51.438695,20991
3526100,Juquiá,SP,Registro,Sorocaba,-24.195589,-47.623768,17121
3526209,Juquitiba,SP,São Paulo,São Paulo,-23.960091,-47.008586,27929
3526308,Lagoinha,SP,Taubaté - Pindamonhangaba,São José dos Campos,-23.088787,-45.220750,5191
3526407,Laranjal Paulista,SP,Piracicaba,Campinas,-23.007052,-47.848533,27075
3526506,Lavínia,SP,Andradina,Araçatuba,-21.158592,-51.035300,9967
3526605,Lavrinhas,SP,Cruzeiro,São José dos Campos,-22.520186,-44.897114,7365
3526704,Leme,SP,Araras,Campinas,-22.179689,-47.347289,101734
3526803,Lençóis Paulista,SP,Bauru,Bauru,-22.663117,-48.807035,68724
3526902,Limeira,SP,Limeira,Campinas,-22.607857,-47.361438,301780
3527009,Lindóia,SP,Amparo,Campinas,-22.508522,-46.661567,7167
3527108,Lins,SP,Lins,Bauru,-21.668789,-49.697967,76946
3527207,Lorena,SP,Guaratinguetá,São José dos Campos,-22.777505,-45.062079,87551
3527256,Lourdes,SP,Birigui - Penápolis,Araçatuba,-20.951738,-50.233475,1957
3527306,Louveira,SP,Jundiaí,Campinas,-23.090270,-46.945060,55314
3527405,Lucélia,SP,Adamantina - Lucélia,Presidente Prudente,-21.640476,-50.998967,20383
3527504,Lucianópolis,SP,Bauru,Bauru,-22.474150,-49.556642,2427
3527603,Luís Antônio,SP,Ribeirão Preto,Ribeirão Preto,-21.576414,-47.785895,12594
3527702,Luiziânia,SP,Birigui - Penápolis,Araçatuba,-21.670100,-50.344062,4730
3527801,Lupércio,SP,Marília,Marília,-22.415800,-49.798980,3993
3527900,Lutécia,SP,Assis,Marília,-22.331533,-50.389083,2696
3528007,Macatuba,SP,Bauru,Bauru,-22.479886,-48.721700,17157
3528106,Macaubal,SP,São José do Rio Preto,São José do Rio Preto,-20.844671,-49.971159,7575
3528205,Macedônia,SP,Fernandópolis,São José do Rio Preto,-20.104995,-50.190620,4067
3528304,Magda,SP,Araçatuba,Araçatuba,-20.596135,-50.227859,3210
3528403,Mairinque,SP,Sorocaba,Sorocaba,-23.528050,-47.230386,52092
3528502,Mairiporã,SP,São Paulo,São Paulo,-23.320076,-46.559476,98241
3528601,Manduri,SP,Avaré,Sorocaba,-23.033636,-49.300609,10148
3528700,Marabá Paulista,SP,Presidente Epitácio-Presidente Venceslau,Presidente Prudente,-22.138274,-52.078243,4612
3528809,Maracaí,SP,Assis,Marília,-22.650965,-50.735687,12784
3528858,Marapoama,SP,Catanduva,São José do Rio Preto,-21.254033,-49.146383,3435
3528908,Mariápolis,SP,Adamantina - Lucélia,Presidente Prudente,-21.793892,-51.175183,3514
3529005,Marília,SP,Marília,Marília,-22.179624,-49.985545,247992
3529104,Marinópolis,SP,Jales,São José do Rio Preto,-20.468843,-50.840457,1854
3529203,Martinópolis,SP,Presidente Prudente,Presidente Prudente,-22.146683,-51.122034,25260
3529302,Matão,SP,Araraquara,Araraquara,-21.609781,-48.422257,81144
3529401,Mauá,SP,São Paulo,São Paulo,-23.656237,-46.441700,429064
3529500,Mendonça,SP,São José do Rio Preto,São José do Rio Preto,-21.194636,-49.555521,6466
3529609,Meridiano,SP,Fernandópolis,São José do Rio Preto,-20.389727,-50.186480,4743
3529658,Mesópolis,SP,Jales,São José do Rio Preto,-19.967833,-50.630544,1992
3529708,Miguelópolis,SP,Ituverava,Ribeirão Preto,-20.167947,-48.148391,19591
3529807,Mineiros do Tietê,SP,Jaú,Bauru,-22.462442,-48.443708,11297
3529906,Miracatu,SP,Registro,Sorocaba,-24.160919,-47.362067,18549
3530003,Mira Estrela,SP,Fernandópolis,São José do Rio Preto,-19.954411,-50.134489,3218
3530102,Mirandópolis,SP,Andradina,Araçatuba,-21.103056,-51.145256,28770
3530201,Mirante do Paranapanema,SP,Presidente Prudente,Presidente Prudente,-22.320382,-51.949986,15997
3530300,Mirassol,SP,São José do Rio Preto,São José do Rio Preto,-20.807742,-49.500958,66102
3530409,Mirassolândia,SP,São José do Rio Preto,São José do Rio Preto,-20.591445,-49.487982,4795
3530508,Mococa,SP,São José do Rio Pardo - Mococa,Campinas,-21.440525,-47.011618,69415
3530607,Mogi das Cruzes,SP,São Paulo,São Paulo,-23.563669,-46.194235,472255
3530706,Mogi Guaçu,SP,Mogi Guaçu,Campinas,-22.233907,-46.997066,160841
3530805,Mogi Mirim,SP,Mogi Guaçu,Campinas,-22.456100,-46.990250,95929
3530904,Mombuca,SP,Piracicaba,Campinas,-22.931264,-47.582618,3844
3531001,Monções,SP,Araçatuba,Araçatuba,-20.865600,-50.092537,1941
3531100,Mongaguá,SP,Santos,São Paulo,-24.077513,-46.666950,65321
3531209,Monte Alegre do Sul,SP,Amparo,Campinas,-22.701473,-46.675991,8967
3531308,Monte Alto,SP,Ribeirão Preto,Ribeirão Preto,-21.249222,-48.552406,48787
3531407,Monte Aprazível,SP,São José do Rio Preto,São José do Rio Preto,-20.751663,-49.801366,22684
3531506,Monte Azul Paulista,SP,Barretos,Ribeirão Preto,-20.898547,-48.685567,18314
3531605,Monte Castelo,SP,Dracena,Presidente Prudente,-21.254946,-51.574638,4311
3531704,Monteiro Lobato,SP,São José dos Campos,São José dos Campos,-22.924338,-45.802413,4206
3531803,Monte Mor,SP,Campinas,Campinas,-22.936429,-47.290086,68311
3531902,Morro Agudo,SP,São Joaquim da Barra ¿ Orlândia,Ribeirão Preto,-20.687500,-48.181839,28485
3532009,Morungaba,SP,Jundiaí,Campinas,-22.876560,-46.786570,14206
3532058,Motuca,SP,Araraquara,Araraquara,-21.519900,-48.173755,4063
3532108,Murutinga do Sul,SP,Andradina,Araçatuba,-20.999886,-51.307371,3734
3532157,Nantes,SP,Presidente Prudente,Presidente Prudente,-22.601700,-51.217138,2696
3532207,Narandiba,SP,Presidente Prudente,Presidente Prudente,-22.537987,-51.519294,5999
3532306,Natividade da Serra,SP,Taubaté - Pindamonhangaba,São José dos Campos,-23.408235,-45.393557,7164
3532405,Nazaré Paulista,SP,Bragança Paulista,Campinas,-23.209112,-46.392325,18729
3532504,Neves Paulista,SP,São José do Rio Preto,São José do Rio Preto,-20.846623,-49.640169,9981
3532603,Nhandeara,SP,Votuporanga,São José do Rio Preto,-20.675480,-50.036815,9888
3532702,Nipoã,SP,São José do Rio Preto,São José do Rio Preto,-20.885190,-49.772910,4891
3532801,Nova Aliança,SP,São José do Rio Preto,São José do Rio Preto,-21.054864,-49.508907,6910
3532827,Nova Campina,SP,Itapeva,Sorocaba,-24.189780,-48.968200,8630
3532843,Nova Canaã Paulista,SP,Santa Fé do Sul,São José do Rio Preto,-20.373878,-50.916533,2053
3532868,Nova Castilho,SP,Araçatuba,Araçatuba,-20.778340,-50.348490,1070
3532900,Nova Europa,SP,Araraquara,Araraquara,-21.777557,-48.554800,9460
3533007,Nova Granada,SP,São José do Rio Preto,São José do Rio Preto,-20.458447,-49.326405,19741
3533106,Nova Guataporanga,SP,Dracena,Presidente Prudente,-21.317500,-51.649957,2187
3533205,Nova Independência,SP,Andradina,Araçatuba,-21.143359,-51.516235,4894
3533254,Novais,SP,Catanduva,São José do Rio Preto,-20.986600,-48.918143,4457
3533304,Nova Luzitânia,SP,Araçatuba,Araçatuba,-20.869800,-50.245140,2799
3533403,Nova Odessa,SP,Campinas,Campinas,-22.788956,-47.292489,64924
3533502,Novo Horizonte,SP,São José do Rio Preto,São José do Rio Preto,-21.468845,-49.285265,39548
3533601,Nuporanga,SP,São Joaquim da Barra ¿ Orlândia,Ribeirão Preto,-20.708147,-47.737512,7587
3533700,Ocauçu,SP,Marília,Marília,-22.455467,-49.962373,4423
3533809,Óleo,SP,Avaré,Sorocaba,-22.953867,-49.364792,2530
3533908,Olímpia,SP,Barretos,Ribeirão Preto,-20.698987,-48.938237,57028
3534005,Onda Verde,SP,São José do Rio Preto,São José do Rio Preto,-20.619721,-49.269064,4969
3534104,Oriente,SP,Marília,Marília,-22.148273,-50.095940,6180
3534203,Orindiúva,SP,São José do Rio Preto,São José do Rio Preto,-20.204300,-49.368738,6167
3534302,Orlândia,SP,São Joaquim da Barra ¿ Orlândia,Ribeirão Preto,-20.683127,-47.885953,39099
3534401,Osasco,SP,São Paulo,São Paulo,-23.548878,-46.796011,761441
3534500,Oscar Bressane,SP,Marília,Marília,-22.283458,-50.254492,2500
3534609,Osvaldo Cruz,SP,Adamantina - Lucélia,Presidente Prudente,-21.718463,-50.863542,32123
3534708,Ourinhos,SP,Ourinhos,Marília,-22.962053,-49.862327,106941
3534757,Ouroeste,SP,Fernandópolis,São José do Rio Preto,-19.938515,-50.401185,10717
3534807,Ouro Verde,SP,Dracena,Presidente Prudente,-21.488833,-51.747792,7899
3534906,Pacaembu,SP,Adamantina - Lucélia,Presidente Prudente,-21.495983,-51.276728,15322
3535002,Palestina,SP,São José do Rio Preto,São José do Rio Preto,-20.308458,-49.493038,11717
3535101,Palmares Paulista,SP,Catanduva,São José do Rio Preto,-21.109344,-48.831033,9627
3535200,Palmeira d'Oeste,SP,Jales,São José do Rio Preto,-20.429650,-50.763133,8951
3535309,Palmital,SP,Assis,Marília,-22.841633,-50.247072,19666
3535408,Panorama,SP,Dracena,Presidente Prudente,-21.473753,-51.860073,15239
3535507,Paraguaçu Paulista,SP,Assis,Marília,-22.464390,-50.641610,42014
3535606,Paraibuna,SP,São José dos Campos,São José dos Campos,-23.488162,-45.639962,17968
3535705,Paraíso,SP,Catanduva,São José do Rio Preto,-21.011270,-48.778310,6224
3535804,Paranapanema,SP,Avaré,Sorocaba,-23.459404,-48.771757,19901
3535903,Paranapuã,SP,Jales,São José do Rio Preto,-20.057331,-50.586469,4125
3536000,Parapuã,SP,Tupã,Marília,-21.839971,-50.820288,10712
3536109,Pardinho,SP,Botucatu,Bauru,-23.121136,-48.403836,7482
3536208,Pariquera-Açu,SP,Registro,Sorocaba,-24.681669,-47.857015,19627
3536257,Parisi,SP,Votuporanga,São José do Rio Preto,-20.276700,-50.034900,3056
3536307,Patrocínio Paulista,SP,Franca,Ribeirão Preto,-20.696634,-47.257055,14934
3536406,Paulicéia,SP,Dracena,Presidente Prudente,-21.208131,-51.801700,8303
3536505,Paulínia,SP,Campinas,Campinas,-22.741814,-47.140157,117554
3536570,Paulistânia,SP,Bauru,Bauru,-22.564723,-49.311392,2166
3536604,Paulo de Faria,SP,São José do Rio Preto,São José do Rio Preto,-20.067411,-49.443044,7354
3536703,Pederneiras,SP,Bauru,Bauru,-22.296840,-48.859768,46439
3536802,Pedra Bela,SP,Bragança Paulista,Campinas,-22.779392,-46.434115,6768
3536901,Pedranópolis,SP,Fernandópolis,São José do Rio Preto,-20.203250,-50.109544,2863
3537008,Pedregulho,SP,Franca,Ribeirão Preto,-20.193352,-47.447752,15732
3537107,Pedreira,SP,Campinas,Campinas,-22.754490,-46.899060,44433
3537156,Pedrinhas Paulista,SP,Assis,Marília,-22.807942,-50.804633,2829
3537206,Pedro de Toledo,SP,Santos,São Paulo,-24.180160,-47.172472,11650
3537305,Penápolis,SP,Birigui - Penápolis,Araçatuba,-21.414246,-50.112485,63523
3537404,Pereira Barreto,SP,Andradina,Araçatuba,-20.682542,-51.100090,24334
3537503,Pereiras,SP,Tatuí,Sorocaba,-23.120114,-47.994057,9052
3537602,Peruíbe,SP,Santos,São Paulo,-24.278161,-47.010089,70891
3537701,Piacatu,SP,Birigui - Penápolis,Araçatuba,-21.577806,-50.645781,5638
3537800,Piedade,SP,Sorocaba,Sorocaba,-23.795843,-47.459704,54291
3537909,Pilar do Sul,SP,Sorocaba,Sorocaba,-23.855105,-47.737709,28496
3538006,Pindamonhangaba,SP,Taubaté - Pindamonhangaba,São José dos Campos,-22.897515,-45.447208,173267
3538105,Pindorama,SP,Catanduva,São José do Rio Preto,-21.202362,-48.914225,14689
3538204,Pinhalzinho,SP,Bragança Paulista,Campinas,-22.784575,-46.578500,15740
3538303,Piquerobi,SP,Presidente Epitácio-Presidente Venceslau,Presidente Prudente,-21.845938,-51.741033,3279
3538501,Piquete,SP,Guaratinguetá,São José dos Campos,-22.593492,-45.166015,12468
3538600,Piracaia,SP,Bragança Paulista,Campinas,-23.051571,-46.287188,26823
3538709,Piracicaba,SP,Piracicaba,Campinas,-22.725997,-47.791508,442635
3538808,Piraju,SP,Piraju,Marília,-23.206097,-49.389893,30324
3538907,Pirajuí,SP,Bauru,Bauru,-21.913797,-49.375418,22726
3539004,Pirangi,SP,Catanduva,São José do Rio Preto,-21.080717,-48.669283,11093
3539103,Pirapora do Bom Jesus,SP,São Paulo,São Paulo,-23.377120,-46.978600,19005
3539202,Pirapozinho,SP,Presidente Prudente,Presidente Prudente,-22.452971,-51.604271,26125
3539301,Pirassununga,SP,São Carlos,Araraquara,-22.005093,-47.398711,75701
3539400,Piratininga,SP,Bauru,Bauru,-22.409612,-49.192075,15748
3539509,Pitangueiras,SP,Ribeirão Preto,Ribeirão Preto,-21.018450,-48.256169,34311
3539608,Planalto,SP,São José do Rio Preto,São José do Rio Preto,-20.994553,-49.942506,4449
3539707,Platina,SP,Assis,Marília,-22.622906,-50.218006,3050
3539806,Poá,SP,São Paulo,São Paulo,-23.524275,-46.344050,106288
3539905,Poloni,SP,São José do Rio Preto,São José do Rio Preto,-20.750650,-49.844817,5708
3540002,Pompéia,SP,Marília,Marília,-22.042767,-50.197489,20528
3540101,Pongaí,SP,Lins,Bauru,-21.723300,-49.358515,3437
3540200,Pontal,SP,Ribeirão Preto,Ribeirão Preto,-20.963680,-48.054313,38206
3540259,Pontalinda,SP,Jales,São José do Rio Preto,-20.445692,-50.516000,4199
3540309,Pontes Gestal,SP,Votuporanga,São José do Rio Preto,-20.174721,-49.761986,2407
3540408,Populina,SP,Jales,São José do Rio Preto,-19.890231,-50.511931,4179
3540507,Porangaba,SP,Tatuí,Sorocaba,-23.182657,-48.120457,10915
3540606,Porto Feliz,SP,Sorocaba,Sorocaba,-23.232110,-47.510476,58837
3540705,Porto Ferreira,SP,São Carlos,Araraquara,-21.840393,-47.443136,54005
3540754,Potim,SP,Guaratinguetá,São José dos Campos,-22.834500,-45.292720,20831
3540804,Potirendaba,SP,São José do Rio Preto,São José do Rio Preto,-21.092153,-49.397973,19189
3540853,Pracinha,SP,Adamantina - Lucélia,Presidente Prudente,-21.839933,-51.070311,2581
3540903,Pradópolis,SP,Ribeirão Preto,Ribeirão Preto,-21.336745,-48.089855,17291
3541000,Praia Grande,SP,Santos,São Paulo,-24.005292,-46.500017,371190
3541059,Pratânia,SP,Botucatu,Bauru,-22.822558,-48.703475,5280
3541109,Presidente Alves,SP,Bauru,Bauru,-22.115411,-49.414437,3820
3541208,Presidente Bernardes,SP,Presidente Prudente,Presidente Prudente,-22.110954,-51.629946,14830
3541307,Presidente Epitácio,SP,Presidente Epitácio-Presidente Venceslau,Presidente Prudente,-21.861482,-52.156270,40267
3541406,Presidente Prudente,SP,Presidente Prudente,Presidente Prudente,-21.999200,-51.348892,235264
3541505,Presidente Venceslau,SP,Presidente Epitácio-Presidente Venceslau,Presidente Prudente,-21.777492,-51.841638,35728
3541604,Promissão,SP,Lins,Bauru,-21.503623,-49.865283,35957
3541653,Quadra,SP,Tatuí,Sorocaba,-23.302545,-48.037345,3482
3541703,Quatá,SP,Presidente Prudente,Presidente Prudente,-22.226544,-50.669324,13423
3541802,Queiroz,SP,Tupã,Marília,-21.803092,-50.240715,3380
3541901,Queluz,SP,Cruzeiro,São José dos Campos,-22.511971,-44.792921,9009
3542008,Quintana,SP,Marília,Marília,-22.073505,-50.349084,7291
3542107,Rafard,SP,Piracicaba,Campinas,-23.042220,-47.583580,9156
3542206,Rancharia,SP,Presidente Prudente,Presidente Prudente,-22.345169,-50.919407,29381
3542305,Redenção da Serra,SP,Taubaté - Pindamonhangaba,São José dos Campos,-23.230906,-45.502719,4656
3542404,Regente Feijó,SP,Presidente Prudente,Presidente Prudente,-22.243269,-51.302985,20671
3542503,Reginópolis,SP,Bauru,Bauru,-21.859405,-49.176064,7830
3542602,Registro,SP,Registro,Sorocaba,-24.506560,-47.835564,62101
3542701,Restinga,SP,Franca,Ribeirão Preto,-20.650542,-47.490300,6480
3542800,Ribeira,SP,Itapeva,Sorocaba,-24.619035,-49.045994,3151
3542909,Ribeirão Bonito,SP,São Carlos,Araraquara,-22.046689,-48.202867,11006
3543006,Ribeirão Branco,SP,Itapeva,Sorocaba,-24.250842,-48.799737,18953
3543105,Ribeirão Corrente,SP,Franca,Ribeirão Preto,-20.456191,-47.570255,4727
3543204,Ribeirão do Sul,SP,Ourinhos,Marília,-22.755240,-49.930410,4783
3543238,Ribeirão dos Índios,SP,Presidente Prudente,Presidente Prudente,-21.778023,-51.586731,2035
3543253,Ribeirão Grande,SP,Itapeva,Sorocaba,-24.192812,-48.368153,7572
3543303,Ribeirão Pires,SP,São Paulo,São Paulo,-23.699630,-46.395870,119023
3543402,Ribeirão Preto,SP,Ribeirão Preto,Ribeirão Preto,-21.201173,-47.818241,734538
3543501,Riversul,SP,Itapeva,Sorocaba,-23.847095,-49.445216,5611
3543600,Rifaina,SP,Franca,Ribeirão Preto,-20.060520,-47.442473,4198
3543709,Rincão,SP,Araraquara,Araraquara,-21.593940,-48.036713,9061
3543808,Rinópolis,SP,Tupã,Marília,-21.684529,-50.711129,9314
3543907,Rio Claro,SP,Rio Claro,Campinas,-22.385561,-47.604026,210794
3544004,Rio das Pedras,SP,Piracicaba,Campinas,-22.852953,-47.591473,32386
3544103,Rio Grande da Serra,SP,São Paulo,São Paulo,-23.744267,-46.385917,45331
3544202,Riolândia,SP,Votuporanga,São José do Rio Preto,-20.038065,-49.728085,10436
3544251,Rosana,SP,Presidente Prudente,Presidente Prudente,-22.516200,-52.863088,17366
3544301,Roseira,SP,Guaratinguetá,São José dos Campos,-22.936300,-45.306931,11174
3544400,Rubiácea,SP,Araçatuba,Araçatuba,-21.358211,-50.793811,2739
3544509,Rubinéia,SP,Santa Fé do Sul,São José do Rio Preto,-20.271033,-51.011233,4028
3544608,Sabino,SP,Lins,Bauru,-21.463325,-49.583292,5179
3544707,Sagres,SP,Adamantina - Lucélia,Presidente Prudente,-21.861840,-51.009850,2524
3544806,Sales,SP,São José do Rio Preto,São José do Rio Preto,-21.366167,-49.505217,6675
3544905,Sales Oliveira,SP,São Joaquim da Barra ¿ Orlândia,Ribeirão Preto,-20.840682,-47.845741,11708
3545001,Salesópolis,SP,São Paulo,São Paulo,-23.580580,-45.856660,15368
3545100,Salmourão,SP,Adamantina - Lucélia,Presidente Prudente,-21.577015,-50.870669,4883
3545159,Saltinho,SP,Piracicaba,Campinas,-22.873920,-47.734720,8441
3545209,Salto,SP,Sorocaba,Sorocaba,-23.179514,-47.298829,141994
3545308,Salto de Pirapora,SP,Sorocaba,Sorocaba,-23.648969,-47.580137,45373
3545407,Salto Grande,SP,Ourinhos,Marília,-22.891083,-49.961500,9229
3545506,Sandovalina,SP,Presidente Prudente,Presidente Prudente,-22.467267,-51.853048,3696
3545605,Santa Adélia,SP,Catanduva,São José do Rio Preto,-21.323100,-48.842486,14183
3545704,Santa Albertina,SP,Jales,São José do Rio Preto,-20.018908,-50.745946,6586
3545803,Santa Bárbara d'Oeste,SP,Campinas,Campinas,-22.806018,-47.419818,189562
3546009,Santa Branca,SP,São José dos Campos,São José dos Campos,-23.425842,-45.854432,14226
3546108,Santa Clara d'Oeste,SP,Santa Fé do Sul,São José do Rio Preto,-20.064273,-50.916545,2710
3546207,Santa Cruz da Conceição,SP,Araras,Campinas,-22.122150,-47.477400,4383
3546256,Santa Cruz da Esperança,SP,Ribeirão Preto,Ribeirão Preto,-21.259610,-47.455970,2173
3546306,Santa Cruz das Palmeiras,SP,São João da Boa Vista,Campinas,-21.865237,-47.252325,29456
3546405,Santa Cruz do Rio Pardo,SP,Ourinhos,Marília,-22.805536,-49.567670,47833
3546504,Santa Ernestina,SP,Ribeirão Preto,Ribeirão Preto,-21.452090,-48.355660,6291
3546603,Santa Fé do Sul,SP,Santa Fé do Sul,São José do Rio Preto,-20.258494,-50.950650,36458
3546702,Santa Gertrudes,SP,Rio Claro,Campinas,-22.464340,-47.509560,23249
3546801,Santa Isabel,SP,São Paulo,São Paulo,-23.292476,-46.239918,54775
3546900,Santa Lúcia,SP,Araraquara,Araraquara,-21.677450,-48.052640,7111
3547007,Santa Maria da Serra,SP,Piracicaba,Campinas,-22.570447,-48.164740,5303
3547106,Santa Mercedes,SP,Dracena,Presidente Prudente,-21.303218,-51.739564,3020
3547205,Santana da Ponte Pensa,SP,Santa Fé do Sul,São José do Rio Preto,-20.252864,-50.798445,1700
3547304,Santana de Parnaíba,SP,São Paulo,São Paulo,-23.457182,-46.909500,165193
3547403,Santa Rita d'Oeste,SP,Santa Fé do Sul,São José do Rio Preto,-20.078327,-50.816673,2802
3547502,Santa Rita do Passa Quatro,SP,São Carlos,Araraquara,-21.696770,-47.496835,24938
3547601,Santa Rosa de Viterbo,SP,Ribeirão Preto,Ribeirão Preto,-21.502793,-47.351240,23697
3547650,Santa Salete,SP,Jales,São José do Rio Preto,-20.265480,-50.728090,1698
3547700,Santo Anastácio,SP,Presidente Prudente,Presidente Prudente,-22.048174,-51.732074,17884
3547809,Santo André,SP,São Paulo,São Paulo,-23.727978,-46.441889,784290
3547908,Santo Antônio da Alegria,SP,Ribeirão Preto,Ribeirão Preto,-21.086132,-47.190763,6947
3548005,Santo Antônio de Posse,SP,Campinas,Campinas,-22.615520,-46.947447,23945
3548054,Santo Antônio do Aracanguá,SP,Araçatuba,Araçatuba,-20.863823,-50.559347,8616
3548104,Santo Antônio do Jardim,SP,São João da Boa Vista,Campinas,-22.125145,-46.688900,6248
3548203,Santo Antônio do Pinhal,SP,Taubaté - Pindamonhangaba,São José dos Campos,-22.830333,-45.694511,7333
3548302,Santo Expedito,SP,Presidente Prudente,Presidente Prudente,-21.828422,-51.387211,3075
3548401,Santópolis do Aguapeí,SP,Birigui - Penápolis,Araçatuba,-21.659818,-50.528627,3909
3548500,Santos,SP,Santos,São Paulo,-23.881450,-46.287411,429528
3548609,São Bento do Sapucaí,SP,Taubaté - Pindamonhangaba,São José dos Campos,-22.671895,-45.692338,12025
3548708,São Bernardo do Campo,SP,São Paulo,São Paulo,-23.780737,-46.569042,842558
3548807,São Caetano do Sul,SP,São Paulo,São Paulo,-23.621580,-46.565180,173216
3548906,São Carlos,SP,São Carlos,Araraquara,-21.897308,-47.869550,267441
3549003,São Francisco,SP,Jales,São José do Rio Preto,-20.357560,-50.691160,2617
3549102,São João da Boa Vista,SP,São João da Boa Vista,Campinas,-21.987568,-46.800314,96365
3549201,São João das Duas Pontes,SP,Fernandópolis,São José do Rio Preto,-20.403244,-50.381844,2623
3549250,São João de Iracema,SP,Fernandópolis,São José do Rio Preto,-20.512327,-50.366518,1884
3549300,São João do Pau d'Alho,SP,Dracena,Presidente Prudente,-21.212344,-51.668133,2297
3549409,São Joaquim da Barra,SP,São Joaquim da Barra ¿ Orlândia,Ribeirão Preto,-20.552618,-47.940647,49948
3549508,São José da Bela Vista,SP,Franca,Ribeirão Preto,-20.578157,-47.632700,7640
3549607,São José do Barreiro,SP,Cruzeiro,São José dos Campos,-22.748939,-44.570565,3881
3549706,São José do Rio Pardo,SP,São José do Rio Pardo - Mococa,Campinas,-21.618347,-46.893494,53437
3549805,São José do Rio Preto,SP,São José do Rio Preto,São José do Rio Preto,-20.766728,-49.377900,506466
3549904,São José dos Campos,SP,São José dos Campos,São José dos Campos,-23.079426,-45.928835,729153
3549953,São Lourenço da Serra,SP,São Paulo,São Paulo,-23.848409,-46.949509,16541
3550001,São Luiz do Paraitinga,SP,Taubaté - Pindamonhangaba,São José dos Campos,-23.246068,-45.241344,10485
3550100,São Manuel,SP,Botucatu,Bauru,-22.696056,-48.554278,38099
3550209,São Miguel Arcanjo,SP,Itapetininga,Sorocaba,-23.902927,-48.005373,32943
3550308,São Paulo,SP,São Paulo,São Paulo,-23.638517,-46.644152,11911337
3550407,São Pedro,SP,Piracicaba,Campinas,-22.564662,-47.881443,40054
3550506,São Pedro do Turvo,SP,Ourinhos,Marília,-22.681596,-49.773883,7334
3550605,São Roque,SP,Sorocaba,Sorocaba,-23.538663,-47.120337,81387
3550704,São Sebastião,SP,Caraguatatuba - Ubatuba - São Sebastião,São José dos Campos,-23.749000,-45.615857,84514
3550803,São Sebastião da Grama,SP,São José do Rio Pardo - Mococa,Campinas,-21.751964,-46.760936,10378
3550902,São Simão,SP,Ribeirão Preto,Ribeirão Preto,-21.462691,-47.564836,13533
3551009,São Vicente,SP,Santos,São Paulo,-23.966794,-46.501150,338253
3551108,Sarapuí,SP,Sorocaba,Sorocaba,-23.655653,-47.781033,10718
3551207,Sarutaiá,SP,Piraju,Marília,-23.249045,-49.489727,3775
3551306,Sebastianópolis do Sul,SP,Votuporanga,São José do Rio Preto,-20.626227,-49.919300,3194
3551405,Serra Azul,SP,Ribeirão Preto,Ribeirão Preto,-21.313323,-47.557431,13153
3551504,Serrana,SP,Ribeirão Preto,Ribeirão Preto,-21.201200,-47.613827,45734
3551603,Serra Negra,SP,Amparo,Campinas,-22.590579,-46.696829,31155
3551702,Sertãozinho,SP,Ribeirão Preto,Ribeirão Preto,-21.122571,-48.007271,132692
3551801,Sete Barras,SP,Registro,Sorocaba,-24.286724,-47.956380,12895
3551900,Severínia,SP,Barretos,Ribeirão Preto,-20.787155,-48.793000,14666
3552007,Silveiras,SP,Cruzeiro,São José dos Campos,-22.719041,-44.849765,6341
3552106,Socorro,SP,Bragança Paulista,Campinas,-22.620469,-46.528344,41633
3552205,Sorocaba,SP,Sorocaba,Sorocaba,-23.488679,-47.424468,766390
3552304,Sud Mennucci,SP,Andradina,Araçatuba,-20.653235,-50.896576,7461
3552403,Sumaré,SP,Campinas,Campinas,-22.842607,-47.259386,292307
3552502,Suzano,SP,São Paulo,São Paulo,-23.635553,-46.307860,321600
3552551,Suzanápolis,SP,Jales,São José do Rio Preto,-20.484843,-51.073243,3466
3552601,Tabapuã,SP,Catanduva,São José do Rio Preto,-20.948500,-49.015688,11497
3552700,Tabatinga,SP,Araraquara,Araraquara,-21.714441,-48.630676,15000
3552809,Taboão da Serra,SP,São Paulo,São Paulo,-23.628400,-46.800850,286201
3552908,Taciba,SP,Presidente Prudente,Presidente Prudente,-22.510484,-51.332132,6434
3553005,Taguaí,SP,Avaré,Sorocaba,-23.487725,-49.396817,13124
3553104,Taiaçu,SP,Barretos,Ribeirão Preto,-21.132789,-48.538556,5737
3553203,Taiúva,SP,Barretos,Ribeirão Preto,-21.131892,-48.430017,6804
3553302,Tambaú,SP,São João da Boa Vista,Campinas,-21.591943,-47.263452,21620
3553401,Tanabi,SP,São José do Rio Preto,São José do Rio Preto,-20.537682,-49.684527,26116
3553500,Tapiraí,SP,Sorocaba,Sorocaba,-24.003930,-47.580181,8121
3553609,Tapiratiba,SP,São José do Rio Pardo - Mococa,Campinas,-21.434987,-46.728856,11875
3553658,Taquaral,SP,Barretos,Ribeirão Preto,-21.071375,-48.383425,2645
3553708,Taquaritinga,SP,Araraquara,Araraquara,-21.426300,-48.536100,53212
3553807,Taquarituba,SP,Avaré,Sorocaba,-23.536340,-49.242740,24995
3553856,Taquarivaí,SP,Itapeva,Sorocaba,-23.929807,-48.693893,7223
3553906,Tarabai,SP,Presidente Prudente,Presidente Prudente,-22.367620,-51.624810,6631
3553955,Tarumã,SP,Assis,Marília,-22.760614,-50.594143,15375
3554003,Tatuí,SP,Tatuí,Sorocaba,-23.362652,-47.905148,129640
3554102,Taubaté,SP,Taubaté - Pindamonhangaba,São José dos Campos,-23.067879,-45.508282,323380
3554201,Tejupá,SP,Piraju,Marília,-23.345047,-49.316680,4098
3554300,Teodoro Sampaio,SP,Presidente Prudente,Presidente Prudente,-22.447516,-52.372603,22622
3554409,Terra Roxa,SP,Barretos,Ribeirão Preto,-20.778421,-48.334271,7947
3554508,Tietê,SP,Sorocaba,Sorocaba,-23.044684,-47.718256,38749
3554607,Timburi,SP,Piraju,Marília,-23.195700,-49.598815,2478
3554656,Torre de Pedra,SP,Tatuí,Sorocaba,-23.250957,-48.200914,2049
3554706,Torrinha,SP,Jaú,Bauru,-22.465933,-48.166200,9484
3554755,Trabiju,SP,Araraquara,Araraquara,-22.030573,-48.343709,1728
3554805,Tremembé,SP,Taubaté - Pindamonhangaba,São José dos Campos,-22.946127,-45.591945,53734
3554904,Três Fronteiras,SP,Santa Fé do Sul,São José do Rio Preto,-20.293575,-50.873042,7102
3554953,Tuiuti,SP,Bragança Paulista,Campinas,-22.829738,-46.666438,7002
3555000,Tupã,SP,Tupã,Marília,-21.952884,-50.522774,65447
3555109,Tupi Paulista,SP,Dracena,Presidente Prudente,-21.387808,-51.603908,16307
3555208,Turiúba,SP,Birigui - Penápolis,Araçatuba,-20.950727,-50.110045,1832
3555307,Turmalina,SP,Jales,São José do Rio Preto,-20.071745,-50.467045,1652
3555356,Ubarana,SP,São José do Rio Preto,São José do Rio Preto,-21.219250,-49.744681,5461
3555406,Ubatuba,SP,Caraguatatuba - Ubatuba - São Sebastião,São José dos Campos,-23.382156,-45.013182,97541
3555505,Ubirajara,SP,Bauru,Bauru,-22.541606,-49.667931,5310
3555604,Uchoa,SP,São José do Rio Preto,São José do Rio Preto,-20.924112,-49.161506,10698
3555703,União Paulista,SP,São José do Rio Preto,São José do Rio Preto,-20.884912,-49.883775,1629
3555802,Urânia,SP,Jales,São José do Rio Preto,-20.194050,-50.660993,8973
3555901,Uru,SP,Lins,Bauru,-21.758115,-49.295246,1428
3556008,Urupês,SP,São José do Rio Preto,São José do Rio Preto,-21.209841,-49.264429,14104
3556107,Valentim Gentil,SP,Votuporanga,São José do Rio Preto,-20.415250,-50.109100,14727
3556206,Valinhos,SP,Campinas,Campinas,-22.981558,-46.980708,132862
3556305,Valparaíso,SP,Araçatuba,Araçatuba,-21.189557,-50.919396,24830
3556354,Vargem,SP,Bragança Paulista,Campinas,-22.885873,-46.412309,10915
3556404,Vargem Grande do Sul,SP,São João da Boa Vista,Campinas,-21.868589,-46.889094,41283
3556453,Vargem Grande Paulista,SP,São Paulo,São Paulo,-23.621080,-47.023160,52574
3556503,Várzea Paulista,SP,Jundiaí,Campinas,-23.208867,-46.822233,119923
3556602,Vera Cruz,SP,Marília,Marília,-22.237153,-49.831273,10256
3556701,Vinhedo,SP,Campinas,Campinas,-23.061225,-46.971950,79477
3556800,Viradouro,SP,Barretos,Ribeirão Preto,-20.862345,-48.308700,17689
3556909,Vista Alegre do Alto,SP,Catanduva,São José do Rio Preto,-21.182978,-48.647122,8405
3556958,Vitória Brasil,SP,Jales,São José do Rio Preto,-20.192587,-50.479675,1830
3557006,Votorantim,SP,Sorocaba,Sorocaba,-23.587107,-47.398571,134103
3557105,Votuporanga,SP,Votuporanga,São José do Rio Preto,-20.466125,-50.005550,100935
3557154,Zacarias,SP,Birigui - Penápolis,Araçatuba,-21.130608,-50.045833,2784
3557204,Chavantes,SP,Ourinhos,Marília,-23.059054,-49.742423,12418
3557303,Estiva Gerbi,SP,Mogi Guaçu,Campinas,-22.233029,-46.933086,11647
4100103,Abatiá,PR,Santo Antônio da Platina,Londrina,-23.297389,-50.338411,7201
4100202,Adrianópolis,PR,Curitiba,Curitiba,-24.784535,-48.814641,6312
4100301,Agudos do Sul,PR,Curitiba,Curitiba,-26.039433,-49.322633,10891
4100400,Almirante Tamandaré,PR,Curitiba,Curitiba,-25.295893,-49.321371,127031
4100459,Altamira do Paraná,PR,Campo Mourão,Maringá,-24.819813,-52.700925,3452
4100509,Altônia,PR,Umuarama,Maringá,-23.921627,-53.953977,18525
4100608,Alto Paraná,PR,Paranavaí,Maringá,-23.054835,-52.323718,14198
4100707,Alto Piquiri,PR,Umuarama,Maringá,-24.105000,-53.400262,9744
4100806,Alvorada do Sul,PR,Londrina,Londrina,-22.818422,-51.265756,10483
4100905,Amaporã,PR,Paranavaí,Maringá,-23.136706,-52.836800,4646
4101002,Ampére,PR,Francisco Beltrão,Cascavel,-25.917020,-53.486030,20479
4101051,Anahy,PR,Cascavel,Cascavel,-24.629229,-53.130257,2973
4101101,Andirá,PR,Santo Antônio da Platina,Londrina,-23.014746,-50.273923,19944
4101150,Ângulo,PR,Maringá,Maringá,-23.193288,-51.923537,3380
4101200,Antonina,PR,Paranaguá,Curitiba,-25.278429,-48.713442,18091
4101309,Antônio Olinto,PR,União da Vitória,Curitiba,-25.954405,-50.138200,7027
4101408,Apucarana,PR,Apucarana,Londrina,-23.571843,-51.434357,135481
4101507,Arapongas,PR,Londrina,Londrina,-23.430256,-51.419325,125767
4101606,Arapoti,PR,Ponta Grossa,Ponta Grossa,-24.075056,-49.989878,26321
4101655,Arapuã,PR,Ivaiporã,Londrina,-24.339742,-51.803458,3571
4101705,Araruna,PR,Campo Mourão,Maringá,-23.951786,-52.576659,14958
4101804,Araucária,PR,Curitiba,Curitiba,-25.622041,-49.447624,164291
4101853,Ariranha do Ivaí,PR,Ivaiporã,Londrina,-24.371587,-51.551960,2346
4101903,Assaí,PR,Londrina,Londrina,-23.390143,-50.859795,13320
4102000,Assis Chateaubriand,PR,Toledo,Cascavel,-24.369548,-53.574570,38591
4102109,Astorga,PR,Maringá,Maringá,-23.239595,-51.709375,26262
4102208,Atalaia,PR,Maringá,Maringá,-23.122480,-52.061570,4050
4102307,Balsa Nova,PR,Curitiba,Curitiba,-25.513216,-49.674547,13994
4102406,Bandeirantes,PR,Cornélio Procópio ¿ Bandeirantes,Londrina,-23.186375,-50.355331,31690
4102505,Barbosa Ferraz,PR,Campo Mourão,Maringá,-24.109956,-52.080792,10465
4102604,Barracão,PR,Francisco Beltrão,Cascavel,-26.244129,-53.531907,9904
4102703,Barra do Jacaré,PR,Santo Antônio da Platina,Londrina,-23.110220,-50.172100,2877
4102752,Bela Vista da Caroba,PR,Francisco Beltrão,Cascavel,-25.879150,-53.645030,4128
4102802,Bela Vista do Paraíso,PR,Londrina,Londrina,-22.999071,-51.245450,14967
4102901,Bituruna,PR,União da Vitória,Curitiba,-26.138244,-51.551388,15615
4103008,Boa Esperança,PR,Campo Mourão,Maringá,-24.266136,-52.750021,4595
4103024,Boa Esperança do Iguaçu,PR,Dois Vizinhos,Cascavel,-25.651211,-53.210722,2402
4103040,Boa Ventura de São Roque,PR,Pitanga,Guarapuava,-24.873321,-51.590189,6235
4103057,Boa Vista da Aparecida,PR,Cascavel,Cascavel,-25.451667,-53.411287,8022
4103107,Bocaiúva do Sul,PR,Curitiba,Curitiba,-25.101318,-48.903568,13541
4103156,Bom Jesus do Sul,PR,Francisco Beltrão,Cascavel,-26.169177,-53.567500,4083
4103206,Bom Sucesso,PR,Apucarana,Londrina,-23.705936,-51.813579,6675
4103222,Bom Sucesso do Sul,PR,Pato Branco,Cascavel,-26.083764,-52.845782,3239
4103305,Borrazópolis,PR,Apucarana,Londrina,-23.928875,-51.594356,7809
4103354,Braganey,PR,Cascavel,Cascavel,-24.804926,-53.088532,4691
4103370,Brasilândia do Sul,PR,Umuarama,Maringá,-24.181989,-53.547689,3891
4103404,Cafeara,PR,Londrina,Londrina,-22.811657,-51.708207,2644
4103453,Cafelândia,PR,Cascavel,Cascavel,-24.668080,-53.343433,20411
4103479,Cafezal do Sul,PR,Umuarama,Maringá,-23.956071,-53.560636,4591
4103503,Califórnia,PR,Apucarana,Londrina,-23.663262,-51.313612,9002
4103602,Cambará,PR,Santo Antônio da Platina,Londrina,-22.992187,-50.081287,23352
4103701,Cambé,PR,Londrina,Londrina,-23.210192,-51.278942,111553
4103800,Cambira,PR,Apucarana,Londrina,-23.603508,-51.581092,10182
4103909,Campina da Lagoa,PR,Campo Mourão,Maringá,-24.637127,-52.784845,16035
4103958,Campina do Simão,PR,Guarapuava,Guarapuava,-25.116229,-51.767153,3945
4104006,Campina Grande do Sul,PR,Curitiba,Curitiba,-25.173292,-48.839686,51154
4104055,Campo Bonito,PR,Cascavel,Cascavel,-24.917359,-53.008291,3974
4104105,Campo do Tenente,PR,Curitiba,Curitiba,-25.978750,-49.659043,7717
4104204,Campo Largo,PR,Curitiba,Curitiba,-25.273249,-49.608746,146002
4104253,Campo Magro,PR,Curitiba,Curitiba,-25.274853,-49.466293,32227
4104303,Campo Mourão,PR,Campo Mourão,Maringá,-24.106877,-52.384554,104881
4104402,Cândido de Abreu,PR,Ivaiporã,Londrina,-24.678751,-51.247831,14995
4104428,Candói,PR,Guarapuava,Guarapuava,-25.536566,-52.022276,15173
4104451,Cantagalo,PR,Guarapuava,Guarapuava,-25.297135,-52.131235,10548
4104501,Capanema,PR,Francisco Beltrão,Cascavel,-25.605058,-53.783304,21208
4104600,Capitão Leônidas Marques,PR,Cascavel,Cascavel,-25.473467,-53.583800,14754
4104659,Carambeí,PR,Ponta Grossa,Ponta Grossa,-24.888626,-50.153913,24721
4104709,Carlópolis,PR,Santo Antônio da Platina,Londrina,-23.460261,-49.704139,17985
4104808,Cascavel,PR,Cascavel,Cascavel,-25.031227,-53.393772,372026
4104907,Castro,PR,Ponta Grossa,Ponta Grossa,-24.800749,-49.898982,76015
4105003,Catanduvas,PR,Cascavel,Cascavel,-25.248170,-53.158315,10636
4105102,Centenário do Sul,PR,Londrina,Londrina,-22.818194,-51.564750,10881
4105201,Cerro Azul,PR,Curitiba,Curitiba,-24.859766,-49.263246,15681
4105300,Céu Azul,PR,Cascavel,Cascavel,-25.291957,-53.765467,11258
4105409,Chopinzinho,PR,Pato Branco,Cascavel,-25.791815,-52.494893,21690
4105508,Cianorte,PR,Cianorte,Maringá,-23.700832,-52.610400,83579
4105607,Cidade Gaúcha,PR,Umuarama,Maringá,-23.385094,-52.947917,11730
4105706,Clevelândia,PR,Pato Branco,Cascavel,-26.341954,-52.354186,14699
4105805,Colombo,PR,Curitiba,Curitiba,-25.307407,-49.180179,242698
4105904,Colorado,PR,Paranacity - Colorado,Maringá,-22.829095,-51.981111,23347
4106001,Congonhinhas,PR,Cornélio Procópio ¿ Bandeirantes,Londrina,-23.625253,-50.517368,8447
4106100,Conselheiro Mairinck,PR,Ibaiti,Londrina,-23.593650,-50.129958,3464
4106209,Contenda,PR,Curitiba,Curitiba,-25.709357,-49.514679,20205
4106308,Corbélia,PR,Cascavel,Cascavel,-24.728117,-53.228783,18004
4106407,Cornélio Procópio,PR,Cornélio Procópio ¿ Bandeirantes,Londrina,-23.205526,-50.610152,45614
4106456,Coronel Domingos Soares,PR,Pato Branco,Cascavel,-26.180595,-51.946211,5342
4106506,Coronel Vivida,PR,Pato Branco,Cascavel,-25.992591,-52.596491,24107
4106555,Corumbataí do Sul,PR,Campo Mourão,Maringá,-24.119350,-52.159079,3755
4106571,Cruzeiro do Iguaçu,PR,Dois Vizinhos,Cascavel,-25.596342,-53.130167,4120
4106605,Cruzeiro do Oeste,PR,Umuarama,Maringá,-23.762327,-53.088059,25071
4106704,Cruzeiro do Sul,PR,Paranacity - Colorado,Maringá,-22.980333,-52.154147,4539
4106803,Cruz Machado,PR,União da Vitória,Curitiba,-25.917316,-51.218291,15632
4106852,Cruzmaltina,PR,Ivaiporã,Londrina,-24.017433,-51.466560,2854
4106902,Curitiba,PR,Curitiba,Curitiba,-25.470574,-49.290921,1832183
4107009,Curiúva,PR,Telêmaco Borba,Ponta Grossa,-24.000729,-50.476392,13767
4107108,Diamante do Norte,PR,Paranavaí,Maringá,-22.637533,-52.887008,5116
4107124,Diamante do Sul,PR,Cascavel,Cascavel,-24.995444,-52.688169,3126
4107157,Diamante D'Oeste,PR,Cascavel,Cascavel,-24.963350,-54.105750,4484
4107207,Dois Vizinhos,PR,Dois Vizinhos,Cascavel,-25.741820,-53.082380,48127
4107256,Douradina,PR,Umuarama,Maringá,-23.347063,-53.291179,9737
4107306,Doutor Camargo,PR,Maringá,Maringá,-23.553580,-52.192210,6547
4107405,Enéas Marques,PR,Francisco Beltrão,Cascavel,-25.897847,-53.161047,6140
4107504,Engenheiro Beltrão,PR,Campo Mourão,Maringá,-23.750075,-52.241012,12258
4107520,Esperança Nova,PR,Umuarama,Maringá,-23.714922,-53.808189,1844
4107538,Entre Rios do Oeste,PR,Marechal Cândido Rondon,Cascavel,-24.712730,-54.210920,4810
4107546,Espigão Alto do Iguaçu,PR,Laranjeiras do Sul - Quedas do Iguaçu,Cascavel,-25.357482,-52.805359,4888
4107553,Farol,PR,Campo Mourão,Maringá,-24.122933,-52.635127,2968
4107603,Faxinal,PR,Ivaiporã,Londrina,-24.003260,-51.310330,16548
4107652,Fazenda Rio Grande,PR,Curitiba,Curitiba,-25.670100,-49.317100,170123
4107702,Fênix,PR,Campo Mourão,Maringá,-23.887250,-52.027367,4469
4107736,Fernandes Pinheiro,PR,Irati,Ponta Grossa,-25.498624,-50.511295,6420
4107751,Figueira,PR,Ibaiti,Londrina,-23.849138,-50.425492,8115
4107801,Floraí,PR,Maringá,Maringá,-23.315231,-52.322708,4789
4107850,Flor da Serra do Sul,PR,Francisco Beltrão,Cascavel,-26.240267,-53.321510,4315
4107900,Floresta,PR,Maringá,Maringá,-23.607683,-52.100558,11801
4108007,Florestópolis,PR,Londrina,Londrina,-22.878261,-51.402828,11667
4108106,Flórida,PR,Maringá,Maringá,-23.101000,-51.961650,2718
4108205,Formosa do Oeste,PR,Toledo,Cascavel,-24.292767,-53.331683,7769
4108304,Foz do Iguaçu,PR,Foz do Iguaçu,Cascavel,-25.451427,-54.463408,299112
4108320,Francisco Alves,PR,Umuarama,Maringá,-24.101764,-53.873979,8677
4108403,Francisco Beltrão,PR,Francisco Beltrão,Cascavel,-26.035777,-53.119088,103424
4108452,Foz do Jordão,PR,Guarapuava,Guarapuava,-25.705107,-52.082550,4863
4108502,General Carneiro,PR,União da Vitória,Curitiba,-26.458277,-51.381297,10531
4108551,Godoy Moreira,PR,Ivaiporã,Londrina,-24.152060,-51.889310,2889
4108601,Goioerê,PR,Campo Mourão,Maringá,-24.184145,-53.064645,28895
4108650,Goioxim,PR,Guarapuava,Guarapuava,-25.120642,-52.023350,6412
4108700,Grandes Rios,PR,Ivaiporã,Londrina,-24.180153,-51.455627,5466
4108809,Guaíra,PR,Toledo,Cascavel,-24.223842,-54.228216,33145
4108908,Guairaçá,PR,Paranavaí,Maringá,-22.931877,-52.749759,6786
4108957,Guamiranga,PR,Guarapuava,Guarapuava,-25.171800,-50.838546,7913
4109005,Guapirama,PR,Santo Antônio da Platina,Londrina,-23.477593,-50.070957,4902
4109104,Guaporema,PR,Cianorte,Maringá,-23.318931,-52.837792,2208
4109203,Guaraci,PR,Londrina,Londrina,-22.961525,-51.681975,4719
4109302,Guaraniaçu,PR,Cascavel,Cascavel,-25.064875,-52.858775,13718
4109401,Guarapuava,PR,Guarapuava,Guarapuava,-25.363670,-51.534054,190542
4109500,Guaraqueçaba,PR,Paranaguá,Curitiba,-25.209761,-48.367053,7418
4109609,Guaratuba,PR,Paranaguá,Curitiba,-25.800318,-48.817089,45529
4109658,Honório Serpa,PR,Pato Branco,Cascavel,-26.162917,-52.393404,4740
4109708,Ibaiti,PR,Ibaiti,Londrina,-23.777304,-50.302089,29465
4109757,Ibema,PR,Cascavel,Cascavel,-25.139629,-53.016257,6352
4109807,Ibiporã,PR,Londrina,Londrina,-23.236663,-51.027221,53486
4109906,Icaraíma,PR,Umuarama,Maringá,-23.346222,-53.578517,9158
4110003,Iguaraçu,PR,Maringá,Maringá,-23.233254,-51.842554,5777
4110052,Iguatu,PR,Cascavel,Cascavel,-24.694767,-53.093222,2150
4110078,Imbaú,PR,Telêmaco Borba,Ponta Grossa,-24.427175,-50.745369,15235
4110102,Imbituva,PR,Irati,Ponta Grossa,-25.230818,-50.650545,30940
4110201,Inácio Martins,PR,Guarapuava,Guarapuava,-25.648013,-51.190981,9477
4110300,Inajá,PR,Paranacity - Colorado,Maringá,-22.705118,-52.214155,2453
4110409,Indianópolis,PR,Cianorte,Maringá,-23.492489,-52.664022,4553
4110508,Ipiranga,PR,Ponta Grossa,Ponta Grossa,-24.999589,-50.596070,14321
4110607,Iporã,PR,Umuarama,Maringá,-24.037827,-53.748241,16149
4110656,Iracema do Oeste,PR,Toledo,Cascavel,-24.435243,-53.350957,2314
4110706,Irati,PR,Irati,Ponta Grossa,-25.500743,-50.853174,61192
4110805,Iretama,PR,Campo Mourão,Maringá,-24.342257,-52.098267,10836
4110904,Itaguajé,PR,Paranacity - Colorado,Maringá,-22.649167,-51.977875,4525
4110953,Itaipulândia,PR,Foz do Iguaçu,Cascavel,-25.155289,-54.349232,12267
4111001,Itambaracá,PR,Cornélio Procópio ¿ Bandeirantes,Londrina,-22.980200,-50.413967,5766
4111100,Itambé,PR,Maringá,Maringá,-23.704093,-52.002553,6236
4111209,Itapejara d'Oeste,PR,Pato Branco,Cascavel,-25.980500,-52.830578,12980
4111258,Itaperuçu,PR,Curitiba,Curitiba,-25.132710,-49.472429,33763
4111308,Itaúna do Sul,PR,Paranavaí,Maringá,-22.720244,-52.900844,3606
4111407,Ivaí,PR,Ponta Grossa,Ponta Grossa,-25.000348,-50.871509,13501
4111506,Ivaiporã,PR,Ivaiporã,Londrina,-24.294295,-51.628615,33619
4111555,Ivaté,PR,Umuarama,Maringá,-23.369213,-53.423883,6746
4111605,Ivatuba,PR,Maringá,Maringá,-23.589780,-52.174330,2666
4111704,Jaboti,PR,Ibaiti,Londrina,-23.723140,-50.073040,5687
4111803,Jacarezinho,PR,Santo Antônio da Platina,Londrina,-23.139196,-49.944036,41571
4111902,Jaguapitã,PR,Londrina,Londrina,-23.068675,-51.551950,16085
4112009,Jaguariaíva,PR,Ponta Grossa,Ponta Grossa,-24.328365,-49.699862,36575
4112108,Jandaia do Sul,PR,Apucarana,Londrina,-23.630985,-51.687408,22000
4112207,Janiópolis,PR,Campo Mourão,Maringá,-24.143569,-52.809975,5766
4112306,Japira,PR,Ibaiti,Londrina,-23.688480,-50.178653,5062
4112405,Japurá,PR,Cianorte,Maringá,-23.451287,-52.548100,9430
4112504,Jardim Alegre,PR,Ivaiporã,Londrina,-24.216357,-51.766890,12118
4112603,Jardim Olinda,PR,Paranacity - Colorado,Maringá,-22.575850,-52.061980,1345
4112702,Jataizinho,PR,Londrina,Londrina,-23.237892,-50.931525,11992
4112751,Jesuítas,PR,Toledo,Cascavel,-24.413447,-53.417740,11047
4112801,Joaquim Távora,PR,Santo Antônio da Platina,Londrina,-23.466930,-49.915570,12415
4112900,Jundiaí do Sul,PR,Santo Antônio da Platina,Londrina,-23.445023,-50.217408,3366
4112959,Juranda,PR,Campo Mourão,Maringá,-24.390694,-52.835065,7906
4113007,Jussara,PR,Cianorte,Maringá,-23.624778,-52.439989,6791
4113106,Kaloré,PR,Apucarana,Londrina,-23.864292,-51.687754,4671
4113205,Lapa,PR,Curitiba,Curitiba,-25.780719,-49.874438,45877
4113254,Laranjal,PR,Pitanga,Guarapuava,-24.906059,-52.493035,5478
4113304,Laranjeiras do Sul,PR,Laranjeiras do Sul - Quedas do Iguaçu,Cascavel,-25.315279,-52.386950,33267
4113403,Leópolis,PR,Cornélio Procópio ¿ Bandeirantes,Londrina,-23.028706,-50.729213,3701
4113429,Lidianópolis,PR,Ivaiporã,Londrina,-24.083200,-51.635550,3985
4113452,Lindoeste,PR,Cascavel,Cascavel,-25.264193,-53.555500,5208
4113502,Loanda,PR,Loanda,Maringá,-22.939895,-53.048253,24090
4113601,Lobato,PR,Paranacity - Colorado,Maringá,-22.983260,-51.992353,4719
4113700,Londrina,PR,Londrina,Londrina,-23.479562,-51.123133,584465
4113734,Luiziana,PR,Campo Mourão,Maringá,-24.317135,-52.297378,6619
4113759,Lunardelli,PR,Ivaiporã,Londrina,-24.097200,-51.779373,4846
4113809,Lupionópolis,PR,Londrina,Londrina,-22.746944,-51.679344,4942
4113908,Mallet,PR,Irati,Ponta Grossa,-25.891752,-50.863635,13698
4114005,Mamborê,PR,Campo Mourão,Maringá,-24.383076,-52.602992,13519
4114104,Mandaguaçu,PR,Maringá,Maringá,-23.269736,-52.061193,35253
4114203,Mandaguari,PR,Maringá,Maringá,-23.504005,-51.716376,38564
4114302,Mandirituba,PR,Curitiba,Curitiba,-25.863756,-49.324356,29437
4114351,Manfrinópolis,PR,Francisco Beltrão,Cascavel,-26.090807,-53.367427,2770
4114401,Mangueirinha,PR,Pato Branco,Cascavel,-26.062856,-52.216519,16709
4114500,Manoel Ribas,PR,Ivaiporã,Londrina,-24.499584,-51.601026,14740
4114609,Marechal Cândido Rondon,PR,Marechal Cândido Rondon,Cascavel,-24.566825,-54.128950,59291
4114708,Maria Helena,PR,Umuarama,Maringá,-23.566193,-53.246133,5921
4114807,Marialva,PR,Maringá,Maringá,-23.520835,-51.879752,45360
4114906,Marilândia do Sul,PR,Apucarana,Londrina,-23.763665,-51.282483,8750
4115002,Marilena,PR,Paranavaí,Maringá,-22.737415,-53.068815,7474
4115101,Mariluz,PR,Umuarama,Maringá,-24.059650,-53.222121,9886
4115200,Maringá,PR,Maringá,Maringá,-23.401075,-51.970925,432635
4115309,Mariópolis,PR,Pato Branco,Cascavel,-26.337064,-52.589671,6535
4115358,Maripá,PR,Toledo,Cascavel,-24.469982,-53.814191,6878
4115408,Marmeleiro,PR,Francisco Beltrão,Cascavel,-26.235233,-53.085728,16728
4115457,Marquinho,PR,Laranjeiras do Sul - Quedas do Iguaçu,Cascavel,-25.107945,-52.241845,4465
4115507,Marumbi,PR,Apucarana,Londrina,-23.764938,-51.653677,4786
4115606,Matelândia,PR,Cascavel,Cascavel,-25.338171,-53.916812,19368
4115705,Matinhos,PR,Paranaguá,Curitiba,-25.760362,-48.569825,42671
4115739,Mato Rico,PR,Pitanga,Guarapuava,-24.707741,-52.236194,3216
4115754,Mauá da Serra,PR,Apucarana,Londrina,-23.911960,-51.177147,9740
4115804,Medianeira,PR,Foz do Iguaçu,Cascavel,-25.260615,-54.099677,58681
4115853,Mercedes,PR,Marechal Cândido Rondon,Cascavel,-24.426418,-54.186682,6248
4115903,Mirador,PR,Paranavaí,Maringá,-23.222157,-52.767836,2243
4116000,Miraselva,PR,Londrina,Londrina,-22.976643,-51.475143,2024
4116059,Missal,PR,Foz do Iguaçu,Cascavel,-25.095633,-54.257767,11459
4116109,Moreira Sales,PR,Campo Mourão,Maringá,-24.030136,-53.002973,10955
4116208,Morretes,PR,Paranaguá,Curitiba,-25.527122,-48.850756,19248
4116307,Munhoz de Melo,PR,Maringá,Maringá,-23.150756,-51.745089,4075
4116406,Nossa Senhora das Graças,PR,Paranacity - Colorado,Maringá,-22.908520,-51.798040,3653
4116505,Nova Aliança do Ivaí,PR,Paranavaí,Maringá,-23.163722,-52.622867,1316
4116604,Nova América da Colina,PR,Cornélio Procópio ¿ Bandeirantes,Londrina,-23.346773,-50.711364,3274
4116703,Nova Aurora,PR,Cascavel,Cascavel,-24.511740,-53.282908,14448
4116802,Nova Cantu,PR,Campo Mourão,Maringá,-24.633578,-52.578109,6700
4116901,Nova Esperança,PR,Maringá,Maringá,-23.178353,-52.254637,27140
4116950,Nova Esperança do Sudoeste,PR,Francisco Beltrão,Cascavel,-25.882143,-53.254429,5814
4117008,Nova Fátima,PR,Cornélio Procópio ¿ Bandeirantes,Londrina,-23.402887,-50.542647,7083
4117057,Nova Laranjeiras,PR,Laranjeiras do Sul - Quedas do Iguaçu,Cascavel,-25.228376,-52.596010,12318
4117107,Nova Londrina,PR,Paranavaí,Maringá,-22.764594,-52.962900,13065
4117206,Nova Olímpia,PR,Umuarama,Maringá,-23.437400,-53.072950,6002
4117214,Nova Santa Bárbara,PR,Cornélio Procópio ¿ Bandeirantes,Londrina,-23.585411,-50.738000,4325
4117222,Nova Santa Rosa,PR,Marechal Cândido Rondon,Cascavel,-24.445013,-53.974560,8624
4117255,Nova Prata do Iguaçu,PR,Dois Vizinhos,Cascavel,-25.569400,-53.373694,13482
4117271,Nova Tebas,PR,Pitanga,Guarapuava,-24.434968,-51.949677,6818
4117297,Novo Itacolomi,PR,Apucarana,Londrina,-23.778410,-51.541040,3246
4117305,Ortigueira,PR,Telêmaco Borba,Ponta Grossa,-24.121180,-50.968783,24808
4117404,Ourizona,PR,Maringá,Maringá,-23.453682,-52.221991,3181
4117453,Ouro Verde do Oeste,PR,Toledo,Cascavel,-24.796762,-53.939454,7169
4117503,Paiçandu,PR,Maringá,Maringá,-23.473070,-52.121230,49694
4117602,Palmas,PR,Pato Branco,Cascavel,-26.439158,-51.832510,50564
4117701,Palmeira,PR,Ponta Grossa,Ponta Grossa,-25.440536,-50.082485,35054
4117800,Palmital,PR,Pitanga,Guarapuava,-24.871477,-52.254400,12766
4117909,Palotina,PR,Toledo,Cascavel,-24.274837,-53.787858,37431
4118006,Paraíso do Norte,PR,Paranavaí,Maringá,-23.266820,-52.638753,13819
4118105,Paranacity,PR,Paranacity - Colorado,Maringá,-22.835211,-52.137739,9506
4118204,Paranaguá,PR,Paranaguá,Curitiba,-25.581635,-48.521596,150436
4118303,Paranapoema,PR,Paranacity - Colorado,Maringá,-22.656585,-52.080469,2328
4118402,Paranavaí,PR,Paranavaí,Maringá,-22.934735,-52.529254,96870
4118451,Pato Bragado,PR,Marechal Cândido Rondon,Cascavel,-24.636744,-54.227533,6060
4118501,Pato Branco,PR,Pato Branco,Cascavel,-26.157600,-52.670865,99041
4118600,Paula Freitas,PR,União da Vitória,Curitiba,-26.189091,-50.836341,5720
4118709,Paulo Frontin,PR,União da Vitória,Curitiba,-26.072953,-50.745779,6385
4118808,Peabiru,PR,Campo Mourão,Maringá,-23.944389,-52.333453,13476
4118857,Perobal,PR,Umuarama,Maringá,-23.934094,-53.370653,7691
4118907,Pérola,PR,Umuarama,Maringá,-23.819954,-53.710338,12493
4119004,Pérola d'Oeste,PR,Francisco Beltrão,Cascavel,-25.840188,-53.738676,6184
4119103,Piên,PR,Curitiba,Curitiba,-26.083850,-49.451712,14557
4119152,Pinhais,PR,Curitiba,Curitiba,-25.418888,-49.152163,131857
4119202,Pinhalão,PR,Ibaiti,Londrina,-23.892373,-50.068147,6698
4119251,Pinhal de São Bento,PR,Francisco Beltrão,Cascavel,-26.015050,-53.462880,2813
4119301,Pinhão,PR,Guarapuava,Guarapuava,-25.783502,-51.677391,30431
4119400,Piraí do Sul,PR,Ponta Grossa,Ponta Grossa,-24.473394,-49.944318,23991
4119509,Piraquara,PR,Curitiba,Curitiba,-25.465879,-49.065614,129035
4119608,Pitanga,PR,Pitanga,Guarapuava,-24.677003,-51.812067,34583
4119657,Pitangueiras,PR,Londrina,Londrina,-23.209250,-51.577638,3155
4119707,Planaltina do Paraná,PR,Paranavaí,Maringá,-23.082320,-52.920970,4123
4119806,Planalto,PR,Francisco Beltrão,Cascavel,-25.738847,-53.729605,14766
4119905,Ponta Grossa,PR,Ponta Grossa,Ponta Grossa,-25.154251,-50.062524,378527
4119954,Pontal do Paraná,PR,Paranaguá,Curitiba,-25.640220,-48.480240,33730
4120002,Porecatu,PR,Londrina,Londrina,-22.744472,-51.410367,11113
4120101,Porto Amazonas,PR,Ponta Grossa,Ponta Grossa,-25.521579,-49.880343,4046
4120150,Porto Barreiro,PR,Laranjeiras do Sul - Quedas do Iguaçu,Cascavel,-25.591894,-52.388831,3023
4120200,Porto Rico,PR,Loanda,Maringá,-22.848120,-53.304353,3410
4120309,Porto Vitória,PR,União da Vitória,Curitiba,-26.237062,-51.214531,3487
4120333,Prado Ferreira,PR,Londrina,Londrina,-23.013789,-51.397078,3833
4120358,Pranchita,PR,Francisco Beltrão,Cascavel,-25.954046,-53.699285,5838
4120408,Presidente Castelo Branco,PR,Maringá,Maringá,-23.263186,-52.160636,4277
4120507,Primeiro de Maio,PR,Londrina,Londrina,-22.863450,-51.072736,10018
4120606,Prudentópolis,PR,Guarapuava,Guarapuava,-25.133873,-51.106825,50988
4120655,Quarto Centenário,PR,Campo Mourão,Maringá,-24.308459,-53.159094,4087
4120705,Quatiguá,PR,Santo Antônio da Platina,Londrina,-23.561000,-49.951609,8491
4120804,Quatro Barras,PR,Curitiba,Curitiba,-25.377257,-49.023593,25663
4120853,Quatro Pontes,PR,Marechal Cândido Rondon,Cascavel,-24.569140,-53.979850,4714
4120903,Quedas do Iguaçu,PR,Laranjeiras do Sul - Quedas do Iguaçu,Cascavel,-25.474137,-52.948904,31431
4121000,Querência do Norte,PR,Loanda,Maringá,-23.059108,-53.526529,10560
4121109,Quinta do Sol,PR,Campo Mourão,Maringá,-23.826133,-52.129908,5047
4121208,Quitandinha,PR,Curitiba,Curitiba,-25.914804,-49.477429,18963
4121257,Ramilândia,PR,Cascavel,Cascavel,-25.089980,-54.080090,4284
4121307,Rancho Alegre,PR,Cornélio Procópio ¿ Bandeirantes,Londrina,-23.072900,-50.924100,3445
4121356,Rancho Alegre D'Oeste,PR,Campo Mourão,Maringá,-24.235733,-52.927820,2609
4121406,Realeza,PR,Francisco Beltrão,Cascavel,-25.668029,-53.552718,20276
4121505,Rebouças,PR,Irati,Ponta Grossa,-25.663644,-50.621167,14846
4121604,Renascença,PR,Francisco Beltrão,Cascavel,-26.241174,-52.948274,6947
4121703,Reserva,PR,Telêmaco Borba,Ponta Grossa,-24.585977,-50.944223,24856
4121752,Reserva do Iguaçu,PR,Guarapuava,Guarapuava,-25.874991,-51.970648,6447
4121802,Ribeirão Claro,PR,Santo Antônio da Platina,Londrina,-23.260065,-49.769583,12959
4121901,Ribeirão do Pinhal,PR,Santo Antônio da Platina,Londrina,-23.416313,-50.398694,13129
4122008,Rio Azul,PR,Irati,Ponta Grossa,-25.700071,-50.819495,14174
4122107,Rio Bom,PR,Apucarana,Londrina,-23.807625,-51.431900,3206
4122156,Rio Bonito do Iguaçu,PR,Laranjeiras do Sul - Quedas do Iguaçu,Cascavel,-25.558400,-52.620593,14345
4122172,Rio Branco do Ivaí,PR,Ivaiporã,Londrina,-24.351488,-51.347606,3835
4122206,Rio Branco do Sul,PR,Curitiba,Curitiba,-25.085654,-49.329893,40745
4122305,Rio Negro,PR,Curitiba,Curitiba,-26.085392,-49.704088,31954
4122404,Rolândia,PR,Londrina,Londrina,-23.283812,-51.419794,76671
4122503,Roncador,PR,Campo Mourão,Maringá,-24.568336,-52.264508,11321
4122602,Rondon,PR,Cianorte,Maringá,-23.465305,-52.827553,9261
4122651,Rosário do Ivaí,PR,Ivaiporã,Londrina,-24.314121,-51.210321,5475
4122701,Sabáudia,PR,Londrina,Londrina,-23.352890,-51.586090,9678
4122800,Salgado Filho,PR,Francisco Beltrão,Cascavel,-26.129114,-53.427607,4074
4122909,Salto do Itararé,PR,Santo Antônio da Platina,Londrina,-23.615962,-49.667692,5214
4123006,Salto do Lontra,PR,Dois Vizinhos,Cascavel,-25.787787,-53.292107,15800
4123105,Santa Amélia,PR,Cornélio Procópio ¿ Bandeirantes,Londrina,-23.257727,-50.398400,3333
4123204,Santa Cecília do Pavão,PR,Cornélio Procópio ¿ Bandeirantes,Londrina,-23.541725,-50.799450,3340
4123303,Santa Cruz de Monte Castelo,PR,Loanda,Maringá,-23.098717,-53.355678,8872
4123402,Santa Fé,PR,Maringá,Maringá,-23.061308,-51.840550,11789
4123501,Santa Helena,PR,Toledo,Cascavel,-24.871588,-54.274941,26601
4123600,Santa Inês,PR,Paranacity - Colorado,Maringá,-22.716420,-51.895380,1739
4123709,Santa Isabel do Ivaí,PR,Loanda,Maringá,-23.126900,-53.240544,9052
4123808,Santa Izabel do Oeste,PR,Francisco Beltrão,Cascavel,-25.782000,-53.425527,14519
4123824,Santa Lúcia,PR,Cascavel,Cascavel,-25.378189,-53.569489,3621
4123857,Santa Maria do Oeste,PR,Pitanga,Guarapuava,-24.914400,-51.934376,9786
4123907,Santa Mariana,PR,Cornélio Procópio ¿ Bandeirantes,Londrina,-23.034128,-50.546039,10856
4123956,Santa Mônica,PR,Loanda,Maringá,-23.170527,-53.128845,3348
4124004,Santana do Itararé,PR,Santo Antônio da Platina,Londrina,-23.751085,-49.633677,5663
4124020,Santa Tereza do Oeste,PR,Cascavel,Cascavel,-25.029100,-53.613283,14113
4124053,Santa Terezinha de Itaipu,PR,Foz do Iguaçu,Cascavel,-25.444840,-54.409030,25510
4124103,Santo Antônio da Platina,PR,Santo Antônio da Platina,Londrina,-23.292973,-50.102182,45730
4124202,Santo Antônio do Caiuá,PR,Paranavaí,Maringá,-22.700800,-52.358533,2460
4124301,Santo Antônio do Paraíso,PR,Cornélio Procópio ¿ Bandeirantes,Londrina,-23.586894,-50.632162,2070
4124400,Santo Antônio do Sudoeste,PR,Francisco Beltrão,Cascavel,-26.072293,-53.624093,25273
4124509,Santo Inácio,PR,Paranacity - Colorado,Maringá,-22.723254,-51.794023,6521
4124608,São Carlos do Ivaí,PR,Paranavaí,Maringá,-23.366250,-52.496010,6741
4124707,São Jerônimo da Serra,PR,Cornélio Procópio ¿ Bandeirantes,Londrina,-23.717462,-50.782231,10853
4124806,São João,PR,Pato Branco,Cascavel,-25.756135,-52.808661,12377
4124905,São João do Caiuá,PR,Paranavaí,Maringá,-22.832783,-52.316592,5587
4125001,São João do Ivaí,PR,Ivaiporã,Londrina,-23.978123,-51.864492,10586
4125100,São João do Triunfo,PR,Ponta Grossa,Ponta Grossa,-25.681208,-50.302062,13900
4125209,São Jorge d'Oeste,PR,Dois Vizinhos,Cascavel,-25.662570,-52.937955,9605
4125308,São Jorge do Ivaí,PR,Maringá,Maringá,-23.425356,-52.307444,5149
4125357,São Jorge do Patrocínio,PR,Umuarama,Maringá,-23.757036,-53.942407,6718
4125407,São José da Boa Vista,PR,Santo Antônio da Platina,Londrina,-23.967450,-49.686872,5994
4125456,São José das Palmeiras,PR,Toledo,Cascavel,-24.812318,-54.116009,4039
4125506,São José dos Pinhais,PR,Curitiba,Curitiba,-25.680355,-49.070490,353874
4125555,São Manoel do Paraná,PR,Cianorte,Maringá,-23.374813,-52.619687,2178
4125605,São Mateus do Sul,PR,União da Vitória,Curitiba,-25.934168,-50.471842,43558
4125704,São Miguel do Iguaçu,PR,Foz do Iguaçu,Cascavel,-25.415083,-54.251696,30624
4125753,São Pedro do Iguaçu,PR,Toledo,Cascavel,-24.908457,-53.880570,5686
4125803,São Pedro do Ivaí,PR,Apucarana,Londrina,-23.848106,-51.871982,8423
4125902,São Pedro do Paraná,PR,Loanda,Maringá,-22.794400,-53.190208,2736
4126009,São Sebastião da Amoreira,PR,Cornélio Procópio ¿ Bandeirantes,Londrina,-23.437881,-50.726081,8028
4126108,São Tomé,PR,Cianorte,Maringá,-23.525171,-52.549064,5275
4126207,Sapopema,PR,Cornélio Procópio ¿ Bandeirantes,Londrina,-23.873752,-50.607833,6775
4126256,Sarandi,PR,Maringá,Maringá,-23.472045,-51.872282,130211
4126272,Saudade do Iguaçu,PR,Pato Branco,Cascavel,-25.702100,-52.612391,6479
4126306,Sengés,PR,Ponta Grossa,Ponta Grossa,-24.270185,-49.453930,17151
4126355,Serranópolis do Iguaçu,PR,Foz do Iguaçu,Cascavel,-25.469514,-54.044050,5188
4126405,Sertaneja,PR,Cornélio Procópio ¿ Bandeirantes,Londrina,-22.942871,-50.884471,5642
4126504,Sertanópolis,PR,Londrina,Londrina,-23.063582,-51.040929,16228
4126603,Siqueira Campos,PR,Santo Antônio da Platina,Londrina,-23.635812,-49.802212,24299
4126652,Sulina,PR,Pato Branco,Cascavel,-25.671445,-52.716745,3501
4126678,Tamarana,PR,Londrina,Londrina,-23.822124,-51.037818,10444
4126702,Tamboara,PR,Paranavaí,Maringá,-23.193578,-52.462900,4999
4126801,Tapejara,PR,Cianorte,Maringá,-23.639374,-52.897143,16404
4126900,Tapira,PR,Umuarama,Maringá,-23.307233,-53.133276,5802
4127007,Teixeira Soares,PR,Irati,Ponta Grossa,-25.298271,-50.417443,9495
4127106,Telêmaco Borba,PR,Telêmaco Borba,Ponta Grossa,-24.257064,-50.517572,77798
4127205,Terra Boa,PR,Cianorte,Maringá,-23.656000,-52.349255,18278
4127304,Terra Rica,PR,Paranavaí,Maringá,-22.728359,-52.718788,14938
4127403,Terra Roxa,PR,Toledo,Cascavel,-24.185121,-54.055821,18719
4127502,Tibagi,PR,Telêmaco Borba,Ponta Grossa,-24.667930,-50.503324,20408
4127601,Tijucas do Sul,PR,Curitiba,Curitiba,-25.908604,-49.117184,18646
4127700,Toledo,PR,Toledo,Cascavel,-24.703182,-53.800085,162658
4127809,Tomazina,PR,Santo Antônio da Platina,Londrina,-23.693852,-49.972010,8500
4127858,Três Barras do Paraná,PR,Cascavel,Cascavel,-25.431990,-53.228810,11115
4127882,Tunas do Paraná,PR,Curitiba,Curitiba,-24.959019,-48.889681,6859
4127908,Tuneiras do Oeste,PR,Cianorte,Maringá,-23.888879,-52.825347,8028
4127957,Tupãssi,PR,Toledo,Cascavel,-24.647600,-53.498244,8213
4127965,Turvo,PR,Guarapuava,Guarapuava,-24.995397,-51.505675,14110
4128005,Ubiratã,PR,Campo Mourão,Maringá,-24.517150,-53.035990,25928
4128104,Umuarama,PR,Umuarama,Maringá,-23.671434,-53.413055,124077
4128203,União da Vitória,PR,União da Vitória,Curitiba,-26.115021,-51.090990,56701
4128302,Uniflor,PR,Maringá,Maringá,-23.059567,-52.102889,2086
4128401,Uraí,PR,Cornélio Procópio ¿ Bandeirantes,Londrina,-23.200809,-50.838400,10242
4128500,Wenceslau Braz,PR,Santo Antônio da Platina,Londrina,-23.875150,-49.782519,19392
4128534,Ventania,PR,Telêmaco Borba,Ponta Grossa,-24.197270,-50.242217,9742
4128559,Vera Cruz do Oeste,PR,Cascavel,Cascavel,-24.991317,-53.929208,8131
4128609,Verê,PR,Francisco Beltrão,Cascavel,-25.879012,-52.958735,8080
4128625,Alto Paraíso,PR,Umuarama,Maringá,-23.561873,-53.813200,3058
4128633,Doutor Ulysses,PR,Curitiba,Curitiba,-24.617055,-49.383959,5742
4128658,Virmond,PR,Laranjeiras do Sul - Quedas do Iguaçu,Cascavel,-25.413944,-52.235678,3818
4128708,Vitorino,PR,Pato Branco,Cascavel,-26.273639,-52.787778,10724
4128807,Xambrê,PR,Umuarama,Maringá,-23.729335,-53.600935,5822
4200051,Abdon Batista,SC,Joaçaba - Herval d'Oeste,Chapecó,-27.576236,-51.051171,2628
4200101,Abelardo Luz,SC,Xanxerê,Chapecó,-26.570578,-52.282370,17797
4200200,Agrolândia,SC,Rio do Sul,Blumenau,-27.454769,-49.822763,11798
4200309,Agronômica,SC,Rio do Sul,Blumenau,-27.325950,-49.717630,6453
4200408,Água Doce,SC,Joaçaba - Herval d'Oeste,Chapecó,-26.795376,-51.612230,6547
4200507,Águas de Chapecó,SC,Chapecó,Chapecó,-27.053023,-52.971423,6118
4200556,Águas Frias,SC,Chapecó,Chapecó,-26.851650,-52.859125,3036
4200606,Águas Mornas,SC,Florianópolis,Florianópolis,-27.736656,-48.926519,7301
4200705,Alfredo Wagner,SC,Florianópolis,Florianópolis,-27.677200,-49.332195,11061
4200754,Alto Bela Vista,SC,Concórdia,Chapecó,-27.415690,-51.923900,1834
4200804,Anchieta,SC,São Miguel do Oeste,Chapecó,-26.543025,-53.347783,5922
4200903,Angelina,SC,Florianópolis,Florianópolis,-27.536875,-49.068395,5489
4201000,Anita Garibaldi,SC,Lages,Lages,-27.722817,-51.100272,8311
4201109,Anitápolis,SC,Florianópolis,Florianópolis,-27.873407,-49.150533,3792
4201208,Antônio Carlos,SC,Florianópolis,Florianópolis,-27.492743,-48.812693,12803
4201257,Apiúna,SC,Blumenau,Blumenau,-27.125895,-49.361211,10061
4201273,Arabutã,SC,Concórdia,Chapecó,-27.141900,-52.171844,4522
4201307,Araquari,SC,Joinville,Joinville,-26.459250,-48.757136,53939
4201406,Araranguá,SC,Araranguá,Criciúma,-28.943288,-49.474624,77625
4201505,Armazém,SC,Tubarão,Criciúma,-28.247583,-49.011392,9388
4201604,Arroio Trinta,SC,Videira,Caçador,-26.915600,-51.349033,3640
4201653,Arvoredo,SC,Chapecó,Chapecó,-27.086860,-52.454490,2646
4201703,Ascurra,SC,Blumenau,Blumenau,-26.976427,-49.385955,8804
4201802,Atalanta,SC,Rio do Sul,Blumenau,-27.435675,-49.748400,3263
4201901,Aurora,SC,Rio do Sul,Blumenau,-27.318882,-49.582482,7352
4201950,Balneário Arroio do Silva,SC,Araranguá,Criciúma,-29.024900,-49.486000,18343
4202008,Balneário Camboriú,SC,Itajaí,Blumenau,-27.005913,-48.625637,154525
4202057,Balneário Barra do Sul,SC,Joinville,Joinville,-26.448550,-48.647787,17533
4202073,Balneário Gaivota,SC,Araranguá,Criciúma,-29.157889,-49.623011,18651
4202081,Bandeirante,SC,São Miguel do Oeste,Chapecó,-26.762640,-53.648290,3287
4202099,Barra Bonita,SC,São Miguel do Oeste,Chapecó,-26.670244,-53.427633,1628
4202107,Barra Velha,SC,Itajaí,Blumenau,-26.657785,-48.730723,54854
4202131,Bela Vista do Toldo,SC,Mafra,Joinville,-26.424214,-50.485014,5929
4202156,Belmonte,SC,São Miguel do Oeste,Chapecó,-26.863689,-53.622489,2715
4202206,Benedito Novo,SC,Blumenau,Blumenau,-26.788394,-49.442494,10755
4202305,Biguaçu,SC,Florianópolis,Florianópolis,-27.432411,-48.698474,85472
4202404,Blumenau,SC,Blumenau,Blumenau,-26.861654,-49.090915,390371
4202438,Bocaina do Sul,SC,Lages,Lages,-27.760389,-49.922705,3660
4202453,Bombinhas,SC,Itajaí,Blumenau,-27.171589,-48.537089,29722
4202503,Bom Jardim da Serra,SC,Lages,Lages,-28.380955,-49.659838,3964
4202537,Bom Jesus,SC,Xanxerê,Chapecó,-26.726522,-52.387667,2919
4202578,Bom Jesus do Oeste,SC,Maravilha,Chapecó,-26.691380,-53.093710,2245
4202602,Bom Retiro,SC,Lages,Lages,-27.766700,-49.586977,8378
4202701,Botuverá,SC,Brusque,Blumenau,-27.204144,-49.114450,5786
4202800,Braço do Norte,SC,Tubarão,Criciúma,-28.243485,-49.163008,36426
4202859,Braço do Trombudo,SC,Rio do Sul,Blumenau,-27.370190,-49.903030,4308
4202875,Brunópolis,SC,Curitibanos,Lages,-27.349886,-50.867671,2402
4202909,Brusque,SC,Brusque,Blumenau,-27.122343,-48.909564,158593
4203006,Caçador,SC,Caçador,Caçador,-26.760577,-51.152100,76591
4203105,Caibi,SC,Chapecó,Chapecó,-27.041045,-53.283100,6451
4203154,Calmon,SC,Caçador,Caçador,-26.641691,-51.025622,3525
4203204,Camboriú,SC,Itajaí,Blumenau,-27.072769,-48.695985,121040
4203253,Capão Alto,SC,Lages,Lages,-28.046984,-50.621228,2636
4203303,Campo Alegre,SC,São Bento do Sul - Rio Negrinho,Joinville,-26.097271,-49.167332,13007
4203402,Campo Belo do Sul,SC,Lages,Lages,-27.848167,-50.779659,7306
4203501,Campo Erê,SC,São Lourenço do Oeste,Chapecó,-26.441543,-53.116281,9884
4203600,Campos Novos,SC,Joaçaba - Herval d'Oeste,Chapecó,-27.391683,-51.260571,39429
4203709,Canelinha,SC,Brusque,Blumenau,-27.251769,-48.800946,13819
4203808,Canoinhas,SC,Mafra,Joinville,-26.267595,-50.513784,57169
4203907,Capinzal,SC,Joaçaba - Herval d'Oeste,Chapecó,-27.412136,-51.634607,24647
4203956,Capivari de Baixo,SC,Tubarão,Criciúma,-28.440271,-48.950614,25226
4204004,Catanduvas,SC,Joaçaba - Herval d'Oeste,Chapecó,-27.050171,-51.707086,11126
4204103,Caxambu do Sul,SC,Chapecó,Chapecó,-27.153500,-52.923617,4794
4204152,Celso Ramos,SC,Joaçaba - Herval d'Oeste,Chapecó,-27.654343,-51.329136,2868
4204178,Cerro Negro,SC,Lages,Lages,-27.774441,-50.942782,3280
4204194,Chapadão do Lageado,SC,Ituporanga,Blumenau,-27.583720,-49.562560,3070
4204202,Chapecó,SC,Chapecó,Chapecó,-27.102761,-52.681154,289170
4204251,Cocal do Sul,SC,Criciúma,Criciúma,-28.600322,-49.323200,18295
4204301,Concórdia,SC,Concórdia,Chapecó,-27.245308,-52.003165,88402
4204350,Cordilheira Alta,SC,Chapecó,Chapecó,-26.977970,-52.645970,5305
4204400,Coronel Freitas,SC,Chapecó,Chapecó,-26.882600,-52.728276,10626
4204459,Coronel Martins,SC,Xanxerê,Chapecó,-26.529322,-52.661644,1959
4204509,Corupá,SC,Joinville,Joinville,-26.419714,-49.309571,16042
4204558,Correia Pinto,SC,Lages,Lages,-27.582780,-50.384795,16341
4204608,Criciúma,SC,Criciúma,Criciúma,-28.729038,-49.378388,229333
4204707,Cunha Porã,SC,Maravilha,Chapecó,-26.876782,-53.192109,11276
4204756,Cunhataí,SC,Chapecó,Chapecó,-26.983500,-53.106043,2078
4204806,Curitibanos,SC,Curitibanos,Lages,-27.279623,-50.605433,41964
4204905,Descanso,SC,São Miguel do Oeste,Chapecó,-26.860012,-53.492369,8610
4205001,Dionísio Cerqueira,SC,São Miguel do Oeste,Chapecó,-26.322721,-53.535026,15337
4205100,Dona Emma,SC,Ibirama - Presidente Getúlio,Blumenau,-26.988323,-49.784562,4482
4205159,Doutor Pedrinho,SC,Blumenau,Blumenau,-26.690278,-49.564056,3721
4205175,Entre Rios,SC,Xanxerê,Chapecó,-26.751980,-52.577740,3596
4205191,Ermo,SC,Araranguá,Criciúma,-28.982122,-49.649678,2342
4205209,Erval Velho,SC,Joaçaba - Herval d'Oeste,Chapecó,-27.288633,-51.439283,5193
4205308,Faxinal dos Guedes,SC,Xanxerê,Chapecó,-26.850115,-52.230345,11588
4205357,Flor do Sertão,SC,São Miguel do Oeste,Chapecó,-26.753625,-53.335375,1886
4205407,Florianópolis,SC,Florianópolis,Florianópolis,-27.608975,-48.521004,598370
4205431,Formosa do Sul,SC,Chapecó,Chapecó,-26.638978,-52.784533,2759
4205456,Forquilhinha,SC,Criciúma,Criciúma,-28.775969,-49.484931,35582
4205506,Fraiburgo,SC,Videira,Caçador,-27.061404,-50.879212,33969
4205555,Frei Rogério,SC,Curitibanos,Lages,-27.197883,-50.760625,2446
4205605,Galvão,SC,São Lourenço do Oeste,Chapecó,-26.457836,-52.653545,3137
4205704,Garopaba,SC,Florianópolis,Florianópolis,-28.045909,-48.651945,35153
4205803,Garuva,SC,Joinville,Joinville,-26.056882,-48.896459,20313
4205902,Gaspar,SC,Blumenau,Blumenau,-26.912894,-48.965582,79645
4206009,Governador Celso Ramos,SC,Florianópolis,Florianópolis,-27.382812,-48.570163,18632
4206108,Grão-Pará,SC,Tubarão,Criciúma,-28.130111,-49.315211,6407
4206207,Gravatal,SC,Tubarão,Criciúma,-28.353542,-49.027675,13323
4206306,Guabiruba,SC,Brusque,Blumenau,-27.102164,-49.024855,27195
4206405,Guaraciaba,SC,São Miguel do Oeste,Chapecó,-26.582856,-53.579731,11100
4206504,Guaramirim,SC,Joinville,Joinville,-26.488516,-48.930742,52093
4206603,Guarujá do Sul,SC,São Miguel do Oeste,Chapecó,-26.406083,-53.503717,4888
4206652,Guatambú,SC,Chapecó,Chapecó,-27.123667,-52.790067,9947
4206702,Herval d'Oeste,SC,Joaçaba - Herval d'Oeste,Chapecó,-27.212520,-51.451280,22271
4206751,Ibiam,SC,Videira,Caçador,-27.200958,-51.228433,2067
4206801,Ibicaré,SC,Joaçaba - Herval d'Oeste,Chapecó,-27.082786,-51.370007,3287
4206900,Ibirama,SC,Ibirama - Presidente Getúlio,Blumenau,-27.012023,-49.533146,21132
4207007,Içara,SC,Criciúma,Criciúma,-28.753431,-49.269008,64717
4207106,Ilhota,SC,Blumenau,Blumenau,-26.880227,-48.846687,19048
4207205,Imaruí,SC,Tubarão,Criciúma,-28.222179,-48.852111,12171
4207304,Imbituba,SC,Florianópolis,Florianópolis,-28.215180,-48.699507,58381
4207403,Imbuia,SC,Ituporanga,Blumenau,-27.525254,-49.393792,6166
4207502,Indaial,SC,Blumenau,Blumenau,-26.988714,-49.242419,79523
4207577,Iomerê,SC,Videira,Caçador,-26.985367,-51.272922,2981
4207601,Ipira,SC,Concórdia,Chapecó,-27.371469,-51.803485,4614
4207650,Iporã do Oeste,SC,São Miguel do Oeste,Chapecó,-27.009821,-53.510621,9846
4207684,Ipuaçu,SC,Xanxerê,Chapecó,-26.688531,-52.459513,8218
4207700,Ipumirim,SC,Concórdia,Chapecó,-27.032071,-52.149553,8177
4207759,Iraceminha,SC,Maravilha,Chapecó,-26.867536,-53.333291,3958
4207809,Irani,SC,Concórdia,Chapecó,-27.022132,-51.915626,10622
4207858,Irati,SC,Chapecó,Chapecó,-26.619871,-52.898386,2096
4207908,Irineópolis,SC,Mafra,Joinville,-26.335714,-50.770667,10416
4208005,Itá,SC,Concórdia,Chapecó,-27.245453,-52.334641,7430
4208104,Itaiópolis,SC,Mafra,Joinville,-26.502273,-49.862291,23063
4208203,Itajaí,SC,Itajaí,Blumenau,-26.964859,-48.756765,302247
4208302,Itapema,SC,Itajaí,Blumenau,-27.111009,-48.626655,88842
4208401,Itapiranga,SC,São Miguel do Oeste,Chapecó,-27.131482,-53.696945,17388
4208450,Itapoá,SC,Joinville,Joinville,-26.088075,-48.658675,37488
4208500,Ituporanga,SC,Ituporanga,Blumenau,-27.472100,-49.531214,28897
4208609,Jaborá,SC,Joaçaba - Herval d'Oeste,Chapecó,-27.141385,-51.765031,4486
4208708,Jacinto Machado,SC,Araranguá,Criciúma,-29.010083,-49.834300,10833
4208807,Jaguaruna,SC,Tubarão,Criciúma,-28.671185,-49.079515,21850
4208906,Jaraguá do Sul,SC,Joinville,Joinville,-26.458519,-49.150631,203204
4208955,Jardinópolis,SC,Chapecó,Chapecó,-26.708011,-52.874756,1811
4209003,Joaçaba,SC,Joaçaba - Herval d'Oeste,Chapecó,-27.146362,-51.597523,32103
4209102,Joinville,SC,Joinville,Joinville,-26.252970,-48.960500,673980
4209151,José Boiteux,SC,Ibirama - Presidente Getúlio,Blumenau,-26.869633,-49.649967,6539
4209177,Jupiá,SC,São Lourenço do Oeste,Chapecó,-26.389133,-52.716922,2744
4209201,Lacerdópolis,SC,Joaçaba - Herval d'Oeste,Chapecó,-27.256850,-51.580800,2307
4209300,Lages,SC,Lages,Lages,-27.987970,-50.346358,173278
4209409,Laguna,SC,Tubarão,Criciúma,-28.470425,-48.819781,44126
4209458,Lajeado Grande,SC,Chapecó,Chapecó,-26.837033,-52.554589,1804
4209508,Laurentino,SC,Rio do Sul,Blumenau,-27.204687,-49.743338,8764
4209607,Lauro Müller,SC,Criciúma,Criciúma,-28.394950,-49.444200,14633
4209706,Lebon Régis,SC,Caçador,Caçador,-26.873964,-50.702136,11547
4209805,Leoberto Leal,SC,Ituporanga,Blumenau,-27.496295,-49.253826,3383
4209854,Lindóia do Sul,SC,Concórdia,Chapecó,-27.025608,-52.055431,4597
4209904,Lontras,SC,Rio do Sul,Blumenau,-27.182400,-49.510882,14066
4210001,Luiz Alves,SC,Itajaí,Blumenau,-26.732100,-48.905812,12363
4210035,Luzerna,SC,Joaçaba - Herval d'Oeste,Chapecó,-27.097011,-51.499633,5970
4210050,Macieira,SC,Caçador,Caçador,-26.818836,-51.352221,1792
4210100,Mafra,SC,Mafra,Joinville,-26.234706,-49.881541,57501
4210209,Major Gercino,SC,Brusque,Blumenau,-27.436900,-49.047369,3248
4210308,Major Vieira,SC,Mafra,Joinville,-26.523928,-50.380896,7540
4210407,Maracajá,SC,Araranguá,Criciúma,-28.866212,-49.466750,8478
4210506,Maravilha,SC,Maravilha,Chapecó,-26.750200,-53.186585,31318
4210555,Marema,SC,Chapecó,Chapecó,-26.809133,-52.623233,2220
4210605,Massaranduba,SC,Joinville,Joinville,-26.623982,-48.987959,18344
4210704,Matos Costa,SC,Caçador,Caçador,-26.480189,-51.131995,2787
4210803,Meleiro,SC,Araranguá,Criciúma,-28.841740,-49.596070,7129
4210852,Mirim Doce,SC,Rio do Sul,Blumenau,-27.178890,-50.173557,2546
4210902,Modelo,SC,Chapecó,Chapecó,-26.773985,-53.045962,4162
4211009,Mondaí,SC,Chapecó,Chapecó,-27.107800,-53.450816,10196
4211058,Monte Carlo,SC,Videira,Caçador,-27.191362,-50.910285,9201
4211108,Monte Castelo,SC,Mafra,Joinville,-26.666000,-50.284650,7708
4211207,Morro da Fumaça,SC,Criciúma,Criciúma,-28.639067,-49.253100,19708
4211256,Morro Grande,SC,Criciúma,Criciúma,-28.716650,-49.753533,3108
4211306,Navegantes,SC,Itajaí,Blumenau,-26.833300,-48.734942,98421
4211405,Nova Erechim,SC,Chapecó,Chapecó,-26.917938,-52.891850,5553
4211454,Nova Itaberaba,SC,Chapecó,Chapecó,-26.962438,-52.821775,4696
4211504,Nova Trento,SC,Brusque,Blumenau,-27.295076,-49.035565,14536
4211603,Nova Veneza,SC,Criciúma,Criciúma,-28.701064,-49.597300,14042
4211652,Novo Horizonte,SC,São Lourenço do Oeste,Chapecó,-26.499780,-52.786387,2652
4211702,Orleans,SC,Criciúma,Criciúma,-28.290850,-49.356865,24901
4211751,Otacílio Costa,SC,Lages,Lages,-27.508764,-49.987532,17965
4211801,Ouro,SC,Joaçaba - Herval d'Oeste,Chapecó,-27.288538,-51.676562,7033
4211850,Ouro Verde,SC,Xanxerê,Chapecó,-26.712620,-52.290360,2188
4211876,Paial,SC,Chapecó,Chapecó,-27.220040,-52.480750,2022
4211892,Painel,SC,Lages,Lages,-27.976046,-50.065850,2201
4211900,Palhoça,SC,Florianópolis,Florianópolis,-27.767419,-48.667044,261287
4212007,Palma Sola,SC,São Miguel do Oeste,Chapecó,-26.381663,-53.303953,7684
4212056,Palmeira,SC,Lages,Lages,-27.550406,-50.177488,2675
4212106,Palmitos,SC,Chapecó,Chapecó,-27.091500,-53.167959,15750
4212205,Papanduva,SC,Mafra,Joinville,-26.533439,-50.167073,19869
4212239,Paraíso,SC,São Miguel do Oeste,Chapecó,-26.671118,-53.666745,4412
4212254,Passo de Torres,SC,Araranguá,Criciúma,-29.267011,-49.721700,15421
4212270,Passos Maia,SC,Xanxerê,Chapecó,-26.730884,-51.971704,3964
4212304,Paulo Lopes,SC,Florianópolis,Florianópolis,-27.971595,-48.754845,10093
4212403,Pedras Grandes,SC,Tubarão,Criciúma,-28.483900,-49.214500,4371
4212502,Penha,SC,Itajaí,Blumenau,-26.815957,-48.658914,37775
4212601,Peritiba,SC,Concórdia,Chapecó,-27.349500,-51.879644,3041
4212650,Pescaria Brava,SC,Tubarão,Criciúma,-28.394371,-48.885800,10696
4212700,Petrolândia,SC,Ituporanga,Blumenau,-27.551282,-49.690518,7041
4212809,Balneário Piçarras,SC,Itajaí,Blumenau,-26.747350,-48.732687,31604
4212908,Pinhalzinho,SC,Chapecó,Chapecó,-26.823408,-52.974123,24419
4213005,Pinheiro Preto,SC,Videira,Caçador,-27.050614,-51.247314,3662
4213104,Piratuba,SC,Concórdia,Chapecó,-27.457900,-51.770150,6233
4213153,Planalto Alegre,SC,Chapecó,Chapecó,-27.045922,-52.872100,3085
4213203,Pomerode,SC,Blumenau,Blumenau,-26.729020,-49.183767,37602
4213302,Ponte Alta,SC,Lages,Lages,-27.415263,-50.294013,4350
4213351,Ponte Alta do Norte,SC,Curitibanos,Lages,-27.176871,-50.410735,3234
4213401,Ponte Serrada,SC,Xanxerê,Chapecó,-26.869542,-51.923254,10708
4213500,Porto Belo,SC,Itajaí,Blumenau,-27.164685,-48.596454,32615
4213609,Porto União,SC,Mafra,Joinville,-26.382033,-51.007450,33657
4213708,Pouso Redondo,SC,Rio do Sul,Blumenau,-27.292047,-49.969706,18270
4213807,Praia Grande,SC,Araranguá,Criciúma,-29.202494,-49.991350,8788
4213906,Presidente Castello Branco,SC,Concórdia,Chapecó,-27.231750,-51.788063,1700
4214003,Presidente Getúlio,SC,Ibirama - Presidente Getúlio,Blumenau,-27.054544,-49.698056,22226
4214102,Presidente Nereu,SC,Rio do Sul,Blumenau,-27.252094,-49.329350,2349
4214151,Princesa,SC,São Miguel do Oeste,Chapecó,-26.435590,-53.630590,3080
4214201,Quilombo,SC,Chapecó,Chapecó,-26.727924,-52.700865,11502
4214300,Rancho Queimado,SC,Florianópolis,Florianópolis,-27.671940,-49.096247,3533
4214409,Rio das Antas,SC,Videira,Caçador,-26.905969,-51.077600,6405
4214508,Rio do Campo,SC,Rio do Sul,Blumenau,-26.898058,-50.108089,6663
4214607,Rio do Oeste,SC,Rio do Sul,Blumenau,-27.160908,-49.837508,8160
4214706,Rio dos Cedros,SC,Blumenau,Blumenau,-26.626143,-49.371200,11247
4214805,Rio do Sul,SC,Rio do Sul,Blumenau,-27.192385,-49.617685,78666
4214904,Rio Fortuna,SC,Tubarão,Criciúma,-28.086421,-49.198974,5081
4215000,Rio Negrinho,SC,São Bento do Sul - Rio Negrinho,Joinville,-26.453728,-49.596691,40096
4215059,Rio Rufino,SC,Lages,Lages,-27.912447,-49.758220,2426
4215075,Riqueza,SC,Chapecó,Chapecó,-26.991860,-53.346340,4821
4215109,Rodeio,SC,Blumenau,Blumenau,-26.906330,-49.354710,13665
4215208,Romelândia,SC,São Miguel do Oeste,Chapecó,-26.647764,-53.310671,4613
4215307,Salete,SC,Rio do Sul,Blumenau,-26.969285,-50.000954,7659
4215356,Saltinho,SC,Maravilha,Chapecó,-26.593991,-53.028600,3575
4215406,Salto Veloso,SC,Videira,Caçador,-26.885825,-51.435938,4508
4215455,Sangão,SC,Tubarão,Criciúma,-28.661343,-49.139943,14022
4215505,Santa Cecília,SC,Curitibanos,Lages,-26.915919,-50.476000,15734
4215554,Santa Helena,SC,São Miguel do Oeste,Chapecó,-26.922557,-53.619900,2480
4215604,Santa Rosa de Lima,SC,Tubarão,Criciúma,-28.014300,-49.174962,2137
4215653,Santa Rosa do Sul,SC,Araranguá,Criciúma,-29.109820,-49.749780,10595
4215679,Santa Terezinha,SC,Rio do Sul,Blumenau,-26.672579,-50.009611,7955
4215687,Santa Terezinha do Progresso,SC,Maravilha,Chapecó,-26.598490,-53.156250,2506
4215695,Santiago do Sul,SC,Chapecó,Chapecó,-26.623989,-52.702111,1749
4215703,Santo Amaro da Imperatriz,SC,Florianópolis,Florianópolis,-27.750100,-48.806232,30790
4215752,São Bernardino,SC,São Lourenço do Oeste,Chapecó,-26.497922,-52.978344,2715
4215802,São Bento do Sul,SC,São Bento do Sul - Rio Negrinho,Joinville,-26.306010,-49.357881,88401
4215901,São Bonifácio,SC,Florianópolis,Florianópolis,-27.948781,-48.934031,2977
4216008,São Carlos,SC,Chapecó,Chapecó,-27.046654,-53.037338,10413
4216057,São Cristóvão do Sul,SC,Curitibanos,Lages,-27.287675,-50.347550,6586
4216107,São Domingos,SC,Xanxerê,Chapecó,-26.549905,-52.558732,9330
4216206,São Francisco do Sul,SC,Joinville,Joinville,-26.279268,-48.638789,57649
4216255,São João do Oeste,SC,São Miguel do Oeste,Chapecó,-27.099100,-53.578367,6492
4216305,São João Batista,SC,Brusque,Blumenau,-27.330608,-48.862117,35926
4216354,São João do Itaperiú,SC,Joinville,Joinville,-26.602891,-48.796827,4920
4216404,São João do Sul,SC,Araranguá,Criciúma,-29.206547,-49.826967,9428
4216503,São Joaquim,SC,Lages,Lages,-28.308380,-50.052468,27109
4216602,São José,SC,Florianópolis,Florianópolis,-27.585036,-48.660914,301218
4216701,São José do Cedro,SC,São Miguel do Oeste,Chapecó,-26.489676,-53.541647,14597
4216800,São José do Cerrito,SC,Lages,Lages,-27.600078,-50.671591,8658
4216909,São Lourenço do Oeste,SC,São Lourenço do Oeste,Chapecó,-26.478470,-52.855730,26340
4217006,São Ludgero,SC,Tubarão,Criciúma,-28.364889,-49.152056,14667
4217105,São Martinho,SC,Tubarão,Criciúma,-28.119694,-48.971028,3539
4217154,São Miguel da Boa Vista,SC,Maravilha,Chapecó,-26.683590,-53.234570,1766
4217204,São Miguel do Oeste,SC,São Miguel do Oeste,Chapecó,-26.731900,-53.482833,48490
4217253,São Pedro de Alcântara,SC,Florianópolis,Florianópolis,-27.589237,-48.822862,6272
4217303,Saudades,SC,Chapecó,Chapecó,-26.887408,-53.034569,10922
4217402,Schroeder,SC,Joinville,Joinville,-26.356218,-49.073855,22098
4217501,Seara,SC,Concórdia,Chapecó,-27.147030,-52.361375,19633
4217550,Serra Alta,SC,Chapecó,Chapecó,-26.703700,-53.044763,3374
4217600,Siderópolis,SC,Criciúma,Criciúma,-28.580831,-49.492331,14223
4217709,Sombrio,SC,Araranguá,Criciúma,-29.071591,-49.669955,32040
4217758,Sul Brasil,SC,Chapecó,Chapecó,-26.714510,-52.941620,2907
4217808,Taió,SC,Rio do Sul,Blumenau,-27.075667,-50.093708,19003
4217907,Tangará,SC,Videira,Caçador,-27.144282,-51.153741,8100
4217956,Tigrinhos,SC,Maravilha,Chapecó,-26.676150,-53.158100,2589
4218004,Tijucas,SC,Itajaí,Blumenau,-27.266982,-48.694000,60560
4218103,Timbé do Sul,SC,Araranguá,Criciúma,-28.812169,-49.855031,5512
4218202,Timbó,SC,Blumenau,Blumenau,-26.815180,-49.265450,50613
4218251,Timbó Grande,SC,Caçador,Caçador,-26.634905,-50.654647,7536
4218301,Três Barras,SC,Mafra,Joinville,-26.165519,-50.271286,20674
4218350,Treviso,SC,Criciúma,Criciúma,-28.499100,-49.487011,3939
4218400,Treze de Maio,SC,Tubarão,Criciúma,-28.559838,-49.120425,7679
4218509,Treze Tílias,SC,Joaçaba - Herval d'Oeste,Chapecó,-26.954850,-51.441043,9749
4218608,Trombudo Central,SC,Rio do Sul,Blumenau,-27.317936,-49.818982,7661
4218707,Tubarão,SC,Tubarão,Criciúma,-28.484638,-49.038006,117924
4218756,Tunápolis,SC,São Miguel do Oeste,Chapecó,-26.983050,-53.634025,5108
4218806,Turvo,SC,Araranguá,Criciúma,-28.906523,-49.710362,13713
4218855,União do Oeste,SC,Chapecó,Chapecó,-26.791527,-52.863582,2784
4218905,Urubici,SC,Lages,Lages,-28.057917,-49.560572,11079
4218954,Urupema,SC,Lages,Lages,-28.032400,-49.914494,2771
4219002,Urussanga,SC,Criciúma,Criciúma,-28.506613,-49.327200,21539
4219101,Vargeão,SC,Xanxerê,Chapecó,-26.800000,-52.129537,3729
4219150,Vargem,SC,Joaçaba - Herval d'Oeste,Chapecó,-27.468506,-50.980676,2595
4219176,Vargem Bonita,SC,Joaçaba - Herval d'Oeste,Chapecó,-26.942487,-51.756933,4579
4219200,Vidal Ramos,SC,Ituporanga,Blumenau,-27.384224,-49.339619,6263
4219309,Videira,SC,Videira,Caçador,-26.988287,-51.139722,59839
4219358,Vitor Meireles,SC,Ibirama - Presidente Getúlio,Blumenau,-26.828646,-49.857423,5524
4219408,Witmarsum,SC,Ibirama - Presidente Getúlio,Blumenau,-26.943885,-49.862292,4569
4219507,Xanxerê,SC,Xanxerê,Chapecó,-26.865000,-52.422757,55573
4219606,Xavantina,SC,Xanxerê,Chapecó,-27.026122,-52.316467,3462
4219705,Xaxim,SC,Chapecó,Chapecó,-26.974946,-52.550800,35058
4219853,Zortéa,SC,Joaçaba - Herval d'Oeste,Chapecó,-27.467471,-51.528057,4342
4220000,Balneário Rincão,SC,Criciúma,Criciúma,-28.818571,-49.251771,18155
4300034,Aceguá,RS,Bagé,Pelotas,-31.659583,-54.111154,4251
4300059,Água Santa,RS,Tapejara - Sananduva,Passo Fundo,-28.228508,-52.047200,4003
4300109,Agudo,RS,Santa Maria,Santa Maria,-29.614082,-53.229311,16347
4300208,Ajuricaba,RS,Ijuí,Ijuí,-28.226053,-53.743607,6843
4300307,Alecrim,RS,Santa Rosa,Ijuí,-27.644122,-54.787956,6219
4300406,Alegrete,RS,Uruguaiana,Uruguaiana,-29.708883,-55.890263,74285
4300455,Alegria,RS,Três de Maio,Ijuí,-27.794238,-54.077223,3705
4300471,Almirante Tamandaré do Sul,RS,Carazinho,Passo Fundo,-28.123080,-52.919073,2007
4300505,Alpestre,RS,Nonoai,Passo Fundo,-27.204448,-53.044062,7235
4300554,Alto Alegre,RS,Passo Fundo,Passo Fundo,-28.804280,-52.991070,1837
4300570,Alto Feliz,RS,Caxias do Sul,Caxias do Sul,-29.374111,-51.304200,3145
4300604,Alvorada,RS,Porto Alegre,Porto Alegre,-29.999014,-51.040229,194061
4300638,Amaral Ferrador,RS,Camaquã,Porto Alegre,-30.813305,-52.296595,5384
4300646,Ametista do Sul,RS,Frederico Westphalen,Passo Fundo,-27.369640,-53.192400,7813
4300661,André da Rocha,RS,Nova Prata - Guaporé,Caxias do Sul,-28.583550,-51.499994,1156
4300703,Anta Gorda,RS,Encantado,Santa Cruz do Sul - Lajeado,-28.979031,-51.996969,6080
4300802,Antônio Prado,RS,Caxias do Sul,Caxias do Sul,-28.876611,-51.318805,13332
4300851,Arambaré,RS,Camaquã,Porto Alegre,-30.914520,-51.572885,4215
4300877,Araricá,RS,Novo Hamburgo - São Leopoldo,Porto Alegre,-29.641629,-50.927986,8831
4300901,Aratiba,RS,Erechim,Passo Fundo,-27.386632,-52.306747,6618
4301008,Arroio do Meio,RS,Lajeado,Santa Cruz do Sul - Lajeado,-29.362308,-51.956708,22524
4301057,Arroio do Sal,RS,Torres,Porto Alegre,-29.521783,-49.889967,11419
4301073,Arroio do Padre,RS,Pelotas,Pelotas,-31.448971,-52.393629,2650
4301107,Arroio dos Ratos,RS,Porto Alegre,Porto Alegre,-30.157884,-51.729737,14934
4301206,Arroio do Tigre,RS,Sobradinho,Santa Cruz do Sul - Lajeado,-29.256565,-53.057488,12290
4301305,Arroio Grande,RS,Pelotas,Pelotas,-32.187375,-52.872452,17879
4301404,Arvorezinha,RS,Soledade,Passo Fundo,-28.859893,-52.146227,10547
4301503,Augusto Pestana,RS,Ijuí,Ijuí,-28.531640,-54.011107,7303
4301552,Áurea,RS,Erechim,Passo Fundo,-27.710445,-52.067009,3458
4301602,Bagé,RS,Bagé,Pelotas,-31.266143,-54.051168,121929
4301636,Balneário Pinhal,RS,Tramandaí - Osório,Porto Alegre,-30.213936,-50.288227,15413
4301651,Barão,RS,Bento Gonçalves,Caxias do Sul,-29.398592,-51.518346,6496
4301701,Barão de Cotegipe,RS,Erechim,Passo Fundo,-27.552491,-52.436764,7320
4301750,Barão do Triunfo,RS,Porto Alegre,Porto Alegre,-30.412130,-51.792839,5972
4301800,Barracão,RS,Lagoa Vermelha,Passo Fundo,-27.734700,-51.445215,4915
4301859,Barra do Guarita,RS,Três Passos,Ijuí,-27.207740,-53.753950,3231
4301875,Barra do Quaraí,RS,Uruguaiana,Uruguaiana,-30.162864,-57.368780,4340
4301909,Barra do Ribeiro,RS,Porto Alegre,Porto Alegre,-30.372184,-51.332864,12476
4301925,Barra do Rio Azul,RS,Erechim,Passo Fundo,-27.399769,-52.404900,1721
4301958,Barra Funda,RS,Carazinho,Passo Fundo,-27.916986,-53.021071,2557
4302006,Barros Cassal,RS,Soledade,Passo Fundo,-29.132912,-52.592412,9424
4302055,Benjamin Constant do Sul,RS,Erechim,Passo Fundo,-27.480846,-52.656546,2118
4302105,Bento Gonçalves,RS,Bento Gonçalves,Caxias do Sul,-29.127382,-51.567171,127980
4302154,Boa Vista das Missões,RS,Frederico Westphalen,Passo Fundo,-27.686457,-53.323450,1968
4302204,Boa Vista do Buricá,RS,Três de Maio,Ijuí,-27.673373,-54.098355,7129
4302220,Boa Vista do Cadeado,RS,Cruz Alta,Passo Fundo,-28.623844,-53.825785,2269
4302238,Boa Vista do Incra,RS,Cruz Alta,Passo Fundo,-28.872629,-53.460533,2314
4302253,Boa Vista do Sul,RS,Bento Gonçalves,Caxias do Sul,-29.360221,-51.669679,2815
4302303,Bom Jesus,RS,Vacaria,Caxias do Sul,-28.571414,-50.456881,11429
4302352,Bom Princípio,RS,Novo Hamburgo - São Leopoldo,Porto Alegre,-29.466680,-51.363450,13665
4302378,Bom Progresso,RS,Três Passos,Ijuí,-27.546600,-53.850433,2132
4302402,Bom Retiro do Sul,RS,Lajeado,Santa Cruz do Sul - Lajeado,-29.625150,-51.929925,12587
4302451,Boqueirão do Leão,RS,Lajeado,Santa Cruz do Sul - Lajeado,-29.311473,-52.420947,6202
4302501,Bossoroca,RS,São Luiz Gonzaga,Ijuí,-28.638305,-54.983984,5978
4302584,Bozano,RS,Ijuí,Ijuí,-28.352458,-53.744900,2195
4302600,Braga,RS,Três Passos,Ijuí,-27.593591,-53.748655,3322
4302659,Brochier,RS,Montenegro,Porto Alegre,-29.537110,-51.629520,5083
4302709,Butiá,RS,Charqueadas - Triunfo - São Jerônimo,Porto Alegre,-30.161428,-51.994863,19421
4302808,Caçapava do Sul,RS,São Gabriel - Caçapava do Sul,Santa Maria,-30.594092,-53.449345,33501
4302907,Cacequi,RS,Santa Maria,Santa Maria,-29.919921,-54.806560,11299
4303004,Cachoeira do Sul,RS,Cachoeira do Sul,Santa Maria,-30.204661,-52.974332,82222
4303103,Cachoeirinha,RS,Porto Alegre,Porto Alegre,-29.915989,-51.101378,141506
4303202,Cacique Doble,RS,Lagoa Vermelha,Passo Fundo,-27.802194,-51.684087,4692
4303301,Caibaté,RS,São Luiz Gonzaga,Ijuí,-28.335382,-54.661688,4795
4303400,Caiçara,RS,Frederico Westphalen,Passo Fundo,-27.237058,-53.469858,4931
4303509,Camaquã,RS,Camaquã,Porto Alegre,-30.911536,-51.829410,63961
4303558,Camargo,RS,Marau,Passo Fundo,-28.622410,-52.225840,3060
4303608,Cambará do Sul,RS,Caxias do Sul,Caxias do Sul,-29.048179,-50.160952,6490
4303673,Campestre da Serra,RS,Caxias do Sul,Caxias do Sul,-28.723065,-51.111304,3311
4303707,Campina das Missões,RS,Santa Rosa,Ijuí,-27.964994,-54.822900,5999
4303806,Campinas do Sul,RS,Erechim,Passo Fundo,-27.719467,-52.649667,5388
4303905,Campo Bom,RS,Novo Hamburgo - São Leopoldo,Porto Alegre,-29.665320,-51.052690,64720
4304002,Campo Novo,RS,Três Passos,Ijuí,-27.669229,-53.833621,5063
4304101,Campos Borges,RS,Passo Fundo,Passo Fundo,-28.916207,-53.041240,3695
4304200,Candelária,RS,Santa Cruz do Sul,Santa Cruz do Sul - Lajeado,-29.710985,-52.776054,29775
4304309,Cândido Godói,RS,Santa Rosa,Ijuí,-27.926254,-54.730108,6419
4304358,Candiota,RS,Bagé,Pelotas,-31.587970,-53.750367,11012
4304408,Canela,RS,Caxias do Sul,Caxias do Sul,-29.347565,-50.775429,50717
4304507,Canguçu,RS,Pelotas,Pelotas,-31.226012,-52.656100,50968
4304606,Canoas,RS,Porto Alegre,Porto Alegre,-29.916800,-51.174937,359845
4304614,Canudos do Vale,RS,Lajeado,Santa Cruz do Sul - Lajeado,-29.324787,-52.247400,1686
4304622,Capão Bonito do Sul,RS,Lagoa Vermelha,Passo Fundo,-28.156283,-51.380009,1769
4304630,Capão da Canoa,RS,Tramandaí - Osório,Porto Alegre,-29.699543,-50.012786,66237
4304655,Capão do Cipó,RS,Santiago,Santa Maria,-28.949055,-54.601621,3187
4304663,Capão do Leão,RS,Pelotas,Pelotas,-31.855809,-52.540677,27416
4304671,Capivari do Sul,RS,Porto Alegre,Porto Alegre,-30.163759,-50.510818,4080
4304689,Capela de Santana,RS,Novo Hamburgo - São Leopoldo,Porto Alegre,-29.710179,-51.361407,11424
4304697,Capitão,RS,Lajeado,Santa Cruz do Sul - Lajeado,-29.289775,-51.990075,2994
4304705,Carazinho,RS,Carazinho,Passo Fundo,-28.267354,-52.861850,63671
4304713,Caraá,RS,Porto Alegre,Porto Alegre,-29.757362,-50.343077,7555
4304804,Carlos Barbosa,RS,Bento Gonçalves,Caxias do Sul,-29.320956,-51.493294,31586
4304853,Carlos Gomes,RS,Erechim,Passo Fundo,-27.708288,-51.936975,1384
4304903,Casca,RS,Marau,Passo Fundo,-28.589200,-51.975806,9698
4304952,Caseiros,RS,Lagoa Vermelha,Passo Fundo,-28.248280,-51.762215,3064
4305009,Catuípe,RS,Ijuí,Ijuí,-28.173015,-54.038731,8834
4305108,Caxias do Sul,RS,Caxias do Sul,Caxias do Sul,-29.095933,-51.030198,479604
4305116,Centenário,RS,Erechim,Passo Fundo,-27.765073,-51.996155,2777
4305124,Cerrito,RS,Pelotas,Pelotas,-31.753158,-52.774932,5909
4305132,Cerro Branco,RS,Cachoeira do Sul,Santa Maria,-29.633511,-53.009478,3859
4305157,Cerro Grande,RS,Palmeira das Missões,Passo Fundo,-27.628791,-53.148245,2428
4305173,Cerro Grande do Sul,RS,Camaquã,Porto Alegre,-30.586860,-51.761307,9333
4305207,Cerro Largo,RS,Cerro Largo,Ijuí,-28.142100,-54.737550,14015
4305306,Chapada,RS,Carazinho,Passo Fundo,-28.100619,-53.123281,9751
4305355,Charqueadas,RS,Charqueadas - Triunfo - São Jerônimo,Porto Alegre,-30.001092,-51.551362,36110
4305371,Charrua,RS,Tapejara - Sananduva,Passo Fundo,-27.951667,-51.994175,2800
4305405,Chiapetta,RS,Ijuí,Ijuí,-28.003688,-53.912176,3991
4305439,Chuí,RS,Pelotas,Pelotas,-33.658850,-53.432275,6409
4305447,Chuvisca,RS,Camaquã,Porto Alegre,-30.783486,-52.008871,4682
4305454,Cidreira,RS,Tramandaí - Osório,Porto Alegre,-30.114993,-50.272227,17584
4305504,Ciríaco,RS,Marau,Passo Fundo,-28.350006,-51.907478,4208
4305587,Colinas,RS,Lajeado,Santa Cruz do Sul - Lajeado,-29.388680,-51.880280,2474
4305603,Colorado,RS,Carazinho,Passo Fundo,-28.473369,-52.995812,3316
4305702,Condor,RS,Ijuí,Ijuí,-28.162228,-53.481394,6538
4305801,Constantina,RS,Carazinho,Passo Fundo,-27.681365,-52.995606,10631
4305835,Coqueiro Baixo,RS,Lajeado,Santa Cruz do Sul - Lajeado,-29.171322,-52.130789,1308
4305850,Coqueiros do Sul,RS,Carazinho,Passo Fundo,-28.126583,-52.768608,2248
4305871,Coronel Barros,RS,Ijuí,Ijuí,-28.415193,-54.067257,2896
4305900,Coronel Bicaco,RS,Ijuí,Ijuí,-27.780333,-53.665606,6214
4305934,Coronel Pilar,RS,Bento Gonçalves,Caxias do Sul,-29.267909,-51.724418,1637
4305959,Cotiporã,RS,Bento Gonçalves,Caxias do Sul,-29.016383,-51.689275,3926
4305975,Coxilha,RS,Passo Fundo,Passo Fundo,-28.117033,-52.343600,2718
4306007,Crissiumal,RS,Três Passos,Ijuí,-27.496913,-54.143894,13116
4306056,Cristal,RS,Camaquã,Porto Alegre,-31.014326,-52.021181,7455
4306072,Cristal do Sul,RS,Frederico Westphalen,Passo Fundo,-27.438567,-53.246511,2745
4306106,Cruz Alta,RS,Cruz Alta,Passo Fundo,-28.712173,-53.551400,60453
4306130,Cruzaltense,RS,Erechim,Passo Fundo,-27.630420,-52.655600,1650
4306205,Cruzeiro do Sul,RS,Lajeado,Santa Cruz do Sul - Lajeado,-29.548175,-52.040558,12574
4306304,David Canabarro,RS,Marau,Passo Fundo,-28.419058,-51.815450,4400
4306320,Derrubadas,RS,Três Passos,Ijuí,-27.240405,-53.918047,2793
4306353,Dezesseis de Novembro,RS,São Luiz Gonzaga,Ijuí,-28.186060,-55.089200,2540
4306379,Dilermando de Aguiar,RS,Santa Maria,Santa Maria,-29.842729,-54.149771,2856
4306403,Dois Irmãos,RS,Novo Hamburgo - São Leopoldo,Porto Alegre,-29.613771,-51.091771,31805
4306429,Dois Irmãos das Missões,RS,Palmeira das Missões,Passo Fundo,-27.673887,-53.484493,2132
4306452,Dois Lajeados,RS,Nova Prata - Guaporé,Caxias do Sul,-28.976967,-51.844578,3156
4306502,Dom Feliciano,RS,Camaquã,Porto Alegre,-30.621725,-52.187106,13279
4306551,Dom Pedro de Alcântara,RS,Torres,Porto Alegre,-29.371544,-49.848611,2617
4306601,Dom Pedrito,RS,Bagé,Pelotas,-31.018852,-54.605565,38080
4306700,Dona Francisca,RS,Santa Maria,Santa Maria,-29.579136,-53.348545,3133
4306734,Doutor Maurício Cardoso,RS,Três de Maio,Ijuí,-27.489475,-54.376456,4533
4306759,Doutor Ricardo,RS,Encantado,Santa Cruz do Sul - Lajeado,-29.083345,-51.978982,1924
4306767,Eldorado do Sul,RS,Porto Alegre,Porto Alegre,-30.076742,-51.484629,41013
4306809,Encantado,RS,Encantado,Santa Cruz do Sul - Lajeado,-29.215100,-51.926225,23521
4306908,Encruzilhada do Sul,RS,Santa Cruz do Sul,Santa Cruz do Sul - Lajeado,-30.572683,-52.645220,24275
4306924,Engenho Velho,RS,Carazinho,Passo Fundo,-27.680570,-52.910670,1315
4306932,Entre-Ijuís,RS,Santo Ângelo,Ijuí,-28.460004,-54.288830,9368
4306957,Entre Rios do Sul,RS,Erechim,Passo Fundo,-27.524618,-52.732945,2727
4306973,Erebango,RS,Erechim,Passo Fundo,-27.816900,-52.317767,3122
4307005,Erechim,RS,Erechim,Passo Fundo,-27.661400,-52.261347,109610
4307054,Ernestina,RS,Passo Fundo,Passo Fundo,-28.438607,-52.565807,3097
4307104,Herval,RS,Pelotas,Pelotas,-32.006323,-53.347669,6302
4307203,Erval Grande,RS,Erechim,Passo Fundo,-27.366465,-52.584929,5027
4307302,Erval Seco,RS,Frederico Westphalen,Passo Fundo,-27.507362,-53.532676,6891
4307401,Esmeralda,RS,Vacaria,Caxias do Sul,-28.016590,-51.199319,3264
4307450,Esperança do Sul,RS,Três Passos,Ijuí,-27.329400,-54.017208,3293
4307500,Espumoso,RS,Passo Fundo,Passo Fundo,-28.835800,-52.872681,15478
4307559,Estação,RS,Erechim,Passo Fundo,-27.937433,-52.290911,5685
4307609,Estância Velha,RS,Novo Hamburgo - São Leopoldo,Porto Alegre,-29.656038,-51.184088,49500
4307708,Esteio,RS,Porto Alegre,Porto Alegre,-29.857860,-51.173760,78143
4307807,Estrela,RS,Lajeado,Santa Cruz do Sul - Lajeado,-29.494008,-51.916925,33263
4307815,Estrela Velha,RS,Sobradinho,Santa Cruz do Sul - Lajeado,-29.238418,-53.175106,3115
4307831,Eugênio de Castro,RS,Santo Ângelo,Ijuí,-28.567522,-54.254894,2683
4307864,Fagundes Varela,RS,Bento Gonçalves,Caxias do Sul,-28.881383,-51.718117,2620
4307906,Farroupilha,RS,Caxias do Sul,Caxias do Sul,-29.209500,-51.379705,72553
4308003,Faxinal do Soturno,RS,Santa Maria,Santa Maria,-29.552623,-53.469500,6846
4308052,Faxinalzinho,RS,Erechim,Passo Fundo,-27.388582,-52.671027,2572
4308078,Fazenda Vilanova,RS,Lajeado,Santa Cruz do Sul - Lajeado,-29.592100,-51.845944,4405
4308102,Feliz,RS,Caxias do Sul,Caxias do Sul,-29.449918,-51.273900,13994
4308201,Flores da Cunha,RS,Caxias do Sul,Caxias do Sul,-29.037907,-51.231729,32015
4308250,Floriano Peixoto,RS,Erechim,Passo Fundo,-27.857023,-52.044754,1690
4308300,Fontoura Xavier,RS,Soledade,Passo Fundo,-29.038539,-52.367606,9710
4308409,Formigueiro,RS,Santa Maria,Santa Maria,-29.970215,-53.487910,6527
4308433,Forquetinha,RS,Lajeado,Santa Cruz do Sul - Lajeado,-29.390840,-52.135290,2441
4308458,Fortaleza dos Valos,RS,Cruz Alta,Passo Fundo,-28.916555,-53.318306,4569
4308508,Frederico Westphalen,RS,Frederico Westphalen,Passo Fundo,-27.343443,-53.354207,33726
4308607,Garibaldi,RS,Bento Gonçalves,Caxias do Sul,-29.253164,-51.591309,35563
4308656,Garruchos,RS,São Luiz Gonzaga,Ijuí,-28.244382,-55.545250,2724
4308706,Gaurama,RS,Erechim,Passo Fundo,-27.598283,-52.114167,5778
4308805,General Câmara,RS,Charqueadas - Triunfo - São Jerônimo,Porto Alegre,-29.855833,-51.898305,7743
4308854,Gentil,RS,Marau,Passo Fundo,-28.376950,-52.057350,1784
4308904,Getúlio Vargas,RS,Erechim,Passo Fundo,-27.868475,-52.176363,16956
4309001,Giruá,RS,Santo Ângelo,Ijuí,-28.022600,-54.320039,16273
4309050,Glorinha,RS,Porto Alegre,Porto Alegre,-29.876513,-50.756120,7851
4309100,Gramado,RS,Caxias do Sul,Caxias do Sul,-29.394931,-50.886975,41706
4309126,Gramado dos Loureiros,RS,Nonoai,Passo Fundo,-27.453190,-52.913980,2047
4309159,Gramado Xavier,RS,Santa Cruz do Sul,Santa Cruz do Sul - Lajeado,-29.298370,-52.598040,3350
4309209,Gravataí,RS,Porto Alegre,Porto Alegre,-29.897388,-50.929529,275432
4309258,Guabiju,RS,Nova Prata - Guaporé,Caxias do Sul,-28.592680,-51.659970,1441
4309308,Guaíba,RS,Porto Alegre,Porto Alegre,-30.181875,-51.432437,95946
4309407,Guaporé,RS,Nova Prata - Guaporé,Caxias do Sul,-28.858622,-51.891806,26168
4309506,Guarani das Missões,RS,Santo Ângelo,Ijuí,-28.186715,-54.590662,7547
4309555,Harmonia,RS,Novo Hamburgo - São Leopoldo,Porto Alegre,-29.549886,-51.429371,5535
4309571,Herveiras,RS,Santa Cruz do Sul,Santa Cruz do Sul - Lajeado,-29.457689,-52.680444,2604
4309605,Horizontina,RS,Três de Maio,Ijuí,-27.601573,-54.299709,19252
4309654,Hulha Negra,RS,Bagé,Pelotas,-31.479323,-53.891250,6102
4309704,Humaitá,RS,Três Passos,Ijuí,-27.583117,-53.988417,4772
4309753,Ibarama,RS,Sobradinho,Santa Cruz do Sul - Lajeado,-29.413469,-53.177062,3787
4309803,Ibiaçá,RS,Tapejara - Sananduva,Passo Fundo,-28.103532,-51.783111,4617
4309902,Ibiraiaras,RS,Lagoa Vermelha,Passo Fundo,-28.385495,-51.627740,6827
4309951,Ibirapuitã,RS,Soledade,Passo Fundo,-28.618907,-52.463533,3788
4310009,Ibirubá,RS,Cruz Alta,Passo Fundo,-28.581021,-53.186642,22106
4310108,Igrejinha,RS,Taquara - Parobé - Igrejinha,Porto Alegre,-29.559262,-50.788115,34777
4310207,Ijuí,RS,Ijuí,Ijuí,-28.320229,-53.902150,87849
4310306,Ilópolis,RS,Encantado,Santa Cruz do Sul - Lajeado,-28.930589,-52.143589,4245
4310330,Imbé,RS,Tramandaí - Osório,Porto Alegre,-29.938186,-50.121929,28029
4310363,Imigrante,RS,Lajeado,Santa Cruz do Sul - Lajeado,-29.346836,-51.765118,3149
4310405,Independência,RS,Três de Maio,Ijuí,-27.887220,-54.194487,6557
4310413,Inhacorá,RS,Ijuí,Ijuí,-27.911309,-54.026400,2047
4310439,Ipê,RS,Caxias do Sul,Caxias do Sul,-28.729440,-51.297330,5490
4310462,Ipiranga do Sul,RS,Erechim,Passo Fundo,-27.930475,-52.426750,1748
4310504,Iraí,RS,Frederico Westphalen,Passo Fundo,-27.255550,-53.245210,7631
4310538,Itaara,RS,Santa Maria,Santa Maria,-29.567209,-53.768127,5712
4310553,Itacurubi,RS,Santiago,Santa Maria,-28.813489,-55.244061,3038
4310579,Itapuca,RS,Soledade,Passo Fundo,-28.770200,-52.197973,1963
4310603,Itaqui,RS,São Borja,Uruguaiana,-29.222351,-56.120965,36811
4310652,Itati,RS,Tramandaí - Osório,Porto Alegre,-29.424983,-50.161483,2696
4310702,Itatiba do Sul,RS,Erechim,Passo Fundo,-27.336731,-52.478931,3240
4310751,Ivorá,RS,Santa Maria,Santa Maria,-29.518920,-53.562600,1962
4310801,Ivoti,RS,Novo Hamburgo - São Leopoldo,Porto Alegre,-29.587587,-51.156800,23567
4310850,Jaboticaba,RS,Frederico Westphalen,Passo Fundo,-27.617714,-53.271779,3847
4310876,Jacuizinho,RS,Cruz Alta,Passo Fundo,-29.052959,-53.014753,2066
4310900,Jacutinga,RS,Erechim,Passo Fundo,-27.770467,-52.533367,3398
4311007,Jaguarão,RS,Pelotas,Pelotas,-32.422773,-53.316705,27396
4311106,Jaguari,RS,Santa Maria,Santa Maria,-29.457379,-54.633989,10771
4311122,Jaquirana,RS,Vacaria,Caxias do Sul,-28.954829,-50.331800,3751
4311130,Jari,RS,Santa Maria,Santa Maria,-29.284285,-54.276842,3412
4311155,Jóia,RS,Ijuí,Ijuí,-28.773314,-54.142410,7294
4311205,Júlio de Castilhos,RS,Santa Maria,Santa Maria,-29.292013,-53.605971,18545
4311239,Lagoa Bonita do Sul,RS,Sobradinho,Santa Cruz do Sul - Lajeado,-29.507300,-53.036775,2283
4311254,Lagoão,RS,Sobradinho,Santa Cruz do Sul - Lajeado,-29.244853,-52.793400,5421
4311270,Lagoa dos Três Cantos,RS,Passo Fundo,Passo Fundo,-28.572108,-52.842323,1781
4311304,Lagoa Vermelha,RS,Lagoa Vermelha,Passo Fundo,-28.219322,-51.492886,28622
4311403,Lajeado,RS,Lajeado,Santa Cruz do Sul - Lajeado,-29.441100,-52.015890,96883
4311429,Lajeado do Bugre,RS,Palmeira das Missões,Passo Fundo,-27.697767,-53.206189,2661
4311502,Lavras do Sul,RS,São Gabriel - Caçapava do Sul,Santa Maria,-30.744755,-54.170207,7290
4311601,Liberato Salzano,RS,Frederico Westphalen,Passo Fundo,-27.564027,-53.046547,4845
4311627,Lindolfo Collor,RS,Novo Hamburgo - São Leopoldo,Porto Alegre,-29.589633,-51.216350,6420
4311643,Linha Nova,RS,Novo Hamburgo - São Leopoldo,Porto Alegre,-29.452471,-51.216257,1721
4311700,Machadinho,RS,Lagoa Vermelha,Passo Fundo,-27.589095,-51.682942,5867
4311718,Maçambará,RS,São Borja,Uruguaiana,-29.073081,-55.678990,4485
4311734,Mampituba,RS,Torres,Porto Alegre,-29.264436,-49.975236,3203
4311759,Manoel Viana,RS,Uruguaiana,Uruguaiana,-29.404994,-55.580624,6915
4311775,Maquiné,RS,Tramandaí - Osório,Porto Alegre,-29.635471,-50.217219,7593
4311791,Maratá,RS,Montenegro,Porto Alegre,-29.559829,-51.542957,2521
4311809,Marau,RS,Marau,Passo Fundo,-28.466145,-52.261727,46750
4311908,Marcelino Ramos,RS,Erechim,Passo Fundo,-27.467125,-51.958219,4382
4311981,Mariana Pimentel,RS,Porto Alegre,Porto Alegre,-30.314941,-51.596259,4002
4312005,Mariano Moro,RS,Erechim,Passo Fundo,-27.364167,-52.165200,1884
4312054,Marques de Souza,RS,Lajeado,Santa Cruz do Sul - Lajeado,-29.305993,-52.132780,4050
4312104,Mata,RS,Santa Maria,Santa Maria,-29.535980,-54.454040,4782
4312138,Mato Castelhano,RS,Passo Fundo,Passo Fundo,-28.271286,-52.188629,2611
4312153,Mato Leitão,RS,Santa Cruz do Sul,Santa Cruz do Sul - Lajeado,-29.523657,-52.131857,5001
4312179,Mato Queimado,RS,Cerro Largo,Ijuí,-28.248482,-54.661109,1833
4312203,Maximiliano de Almeida,RS,Tapejara - Sananduva,Passo Fundo,-27.596245,-51.811736,4251
4312252,Minas do Leão,RS,Charqueadas - Triunfo - São Jerônimo,Porto Alegre,-30.055026,-52.071247,7661
4312302,Miraguaí,RS,Três Passos,Ijuí,-27.508625,-53.739238,4501
4312351,Montauri,RS,Nova Prata - Guaporé,Caxias do Sul,-28.663957,-52.061557,1530
4312377,Monte Alegre dos Campos,RS,Vacaria,Caxias do Sul,-28.706455,-50.807645,3251
4312385,Monte Belo do Sul,RS,Bento Gonçalves,Caxias do Sul,-29.129550,-51.664325,2608
4312401,Montenegro,RS,Montenegro,Porto Alegre,-29.705876,-51.497381,66353
4312427,Mormaço,RS,Soledade,Passo Fundo,-28.677640,-52.670400,2796
4312443,Morrinhos do Sul,RS,Torres,Porto Alegre,-29.334308,-49.954825,3133
4312450,Morro Redondo,RS,Pelotas,Pelotas,-31.649777,-52.637277,6168
4312476,Morro Reuter,RS,Novo Hamburgo - São Leopoldo,Porto Alegre,-29.521258,-51.042283,6167
4312500,Mostardas,RS,Porto Alegre,Porto Alegre,-30.937290,-50.849259,12347
4312609,Muçum,RS,Encantado,Santa Cruz do Sul - Lajeado,-29.137477,-51.827569,4692
4312617,Muitos Capões,RS,Vacaria,Caxias do Sul,-28.381579,-51.240354,2937
4312625,Muliterno,RS,Marau,Passo Fundo,-28.313183,-51.783017,1754
4312658,Não-Me-Toque,RS,Carazinho,Passo Fundo,-28.474933,-52.840767,18335
4312674,Nicolau Vergueiro,RS,Passo Fundo,Passo Fundo,-28.534067,-52.454792,1982
4312708,Nonoai,RS,Nonoai,Passo Fundo,-27.360909,-52.872685,14074
4312757,Nova Alvorada,RS,Marau,Passo Fundo,-28.686510,-52.166280,3229
4312807,Nova Araçá,RS,Nova Prata - Guaporé,Caxias do Sul,-28.654740,-51.764100,5098
4312906,Nova Bassano,RS,Nova Prata - Guaporé,Caxias do Sul,-28.729022,-51.754456,9867
4312955,Nova Boa Vista,RS,Carazinho,Passo Fundo,-28.001400,-52.975643,2089
4313003,Nova Bréscia,RS,Encantado,Santa Cruz do Sul - Lajeado,-29.221260,-52.023740,3104
4313011,Nova Candelária,RS,Três de Maio,Ijuí,-27.598610,-54.128660,3138
4313037,Nova Esperança do Sul,RS,Santiago,Santa Maria,-29.403317,-54.826492,4976
4313060,Nova Hartz,RS,Novo Hamburgo - São Leopoldo,Porto Alegre,-29.588560,-50.905710,20559
4313086,Nova Pádua,RS,Caxias do Sul,Caxias do Sul,-28.989413,-51.316113,2389
4313102,Nova Palma,RS,Santa Maria,Santa Maria,-29.437494,-53.406456,5676
4313201,Nova Petrópolis,RS,Caxias do Sul,Caxias do Sul,-29.376932,-51.099058,23934
4313300,Nova Prata,RS,Nova Prata - Guaporé,Caxias do Sul,-28.754123,-51.626638,26638
4313334,Nova Ramada,RS,Ijuí,Ijuí,-28.072775,-53.719200,2198
4313359,Nova Roma do Sul,RS,Caxias do Sul,Caxias do Sul,-29.013700,-51.399109,3545
4313375,Nova Santa Rita,RS,Porto Alegre,Porto Alegre,-29.844553,-51.290300,30190
4313391,Novo Cabrais,RS,Cachoeira do Sul,Santa Maria,-29.776415,-53.001877,3633
4313409,Novo Hamburgo,RS,Novo Hamburgo - São Leopoldo,Porto Alegre,-29.716122,-51.081228,235801
4313425,Novo Machado,RS,Santa Rosa,Ijuí,-27.543353,-54.530720,3238
4313441,Novo Tiradentes,RS,Frederico Westphalen,Passo Fundo,-27.574611,-53.170522,2187
4313466,Novo Xingu,RS,Carazinho,Passo Fundo,-27.750482,-53.061373,1677
4313490,Novo Barreiro,RS,Palmeira das Missões,Passo Fundo,-27.896325,-53.110992,4375
4313508,Osório,RS,Tramandaí - Osório,Porto Alegre,-29.916031,-50.251527,49000
4313607,Paim Filho,RS,Tapejara - Sananduva,Passo Fundo,-27.722236,-51.765173,3685
4313656,Palmares do Sul,RS,Porto Alegre,Porto Alegre,-30.355546,-50.516246,13190
4313706,Palmeira das Missões,RS,Palmeira das Missões,Passo Fundo,-27.955283,-53.358864,34227
4313805,Palmitinho,RS,Frederico Westphalen,Passo Fundo,-27.325167,-53.590792,8042
4313904,Panambi,RS,Ijuí,Ijuí,-28.348955,-53.556350,45103
4313953,Pantano Grande,RS,Santa Cruz do Sul,Santa Cruz do Sul - Lajeado,-30.264115,-52.355758,10443
4314001,Paraí,RS,Nova Prata - Guaporé,Caxias do Sul,-28.595140,-51.797160,7362
4314027,Paraíso do Sul,RS,Cachoeira do Sul,Santa Maria,-29.680224,-53.115729,6620
4314035,Pareci Novo,RS,Montenegro,Porto Alegre,-29.622217,-51.421167,4441
4314050,Parobé,RS,Taquara - Parobé - Igrejinha,Porto Alegre,-29.660991,-50.854364,53569
4314068,Passa Sete,RS,Sobradinho,Santa Cruz do Sul - Lajeado,-29.420793,-52.858633,4024
4314076,Passo do Sobrado,RS,Santa Cruz do Sul,Santa Cruz do Sul - Lajeado,-29.747807,-52.224664,6155
4314100,Passo Fundo,RS,Passo Fundo,Passo Fundo,-28.282170,-52.426673,214815
4314134,Paulo Bento,RS,Erechim,Passo Fundo,-27.709792,-52.396425,2188
4314159,Paverama,RS,Lajeado,Santa Cruz do Sul - Lajeado,-29.579386,-51.721807,8146
4314175,Pedras Altas,RS,Bagé,Pelotas,-31.831575,-53.706841,2099
4314209,Pedro Osório,RS,Pelotas,Pelotas,-31.955122,-52.904250,7631
4314308,Pejuçara,RS,Ijuí,Ijuí,-28.455279,-53.591405,3817
4314407,Pelotas,RS,Pelotas,Pelotas,-31.543295,-52.317208,336150
4314423,Picada Café,RS,Caxias do Sul,Caxias do Sul,-29.463142,-51.093633,5473
4314456,Pinhal,RS,Frederico Westphalen,Passo Fundo,-27.529988,-53.239425,3039
4314464,Pinhal da Serra,RS,Vacaria,Caxias do Sul,-27.845630,-51.237650,2300
4314472,Pinhal Grande,RS,Santa Maria,Santa Maria,-29.293200,-53.325061,3861
4314498,Pinheirinho do Vale,RS,Frederico Westphalen,Passo Fundo,-27.213825,-53.648067,4638
4314506,Pinheiro Machado,RS,Bagé,Pelotas,-31.397706,-53.409946,11394
4314548,Pinto Bandeira,RS,Bento Gonçalves,Caxias do Sul,-29.094213,-51.455125,2785
4314555,Pirapó,RS,São Luiz Gonzaga,Ijuí,-28.076253,-55.242829,2255
4314605,Piratini,RS,Pelotas,Pelotas,-31.457396,-53.091902,17770
4314704,Planalto,RS,Nonoai,Passo Fundo,-27.351853,-53.088420,10625
4314753,Poço das Antas,RS,Lajeado,Santa Cruz do Sul - Lajeado,-29.444556,-51.640900,2224
4314779,Pontão,RS,Passo Fundo,Passo Fundo,-28.041579,-52.669347,3345
4314787,Ponte Preta,RS,Erechim,Passo Fundo,-27.665173,-52.520182,1602
4314803,Portão,RS,Novo Hamburgo - São Leopoldo,Porto Alegre,-29.699393,-51.246971,35274
4314902,Porto Alegre,RS,Porto Alegre,Porto Alegre,-30.085939,-51.164543,1388791
4315008,Porto Lucena,RS,Santa Rosa,Ijuí,-27.848514,-54.956486,4413
4315057,Porto Mauá,RS,Santa Rosa,Ijuí,-27.579830,-54.660520,2173
4315073,Porto Vera Cruz,RS,Santa Rosa,Ijuí,-27.751783,-54.901108,1582
4315107,Porto Xavier,RS,Cerro Largo,Ijuí,-27.924500,-55.144400,10127
4315131,Pouso Novo,RS,Lajeado,Santa Cruz do Sul - Lajeado,-29.168600,-52.217858,1771
4315149,Presidente Lucena,RS,Novo Hamburgo - São Leopoldo,Porto Alegre,-29.527925,-51.167475,3166
4315156,Progresso,RS,Lajeado,Santa Cruz do Sul - Lajeado,-29.220075,-52.317250,5423
4315172,Protásio Alves,RS,Nova Prata - Guaporé,Caxias do Sul,-28.743050,-51.486270,2070
4315206,Putinga,RS,Encantado,Santa Cruz do Sul - Lajeado,-29.051667,-52.136983,3809
4315305,Quaraí,RS,Santana do Livramento,Uruguaiana,-30.263930,-56.152854,23995
4315313,Quatro Irmãos,RS,Erechim,Passo Fundo,-27.836109,-52.457914,1577
4315321,Quevedos,RS,Santa Maria,Santa Maria,-29.306737,-54.070942,2553
4315354,Quinze de Novembro,RS,Cruz Alta,Passo Fundo,-28.763260,-53.139953,4003
4315404,Redentora,RS,Três Passos,Ijuí,-27.583135,-53.642629,9931
4315453,Relvado,RS,Encantado,Santa Cruz do Sul - Lajeado,-29.123933,-52.052444,1825
4315503,Restinga Sêca,RS,Santa Maria,Santa Maria,-29.824476,-53.335293,15205
4315552,Rio dos Índios,RS,Nonoai,Passo Fundo,-27.251093,-52.891493,2866
4315602,Rio Grande,RS,Pelotas,Pelotas,-32.131407,-52.357929,198935
4315701,Rio Pardo,RS,Santa Cruz do Sul,Santa Cruz do Sul - Lajeado,-30.051524,-52.419156,35641
4315750,Riozinho,RS,Taquara - Parobé - Igrejinha,Porto Alegre,-29.622515,-50.400577,4574
4315800,Roca Sales,RS,Encantado,Santa Cruz do Sul - Lajeado,-29.254673,-51.822827,10646
4315909,Rodeio Bonito,RS,Frederico Westphalen,Passo Fundo,-27.469160,-53.177670,6831
4315958,Rolador,RS,São Luiz Gonzaga,Ijuí,-28.256007,-54.844227,2330
4316006,Rolante,RS,Taquara - Parobé - Igrejinha,Porto Alegre,-29.620880,-50.534973,21753
4316105,Ronda Alta,RS,Passo Fundo,Passo Fundo,-27.823435,-52.751705,9969
4316204,Rondinha,RS,Carazinho,Passo Fundo,-27.828667,-52.889113,5078
4316303,Roque Gonzales,RS,Cerro Largo,Ijuí,-28.060508,-55.102896,6692
4316402,Rosário do Sul,RS,Santana do Livramento,Uruguaiana,-30.335496,-55.085448,37673
4316428,Sagrada Família,RS,Palmeira das Missões,Passo Fundo,-27.713473,-53.137227,2528
4316436,Saldanha Marinho,RS,Carazinho,Passo Fundo,-28.392864,-53.090429,2619
4316451,Salto do Jacuí,RS,Cruz Alta,Passo Fundo,-29.083660,-53.249000,10357
4316477,Salvador das Missões,RS,Cerro Largo,Ijuí,-28.093200,-54.835456,2955
4316501,Salvador do Sul,RS,Montenegro,Porto Alegre,-29.454045,-51.535973,7184
4316600,Sananduva,RS,Tapejara - Sananduva,Passo Fundo,-27.941400,-51.811920,16770
4316709,Santa Bárbara do Sul,RS,Cruz Alta,Passo Fundo,-28.367454,-53.271089,8268
4316733,Santa Cecília do Sul,RS,Tapejara - Sananduva,Passo Fundo,-28.183087,-51.901112,1710
4316758,Santa Clara do Sul,RS,Lajeado,Santa Cruz do Sul - Lajeado,-29.459378,-52.115178,7080
4316808,Santa Cruz do Sul,RS,Santa Cruz do Sul,Santa Cruz do Sul - Lajeado,-29.623869,-52.422046,138273
4316907,Santa Maria,RS,Santa Maria,Santa Maria,-29.763729,-53.837331,282397
4316956,Santa Maria do Herval,RS,Novo Hamburgo - São Leopoldo,Porto Alegre,-29.476547,-50.980160,6486
4316972,Santa Margarida do Sul,RS,São Gabriel - Caçapava do Sul,Santa Maria,-30.382700,-54.074012,2661
4317004,Santana da Boa Vista,RS,São Gabriel - Caçapava do Sul,Santa Maria,-30.776631,-53.189064,7128
4317103,Sant'Ana do Livramento,RS,Santana do Livramento,Uruguaiana,-30.747951,-55.563048,87330
4317202,Santa Rosa,RS,Santa Rosa,Ijuí,-27.842610,-54.491319,79489
4317251,Santa Tereza,RS,Bento Gonçalves,Caxias do Sul,-29.166340,-51.702190,1529
4317301,Santa Vitória do Palmar,RS,Pelotas,Pelotas,-33.199689,-53.123723,31965
4317400,Santiago,RS,Santiago,Santa Maria,-29.141260,-54.756516,50336
4317509,Santo Ângelo,RS,Santo Ângelo,Ijuí,-28.260900,-54.323208,79146
4317558,Santo Antônio do Palma,RS,Marau,Passo Fundo,-28.501300,-51.990591,2134
4317608,Santo Antônio da Patrulha,RS,Porto Alegre,Porto Alegre,-29.843407,-50.565685,44431
4317707,Santo Antônio das Missões,RS,São Luiz Gonzaga,Ijuí,-28.462589,-55.406747,10485
4317756,Santo Antônio do Planalto,RS,Carazinho,Passo Fundo,-28.352285,-52.666692,2138
4317806,Santo Augusto,RS,Ijuí,Ijuí,-27.902445,-53.749445,14196
4317905,Santo Cristo,RS,Santa Rosa,Ijuí,-27.800125,-54.719144,15667
4317954,Santo Expedito do Sul,RS,Tapejara - Sananduva,Passo Fundo,-27.908750,-51.652560,2395
4318002,São Borja,RS,São Borja,Uruguaiana,-28.720641,-55.777397,61311
4318051,São Domingos do Sul,RS,Marau,Passo Fundo,-28.526233,-51.880300,2806
4318101,São Francisco de Assis,RS,Santa Maria,Santa Maria,-29.455355,-55.155595,17934
4318200,São Francisco de Paula,RS,Caxias do Sul,Caxias do Sul,-29.239097,-50.507276,22388
4318309,São Gabriel,RS,São Gabriel - Caçapava do Sul,Santa Maria,-30.327652,-54.334800,60090
4318408,São Jerônimo,RS,Charqueadas - Triunfo - São Jerônimo,Porto Alegre,-30.254730,-51.885348,21412
4318424,São João da Urtiga,RS,Tapejara - Sananduva,Passo Fundo,-27.791683,-51.847233,4546
4318432,São João do Polêsine,RS,Santa Maria,Santa Maria,-29.632233,-53.467778,2708
4318440,São Jorge,RS,Nova Prata - Guaporé,Caxias do Sul,-28.494509,-51.704791,2976
4318457,São José das Missões,RS,Palmeira das Missões,Passo Fundo,-27.792020,-53.134090,2399
4318465,São José do Herval,RS,Soledade,Passo Fundo,-29.067150,-52.267760,1931
4318481,São José do Hortêncio,RS,Novo Hamburgo - São Leopoldo,Porto Alegre,-29.536622,-51.245444,4555
4318499,São José do Inhacorá,RS,Três de Maio,Ijuí,-27.738230,-54.126110,2466
4318507,São José do Norte,RS,Pelotas,Pelotas,-31.767406,-51.705597,26248
4318606,São José do Ouro,RS,Lagoa Vermelha,Passo Fundo,-27.759737,-51.562326,6978
4318614,São José do Sul,RS,Montenegro,Porto Alegre,-29.550225,-51.479600,2443
4318622,São José dos Ausentes,RS,Vacaria,Caxias do Sul,-28.664567,-49.951053,4295
4318705,São Leopoldo,RS,Novo Hamburgo - São Leopoldo,Porto Alegre,-29.746182,-51.150700,225738
4318804,São Lourenço do Sul,RS,Pelotas,Pelotas,-31.228266,-52.090746,43278
4318903,São Luiz Gonzaga,RS,São Luiz Gonzaga,Ijuí,-28.402198,-54.880034,35865
4319000,São Marcos,RS,Caxias do Sul,Caxias do Sul,-28.966325,-51.076125,21549
4319109,São Martinho,RS,Três Passos,Ijuí,-27.732181,-53.956481,5587
4319125,São Martinho da Serra,RS,Santa Maria,Santa Maria,-29.499289,-53.897705,2908
4319158,São Miguel das Missões,RS,Santo Ângelo,Ijuí,-28.664383,-54.525834,7193
4319208,São Nicolau,RS,São Luiz Gonzaga,Ijuí,-28.193692,-55.260581,5243
4319307,São Paulo das Missões,RS,Cerro Largo,Ijuí,-27.981677,-54.988962,5943
4319356,São Pedro da Serra,RS,Montenegro,Porto Alegre,-29.419014,-51.522129,3618
4319364,São Pedro das Missões,RS,Palmeira das Missões,Passo Fundo,-27.766886,-53.241329,1790
4319372,São Pedro do Butiá,RS,Cerro Largo,Ijuí,-28.122671,-54.902857,3142
4319406,São Pedro do Sul,RS,Santa Maria,Santa Maria,-29.600648,-54.243876,15863
4319505,São Sebastião do Caí,RS,Novo Hamburgo - São Leopoldo,Porto Alegre,-29.599608,-51.333825,24898
4319604,São Sepé,RS,Santa Maria,Santa Maria,-30.186776,-53.627547,21551
4319703,São Valentim,RS,Erechim,Passo Fundo,-27.538229,-52.569494,3320
4319711,São Valentim do Sul,RS,Bento Gonçalves,Caxias do Sul,-29.071833,-51.763478,2255
4319737,São Valério do Sul,RS,Ijuí,Ijuí,-27.814940,-53.918310,2593
4319752,São Vendelino,RS,Novo Hamburgo - São Leopoldo,Porto Alegre,-29.376400,-51.366220,2309
4319802,São Vicente do Sul,RS,Santa Maria,Santa Maria,-29.707367,-54.796409,8257
4319901,Sapiranga,RS,Novo Hamburgo - São Leopoldo,Porto Alegre,-29.633469,-50.996877,77935
4320008,Sapucaia do Sul,RS,Porto Alegre,Porto Alegre,-29.824211,-51.140311,136573
4320107,Sarandi,RS,Carazinho,Passo Fundo,-27.929900,-52.922365,23374
4320206,Seberi,RS,Frederico Westphalen,Passo Fundo,-27.493582,-53.363441,12325
4320230,Sede Nova,RS,Três Passos,Ijuí,-27.658078,-53.973833,2750
4320263,Segredo,RS,Sobradinho,Santa Cruz do Sul - Lajeado,-29.295367,-52.909933,6098
4320305,Selbach,RS,Cruz Alta,Passo Fundo,-28.667160,-52.963120,5223
4320321,Senador Salgado Filho,RS,Santa Rosa,Ijuí,-28.036011,-54.544244,2725
4320354,Sentinela do Sul,RS,Camaquã,Porto Alegre,-30.626464,-51.617143,5424
4320404,Serafina Corrêa,RS,Nova Prata - Guaporé,Caxias do Sul,-28.685082,-51.944273,17407
4320453,Sério,RS,Lajeado,Santa Cruz do Sul - Lajeado,-29.409713,-52.230038,2089
4320503,Sertão,RS,Passo Fundo,Passo Fundo,-28.007886,-52.295068,5630
4320552,Sertão Santana,RS,Porto Alegre,Porto Alegre,-30.467547,-51.646033,5989
4320578,Sete de Setembro,RS,Santo Ângelo,Ijuí,-28.147082,-54.471955,1881
4320602,Severiano de Almeida,RS,Erechim,Passo Fundo,-27.413042,-52.110983,3463
4320651,Silveira Martins,RS,Santa Maria,Santa Maria,-29.634923,-53.555800,2056
4320677,Sinimbu,RS,Santa Cruz do Sul,Santa Cruz do Sul - Lajeado,-29.445204,-52.579344,8684
4320701,Sobradinho,RS,Sobradinho,Santa Cruz do Sul - Lajeado,-29.415640,-53.011920,14512
4320800,Soledade,RS,Soledade,Passo Fundo,-28.847911,-52.534164,30958
4320859,Tabaí,RS,Lajeado,Santa Cruz do Sul - Lajeado,-29.668810,-51.727090,4569
4320909,Tapejara,RS,Tapejara - Sananduva,Passo Fundo,-28.058646,-52.017854,25257
4321006,Tapera,RS,Passo Fundo,Passo Fundo,-28.664167,-52.846508,10824
4321105,Tapes,RS,Camaquã,Porto Alegre,-30.692226,-51.419043,14919
4321204,Taquara,RS,Taquara - Parobé - Igrejinha,Porto Alegre,-29.664739,-50.768797,54353
4321303,Taquari,RS,Lajeado,Santa Cruz do Sul - Lajeado,-29.747135,-51.815905,25963
4321329,Taquaruçu do Sul,RS,Frederico Westphalen,Passo Fundo,-27.405422,-53.482333,3192
4321352,Tavares,RS,Porto Alegre,Porto Alegre,-31.249160,-51.063827,5319
4321402,Tenente Portela,RS,Três Passos,Ijuí,-27.348807,-53.745679,14820
4321436,Terra de Areia,RS,Tramandaí - Osório,Porto Alegre,-29.602492,-50.029500,10575
4321451,Teutônia,RS,Lajeado,Santa Cruz do Sul - Lajeado,-29.458729,-51.763329,34024
4321469,Tio Hugo,RS,Passo Fundo,Passo Fundo,-28.586827,-52.597927,3363
4321477,Tiradentes do Sul,RS,Três Passos,Ijuí,-27.376142,-54.113242,5188
4321493,Toropi,RS,Santa Maria,Santa Maria,-29.474700,-54.312533,2594
4321501,Torres,RS,Torres,Porto Alegre,-29.328473,-49.822933,43346
4321600,Tramandaí,RS,Tramandaí - Osório,Porto Alegre,-30.038785,-50.224915,56432
4321626,Travesseiro,RS,Lajeado,Santa Cruz do Sul - Lajeado,-29.273491,-52.108773,2192
4321634,Três Arroios,RS,Erechim,Passo Fundo,-27.496371,-52.178000,2636
4321667,Três Cachoeiras,RS,Torres,Porto Alegre,-29.461786,-49.959764,11224
4321709,Três Coroas,RS,Taquara - Parobé - Igrejinha,Porto Alegre,-29.480562,-50.795177,24428
4321808,Três de Maio,RS,Três de Maio,Ijuí,-27.726283,-54.252013,25466
4321832,Três Forquilhas,RS,Torres,Porto Alegre,-29.419017,-50.075583,2813
4321857,Três Palmeiras,RS,Passo Fundo,Passo Fundo,-27.616771,-52.841900,4829
4321907,Três Passos,RS,Três Passos,Ijuí,-27.440200,-53.933067,26304
4321956,Trindade do Sul,RS,Nonoai,Passo Fundo,-27.528519,-52.884706,7785
4322004,Triunfo,RS,Charqueadas - Triunfo - São Jerônimo,Porto Alegre,-29.844673,-51.558919,28435
4322103,Tucunduva,RS,Santa Rosa,Ijuí,-27.642456,-54.436025,5646
4322152,Tunas,RS,Sobradinho,Santa Cruz do Sul - Lajeado,-29.113300,-52.901157,3732
4322186,Tupanci do Sul,RS,Lagoa Vermelha,Passo Fundo,-27.933490,-51.520060,1396
4322202,Tupanciretã,RS,Cruz Alta,Passo Fundo,-29.026248,-54.007745,20324
4322251,Tupandi,RS,Novo Hamburgo - São Leopoldo,Porto Alegre,-29.475744,-51.435389,5172
4322301,Tuparendi,RS,Santa Rosa,Ijuí,-27.702907,-54.549120,8535
4322327,Turuçu,RS,Pelotas,Pelotas,-31.482316,-52.150695,3488
4322343,Ubiretama,RS,Cerro Largo,Ijuí,-28.030180,-54.648720,2025
4322350,União da Serra,RS,Nova Prata - Guaporé,Caxias do Sul,-28.777682,-52.024618,1183
4322376,Unistalda,RS,Santiago,Santa Maria,-29.068910,-55.187305,2047
4322400,Uruguaiana,RS,Uruguaiana,Uruguaiana,-29.867550,-56.706883,120818
4322509,Vacaria,RS,Vacaria,Caxias do Sul,-28.377091,-50.932764,66147
4322525,Vale Verde,RS,Santa Cruz do Sul,Santa Cruz do Sul - Lajeado,-29.846822,-52.102917,3213
4322533,Vale do Sol,RS,Santa Cruz do Sul,Santa Cruz do Sul - Lajeado,-29.571953,-52.701826,10069
4322541,Vale Real,RS,Caxias do Sul,Caxias do Sul,-29.356733,-51.248911,6223
4322558,Vanini,RS,Marau,Passo Fundo,-28.493000,-51.850578,2047
4322608,Venâncio Aires,RS,Santa Cruz do Sul,Santa Cruz do Sul - Lajeado,-29.572588,-52.195866,70842
4322707,Vera Cruz,RS,Santa Cruz do Sul,Santa Cruz do Sul - Lajeado,-29.748829,-52.540276,27671
4322806,Veranópolis,RS,Bento Gonçalves,Caxias do Sul,-28.962247,-51.575047,24554
4322855,Vespasiano Corrêa,RS,Encantado,Santa Cruz do Sul - Lajeado,-29.081870,-51.842790,1851
4322905,Viadutos,RS,Erechim,Passo Fundo,-27.573153,-52.008547,4847
4323002,Viamão,RS,Porto Alegre,Porto Alegre,-30.173759,-50.898706,231994
4323101,Vicente Dutra,RS,Frederico Westphalen,Passo Fundo,-27.172536,-53.407257,4741
4323200,Victor Graeff,RS,Passo Fundo,Passo Fundo,-28.546185,-52.686325,2825
4323309,Vila Flores,RS,Bento Gonçalves,Caxias do Sul,-28.858400,-51.551130,3741
4323358,Vila Lângaro,RS,Tapejara - Sananduva,Passo Fundo,-28.132300,-52.140918,2121
4323408,Vila Maria,RS,Marau,Passo Fundo,-28.563820,-52.151620,4515
4323457,Vila Nova do Sul,RS,São Gabriel - Caçapava do Sul,Santa Maria,-30.362868,-53.872511,3932
4323507,Vista Alegre,RS,Frederico Westphalen,Passo Fundo,-27.311800,-53.523540,2710
4323606,Vista Alegre do Prata,RS,Nova Prata - Guaporé,Caxias do Sul,-28.822810,-51.773740,1624
4323705,Vista Gaúcha,RS,Três Passos,Ijuí,-27.260787,-53.714575,2843
4323754,Vitória das Missões,RS,Santo Ângelo,Ijuí,-28.357393,-54.475950,3316
4323770,Westfália,RS,Lajeado,Santa Cruz do Sul - Lajeado,-29.407812,-51.742162,3223
4323804,Xangri-lá,RS,Tramandaí - Osório,Porto Alegre,-29.798117,-50.063500,16949
5000203,Água Clara,MS,Três Lagoas,Campo Grande,-20.015086,-52.864792,18143
5000252,Alcinópolis,MS,Coxim,Campo Grande,-18.204163,-53.702769,4651
5000609,Amambai,MS,Amambai,Dourados,-23.155204,-54.928268,42071
5000708,Anastácio,MS,Aquidauana - Anastácio,Corumbá,-20.733144,-55.754016,24820
5000807,Anaurilândia,MS,Nova Andradina,Dourados,-22.129097,-52.798533,7643
5000856,Angélica,MS,Nova Andradina,Dourados,-22.072033,-53.875188,11408
5000906,Antônio João,MS,Ponta Porã,Dourados,-22.203924,-55.964679,9790
5001003,Aparecida do Taboado,MS,Paranaíba - Chapadão do Sul - Cassilândia,Campo Grande,-20.030419,-51.258356,30189
5001102,Aquidauana,MS,Aquidauana - Anastácio,Corumbá,-19.817587,-55.812493,48810
5001243,Aral Moreira,MS,Ponta Porã,Dourados,-22.944251,-55.445711,11163
5001508,Bandeirantes,MS,Campo Grande,Campo Grande,-19.811509,-54.327858,8406
5001904,Bataguassu,MS,Três Lagoas,Campo Grande,-21.800241,-52.605622,24430
5002001,Batayporã,MS,Nova Andradina,Dourados,-22.452021,-53.171483,10935
5002100,Bela Vista,MS,Jardim,Corumbá,-21.973356,-56.568531,21800
5002159,Bodoquena,MS,Aquidauana - Anastácio,Corumbá,-20.509015,-56.724313,8923
5002209,Bonito,MS,Jardim,Corumbá,-21.007059,-56.443736,25294
5002308,Brasilândia,MS,Três Lagoas,Campo Grande,-21.079122,-52.452364,11826
5002407,Caarapó,MS,Dourados,Dourados,-22.598651,-54.810116,33074
5002605,Camapuã,MS,Campo Grande,Campo Grande,-19.350971,-53.854389,13935
5002704,Campo Grande,MS,Campo Grande,Campo Grande,-20.859665,-54.290731,970843
5002803,Caracol,MS,Jardim,Corumbá,-21.962523,-57.116481,5078
5002902,Cassilândia,MS,Paranaíba - Chapadão do Sul - Cassilândia,Campo Grande,-19.121458,-52.098800,21581
5002951,Chapadão do Sul,MS,Paranaíba - Chapadão do Sul - Cassilândia,Campo Grande,-19.003532,-52.706022,35384
5003108,Corguinho,MS,Campo Grande,Campo Grande,-19.816152,-55.041954,4890
5003157,Coronel Sapucaia,MS,Amambai,Dourados,-23.333591,-55.410918,14708
5003207,Corumbá,MS,Corumbá,Corumbá,-19.014238,-57.109760,96334
5003256,Costa Rica,MS,Coxim,Campo Grande,-18.455092,-53.188506,29292
5003306,Coxim,MS,Coxim,Campo Grande,-18.236913,-54.679094,33488
5003454,Deodápolis,MS,Dourados,Dourados,-22.141684,-54.172937,14419
5003488,Dois Irmãos do Buriti,MS,Campo Grande,Campo Grande,-20.561100,-55.366804,11570
5003504,Douradina,MS,Dourados,Dourados,-22.019200,-54.593738,5785
5003702,Dourados,MS,Dourados,Dourados,-22.120437,-54.870007,266950
5003751,Eldorado,MS,Naviraí - Mundo Novo,Dourados,-23.751057,-54.213433,11612
5003801,Fátima do Sul,MS,Dourados,Dourados,-22.340238,-54.455806,21615
5003900,Figueirão,MS,Coxim,Campo Grande,-18.762469,-53.871029,3790
5004007,Glória de Dourados,MS,Dourados,Dourados,-22.441809,-54.176464,10856
5004106,Guia Lopes da Laguna,MS,Jardim,Corumbá,-21.540153,-56.007322,10097
5004304,Iguatemi,MS,Naviraí - Mundo Novo,Dourados,-23.404232,-54.529235,13906
5004403,Inocência,MS,Paranaíba - Chapadão do Sul - Cassilândia,Campo Grande,-19.635842,-52.012100,8814
5004502,Itaporã,MS,Dourados,Dourados,-21.983684,-54.868035,25732
5004601,Itaquiraí,MS,Naviraí - Mundo Novo,Dourados,-23.338723,-54.134451,20122
5004700,Ivinhema,MS,Nova Andradina,Dourados,-22.366800,-53.791841,30371
5004809,Japorã,MS,Naviraí - Mundo Novo,Dourados,-23.828359,-54.505324,8472
5004908,Jaraguari,MS,Campo Grande,Campo Grande,-20.214802,-54.357510,7533
5005004,Jardim,MS,Jardim,Corumbá,-21.606960,-56.339129,24499
5005103,Jateí,MS,Dourados,Dourados,-22.740330,-53.876646,3573
5005152,Juti,MS,Dourados,Dourados,-22.793267,-54.493891,7122
5005202,Ladário,MS,Corumbá,Corumbá,-19.080208,-57.570383,24631
5005251,Laguna Carapã,MS,Dourados,Dourados,-22.669932,-55.080457,7060
5005400,Maracaju,MS,Dourados,Dourados,-21.512191,-55.359940,48564
5005608,Miranda,MS,Aquidauana - Anastácio,Corumbá,-20.167952,-56.540482,26535
5005681,Mundo Novo,MS,Naviraí - Mundo Novo,Dourados,-23.934439,-54.260970,20229
5005707,Naviraí,MS,Naviraí - Mundo Novo,Dourados,-23.082538,-54.030193,53307
5005806,Nioaque,MS,Jardim,Corumbá,-21.114298,-55.865283,13298
5006002,Nova Alvorada do Sul,MS,Campo Grande,Campo Grande,-21.484263,-54.224803,23747
5006200,Nova Andradina,MS,Nova Andradina,Dourados,-21.916329,-53.456816,51081
5006259,Novo Horizonte do Sul,MS,Nova Andradina,Dourados,-22.595848,-53.756205,4791
5006275,Paraíso das Águas,MS,Paranaíba - Chapadão do Sul - Cassilândia,Campo Grande,-19.215477,-53.092295,5904
5006309,Paranaíba,MS,Paranaíba - Chapadão do Sul - Cassilândia,Campo Grande,-19.526225,-51.383684,42728
5006358,Paranhos,MS,Amambai,Dourados,-23.725934,-55.360807,13412
5006408,Pedro Gomes,MS,Coxim,Campo Grande,-17.882593,-54.281585,6850
5006606,Ponta Porã,MS,Ponta Porã,Dourados,-22.153883,-55.621986,99572
5006903,Porto Murtinho,MS,Jardim,Corumbá,-21.219845,-57.425567,12584
5007109,Ribas do Rio Pardo,MS,Campo Grande,Campo Grande,-20.698980,-53.550198,24300
5007208,Rio Brilhante,MS,Dourados,Dourados,-21.699297,-54.527983,40880
5007307,Rio Negro,MS,Campo Grande,Campo Grande,-19.461568,-54.988294,4911
5007406,Rio Verde de Mato Grosso,MS,Coxim,Campo Grande,-18.832113,-54.929317,20513
5007505,Rochedo,MS,Campo Grande,Campo Grande,-19.992471,-54.737323,5494
5007554,Santa Rita do Pardo,MS,Três Lagoas,Campo Grande,-21.322289,-52.706265,7156
5007695,São Gabriel do Oeste,MS,Campo Grande,Campo Grande,-19.133748,-54.490496,32696
5007703,Sete Quedas,MS,Amambai,Dourados,-23.889127,-55.028904,11343
5007802,Selvíria,MS,Três Lagoas,Campo Grande,-20.302585,-51.776795,8834
5007901,Sidrolândia,MS,Campo Grande,Campo Grande,-21.061933,-54.934847,50079
5007935,Sonora,MS,Coxim,Campo Grande,-17.647864,-54.396367,14804
5007950,Tacuru,MS,Amambai,Dourados,-23.648112,-55.000227,11248
5007976,Taquarussu,MS,Nova Andradina,Dourados,-22.721312,-53.469403,3748
5008008,Terenos,MS,Campo Grande,Campo Grande,-20.455495,-55.052154,18223
5008305,Três Lagoas,MS,Três Lagoas,Campo Grande,-20.463214,-52.157670,145514
5008404,Vicentina,MS,Dourados,Dourados,-22.473840,-54.424260,6534
5100102,Acorizal,MT,Cuiabá,Cuiabá,-15.160222,-56.312630,4907
5100201,Água Boa,MT,Água Boa,Barra do Garças,-14.090360,-52.463145,32876
5100250,Alta Floresta,MT,Alta Floresta,Sinop,-10.079790,-56.353126,63017
5100300,Alto Araguaia,MT,Rondonópolis,Rondonópolis,-17.513346,-53.455254,17888
5100359,Alto Boa Vista,MT,Confresa - Vila Rica,Barra do Garças,-11.814917,-51.729185,5966
5100409,Alto Garças,MT,Rondonópolis,Rondonópolis,-16.799927,-53.584818,14201
5100508,Alto Paraguai,MT,Diamantino,Cuiabá,-14.740332,-56.647887,7335
5100607,Alto Taquari,MT,Rondonópolis,Rondonópolis,-17.811611,-53.302582,12136
5100805,Apiacás,MT,Alta Floresta,Sinop,-8.792095,-57.820857,8693
5101001,Araguaiana,MT,Barra do Garças,Barra do Garças,-15.104004,-51.772682,4059
5101209,Araguainha,MT,Rondonópolis,Rondonópolis,-16.755383,-53.115156,989
5101258,Araputanga,MT,Mirassol D'oeste,Cáceres,-15.221879,-58.486941,14756
5101308,Arenápolis,MT,Diamantino,Cuiabá,-14.495018,-56.863565,10791
5101407,Aripuanã,MT,Juína,Sinop,-10.166982,-59.794750,27101
5101605,Barão de Melgaço,MT,Cuiabá,Cuiabá,-16.870241,-56.226375,7071
5101704,Barra do Bugres,MT,Tangará da Serra,Cuiabá,-15.038595,-57.670274,29238
5101803,Barra do Garças,MT,Barra do Garças,Barra do Garças,-15.357994,-52.452099,75524
5101837,Boa Esperança do Norte,MT,Sorriso,Sinop,,,5983
5101852,Bom Jesus do Araguaia,MT,Confresa - Vila Rica,Barra do Garças,-12.247408,-51.697033,8091
5101902,Brasnorte,MT,Tangará da Serra,Cuiabá,-12.095446,-58.088607,17793
5102504,Cáceres,MT,Cáceres,Cáceres,-16.470475,-57.836514,91908
5102603,Campinápolis,MT,Água Boa,Barra do Garças,-14.318817,-53.135473,15902
5102637,Campo Novo do Parecis,MT,Tangará da Serra,Cuiabá,-13.610937,-57.917266,53393
5102678,Campo Verde,MT,Cuiabá,Cuiabá,-15.436625,-54.994074,51969
5102686,Campos de Júlio,MT,Pontes e Lacerda - Comodoro,Cáceres,-13.554109,-59.175590,10281
5102694,Canabrava do Norte,MT,Confresa - Vila Rica,Barra do Garças,-11.157168,-51.811798,4422
5102702,Canarana,MT,Água Boa,Barra do Garças,-13.266258,-52.319455,28985
5102793,Carlinda,MT,Alta Floresta,Sinop,-10.100937,-55.865414,10196
5102850,Castanheira,MT,Juína,Sinop,-10.914486,-58.620819,7325
5103007,Chapada dos Guimarães,MT,Cuiabá,Cuiabá,-15.108099,-55.595138,19541
5103056,Cláudia,MT,Sinop,Sinop,-11.431202,-55.071960,9168
5103106,Cocalinho,MT,Água Boa,Barra do Garças,-13.866765,-51.140194,6560
5103205,Colíder,MT,Sinop,Sinop,-10.602505,-55.485689,32099
5103254,Colniza,MT,Juína,Sinop,-9.549526,-60.236680,25963
5103304,Comodoro,MT,Pontes e Lacerda - Comodoro,Cáceres,-13.222821,-59.743691,18477
5103353,Confresa,MT,Confresa - Vila Rica,Barra do Garças,-10.342553,-51.700027,39368
5103361,Conquista D'Oeste,MT,Pontes e Lacerda - Comodoro,Cáceres,-14.594722,-59.300022,3941
5103379,Cotriguaçu,MT,Juína,Sinop,-9.450245,-58.709807,9665
5103403,Cuiabá,MT,Cuiabá,Cuiabá,-15.701738,-55.708439,698917
5103437,Curvelândia,MT,Cáceres,Cáceres,-15.599221,-57.877500,4972
5103452,Denise,MT,Tangará da Serra,Cuiabá,-14.742952,-56.985757,6536
5103502,Diamantino,MT,Diamantino,Cuiabá,-14.107232,-56.824243,22766
5103601,Dom Aquino,MT,Jaciara,Rondonópolis,-15.658040,-54.785409,7865
5103700,Feliz Natal,MT,Sinop,Sinop,-11.852431,-54.133537,10482
5103809,Figueirópolis D'Oeste,MT,Mirassol D'oeste,Cáceres,-15.537714,-58.701409,3000
5103858,Gaúcha do Norte,MT,Água Boa,Barra do Garças,-13.079943,-53.478211,9610
5103908,General Carneiro,MT,Barra do Garças,Barra do Garças,-15.543342,-53.325929,5913
5103957,Glória D'Oeste,MT,Mirassol D'oeste,Cáceres,-15.852739,-58.290778,2858
5104104,Guarantã do Norte,MT,Peixoto de Azevedo - Guarantã do Norte,Sinop,-9.822191,-54.578209,31092
5104203,Guiratinga,MT,Rondonópolis,Rondonópolis,-16.360928,-53.595133,9975
5104500,Indiavaí,MT,Mirassol D'oeste,Cáceres,-15.337705,-58.601545,2150
5104526,Ipiranga do Norte,MT,Sorriso,Sinop,-11.969257,-56.021380,8904
5104542,Itanhangá,MT,Sorriso,Sinop,-12.138630,-56.777938,8463
5104559,Itaúba,MT,Sinop,Sinop,-11.118944,-55.531701,5241
5104609,Itiquira,MT,Rondonópolis,Rondonópolis,-17.339639,-54.594657,12654
5104807,Jaciara,MT,Jaciara,Rondonópolis,-15.970712,-55.187775,30044
5104906,Jangada,MT,Cuiabá,Cuiabá,-15.355291,-56.584494,7380
5105002,Jauru,MT,Mirassol D'oeste,Cáceres,-15.311577,-58.881777,7522
5105101,Juara,MT,Juara,Sinop,-11.150399,-57.597948,36276
5105150,Juína,MT,Juína,Sinop,-11.412785,-59.381678,48987
5105176,Juruena,MT,Juína,Sinop,-10.459634,-58.658434,9965
5105200,Juscimeira,MT,Jaciara,Rondonópolis,-16.186192,-54.852827,11728
5105234,Lambari D'Oeste,MT,Cáceres,Cáceres,-15.444266,-57.813846,4602
5105259,Lucas do Rio Verde,MT,Sorriso,Sinop,-13.052740,-56.218746,99291
5105309,Luciara,MT,Confresa - Vila Rica,Barra do Garças,-10.930440,-50.949081,2642
5105507,Vila Bela da Santíssima Trindade,MT,Pontes e Lacerda - Comodoro,Cáceres,-15.072314,-59.943098,17798
5105580,Marcelândia,MT,Sinop,Sinop,-10.948326,-54.078919,11298
5105606,Matupá,MT,Peixoto de Azevedo - Guarantã do Norte,Sinop,-10.016454,-54.413175,22497
5105622,Mirassol d'Oeste,MT,Mirassol D'oeste,Cáceres,-15.660183,-58.034043,27763
5105903,Nobres,MT,Cuiabá,Cuiabá,-14.422690,-55.876228,15838
5106000,Nortelândia,MT,Diamantino,Cuiabá,-14.360459,-56.736045,5845
5106109,Nossa Senhora do Livramento,MT,Cuiabá,Cuiabá,-15.865439,-56.524753,11659
5106158,Nova Bandeirantes,MT,Alta Floresta,Sinop,-9.714539,-58.117858,14519
5106174,Nova Nazaré,MT,Água Boa,Barra do Garças,-14.133401,-51.876417,4681
5106182,Nova Lacerda,MT,Pontes e Lacerda - Comodoro,Cáceres,-14.336417,-59.755738,7178
5106190,Nova Santa Helena,MT,Sinop,Sinop,-10.899991,-54.870745,4572
5106208,Nova Brasilândia,MT,Cuiabá,Cuiabá,-14.763543,-55.058705,3730
5106216,Nova Canaã do Norte,MT,Sinop,Sinop,-10.724738,-56.061681,11697
5106224,Nova Mutum,MT,Sorriso,Sinop,-13.558338,-56.143803,65663
5106232,Nova Olímpia,MT,Tangará da Serra,Cuiabá,-14.789387,-57.392679,16094
5106240,Nova Ubiratã,MT,Sorriso,Sinop,-12.802496,-54.597413,9929
5106257,Nova Xavantina,MT,Barra do Garças,Barra do Garças,-14.577830,-52.289736,26340
5106265,Novo Mundo,MT,Peixoto de Azevedo - Guarantã do Norte,Sinop,-9.868292,-55.422282,6292
5106273,Novo Horizonte do Norte,MT,Juara,Sinop,-11.394030,-57.265863,3227
5106281,Novo São Joaquim,MT,Barra do Garças,Barra do Garças,-15.087150,-53.321905,7317
5106299,Paranaíta,MT,Alta Floresta,Sinop,-9.601363,-56.751857,12167
5106307,Paranatinga,MT,Primavera do Leste,Rondonópolis,-13.492682,-54.053122,29528
5106315,Novo Santo Antônio,MT,Confresa - Vila Rica,Barra do Garças,-12.284695,-50.871071,2041
5106372,Pedra Preta,MT,Rondonópolis,Rondonópolis,-16.766937,-54.191997,19168
5106422,Peixoto de Azevedo,MT,Peixoto de Azevedo - Guarantã do Norte,Sinop,-10.228835,-53.856326,33907
5106455,Planalto da Serra,MT,Cuiabá,Cuiabá,-14.608346,-54.660341,3369
5106505,Poconé,MT,Cuiabá,Cuiabá,-16.812887,-56.951682,31138
5106653,Pontal do Araguaia,MT,Barra do Garças,Barra do Garças,-15.943068,-52.705488,7580
5106703,Ponte Branca,MT,Barra do Garças,Barra do Garças,-16.639454,-52.945262,2119
5106752,Pontes e Lacerda,MT,Pontes e Lacerda - Comodoro,Cáceres,-15.440430,-59.396792,56720
5106778,Porto Alegre do Norte,MT,Confresa - Vila Rica,Barra do Garças,-10.845046,-51.738978,12774
5106802,Porto dos Gaúchos,MT,Juara,Sinop,-11.723904,-56.802536,5720
5106828,Porto Esperidião,MT,Mirassol D'oeste,Cáceres,-15.918285,-58.991747,10011
5106851,Porto Estrela,MT,Tangará da Serra,Cuiabá,-15.533489,-57.217283,3102
5107008,Poxoréu,MT,Primavera do Leste,Rondonópolis,-15.787702,-54.166441,25614
5107040,Primavera do Leste,MT,Primavera do Leste,Rondonópolis,-15.142153,-54.226282,99053
5107065,Querência,MT,Água Boa,Barra do Garças,-12.227055,-52.747561,32368
5107107,São José dos Quatro Marcos,MT,Mirassol D'oeste,Cáceres,-15.560725,-58.311975,17613
5107156,Reserva do Cabaçal,MT,Mirassol D'oeste,Cáceres,-14.959556,-58.452019,1978
5107180,Ribeirão Cascalheira,MT,Água Boa,Barra do Garças,-12.881977,-51.599531,10650
5107198,Ribeirãozinho,MT,Barra do Garças,Barra do Garças,-16.483373,-52.751245,2768
5107206,Rio Branco,MT,Cáceres,Cáceres,-15.271700,-58.124817,4391
5107248,Santa Carmem,MT,Sinop,Sinop,-11.934453,-54.886474,5912
5107263,Santo Afonso,MT,Diamantino,Cuiabá,-14.449898,-57.351460,2372
5107297,São José do Povo,MT,Rondonópolis,Rondonópolis,-16.458933,-54.264333,2653
5107305,São José do Rio Claro,MT,Diamantino,Cuiabá,-13.593645,-56.826000,14250
5107354,São José do Xingu,MT,Confresa - Vila Rica,Barra do Garças,-10.661200,-52.585918,6299
5107404,São Pedro da Cipa,MT,Jaciara,Rondonópolis,-15.957606,-54.775759,4253
5107578,Rondolândia,MT,Juína,Sinop,-10.279270,-60.986251,3508
5107602,Rondonópolis,MT,Rondonópolis,Rondonópolis,-16.537355,-54.641823,268202
5107701,Rosário Oeste,MT,Cuiabá,Cuiabá,-14.802049,-55.964110,14848
5107743,Santa Cruz do Xingu,MT,Confresa - Vila Rica,Barra do Garças,-10.094535,-52.513642,2974
5107750,Salto do Céu,MT,Cáceres,Cáceres,-15.033828,-58.069369,3636
5107768,Santa Rita do Trivelato,MT,Sorriso,Sinop,-13.787465,-55.304192,3609
5107776,Santa Terezinha,MT,Confresa - Vila Rica,Barra do Garças,-10.350023,-50.793750,7754
5107792,Santo Antônio do Leste,MT,Primavera do Leste,Rondonópolis,-14.786763,-53.688507,4275
5107800,Santo Antônio de Leverger,MT,Cuiabá,Cuiabá,-16.437722,-55.407409,16882
5107859,São Félix do Araguaia,MT,Confresa - Vila Rica,Barra do Garças,-11.504740,-51.962552,14873
5107875,Sapezal,MT,Tangará da Serra,Cuiabá,-12.929599,-58.655430,33520
5107883,Serra Nova Dourada,MT,Confresa - Vila Rica,Barra do Garças,-12.029542,-51.349300,1981
5107909,Sinop,MT,Sinop,Sinop,-11.730558,-55.489967,231452
5107925,Sorriso,MT,Sorriso,Sinop,-12.766423,-55.630565,128727
5107941,Tabaporã,MT,Juara,Sinop,-11.151295,-56.560905,9882
5107958,Tangará da Serra,MT,Tangará da Serra,Cuiabá,-14.561390,-58.002052,116637
5108006,Tapurah,MT,Sorriso,Sinop,-12.578892,-56.557592,16001
5108055,Terra Nova do Norte,MT,Sinop,Sinop,-10.556794,-55.012068,10541
5108105,Tesouro,MT,Rondonópolis,Rondonópolis,-15.920520,-53.459284,2893
5108204,Torixoréu,MT,Barra do Garças,Barra do Garças,-16.292112,-52.878798,4245
5108303,União do Sul,MT,Sinop,Sinop,-11.496456,-54.315756,3910
5108352,Vale de São Domingos,MT,Pontes e Lacerda - Comodoro,Cáceres,-15.039315,-58.984728,3043
5108402,Várzea Grande,MT,Cuiabá,Cuiabá,-15.579881,-56.225411,323172
5108501,Vera,MT,Sorriso,Sinop,-12.551433,-55.339167,10930
5108600,Vila Rica,MT,Confresa - Vila Rica,Barra do Garças,-10.075238,-51.473379,19545
5108808,Nova Guarita,MT,Sinop,Sinop,-10.246296,-55.376239,4513
5108857,Nova Marilândia,MT,Diamantino,Cuiabá,-14.293798,-57.302493,3784
5108907,Nova Maringá,MT,Diamantino,Cuiabá,-12.715357,-57.249054,5636
5108956,Nova Monte Verde,MT,Alta Floresta,Sinop,-9.934848,-57.259295,8489
5200050,Abadia de Goiás,GO,Goiânia,Goiânia,-16.803310,-49.455520,22918
5200100,Abadiânia,GO,Anápolis,Goiânia,-16.203807,-48.711185,17835
5200134,Acreúna,GO,Palmeiras de Goiás,São Luís de Montes Belos - Iporá,-17.464300,-50.321228,22161
5200159,Adelândia,GO,Inhumas - Itaberaí - Anicuns,Goiânia,-16.368282,-50.201545,2268
5200175,Água Fria de Goiás,GO,Flores de Goiás,Luziânia - Águas Lindas de Goiás,-14.887484,-47.791847,4967
5200209,Água Limpa,GO,Caldas Novas-Morrinhos,Itumbiara,-18.097147,-48.789635,1831
5200258,Águas Lindas de Goiás,GO,Águas Lindas de Goiás,Luziânia - Águas Lindas de Goiás,-15.755500,-48.280146,249978
5200308,Alexânia,GO,Anápolis,Goiânia,-16.101221,-48.470571,28474
5200506,Aloândia,GO,Itumbiara,Itumbiara,-17.689038,-49.459038,1971
5200555,Alto Horizonte,GO,Uruaçu - Niquelândia,Porangatu - Uruaçu,-14.168237,-49.448121,6595
5200605,Alto Paraíso de Goiás,GO,Flores de Goiás,Luziânia - Águas Lindas de Goiás,-14.177790,-47.494302,11421
5200803,Alvorada do Norte,GO,Posse-Campos Belos,Luziânia - Águas Lindas de Goiás,-14.549719,-46.637776,8640
5200829,Amaralina,GO,Uruaçu - Niquelândia,Porangatu - Uruaçu,-13.841377,-49.628217,3254
5200852,Americano do Brasil,GO,Inhumas - Itaberaí - Anicuns,Goiânia,-16.258829,-49.979929,5239
5200902,Amorinópolis,GO,Iporá,São Luís de Montes Belos - Iporá,-16.624550,-51.113010,2861
5201108,Anápolis,GO,Anápolis,Goiânia,-16.298115,-48.995924,424647
5201207,Anhanguera,GO,Catalão,Goiânia,-18.310957,-48.233500,906
5201306,Anicuns,GO,Inhumas - Itaberaí - Anicuns,Goiânia,-16.383852,-49.965683,18172
5201405,Aparecida de Goiânia,GO,Goiânia,Goiânia,-16.809447,-49.272000,560996
5201454,Aparecida do Rio Doce,GO,Rio Verde,Rio Verde,-18.212273,-51.280105,3078
5201504,Aporé,GO,Jataí-Mineiros,Rio Verde,-18.753061,-52.084755,4524
5201603,Araçu,GO,Inhumas - Itaberaí - Anicuns,Goiânia,-16.371633,-49.708213,3838
5201702,Aragarças,GO,Iporá,São Luís de Montes Belos - Iporá,-15.937432,-52.127847,18599
5201801,Aragoiânia,GO,Goiânia,Goiânia,-16.957600,-49.430455,13053
5202155,Araguapaz,GO,Goiás - Itapuranga,Goiânia,-15.129953,-50.436209,7122
5202353,Arenópolis,GO,Iporá,São Luís de Montes Belos - Iporá,-16.332722,-51.616309,2879
5202502,Aruanã,GO,Goiás - Itapuranga,Goiânia,-14.753977,-50.937505,8623
5202601,Aurilândia,GO,São Luís de Montes Belos,São Luís de Montes Belos - Iporá,-16.687846,-50.515592,3209
5202809,Avelinópolis,GO,Inhumas - Itaberaí - Anicuns,Goiânia,-16.489183,-49.765600,3021
5203104,Baliza,GO,Iporá,São Luís de Montes Belos - Iporá,-16.381377,-52.430781,3279
5203203,Barro Alto,GO,Ceres - Rialma - Goianésia,Porangatu - Uruaçu,-14.898775,-48.898038,10967
5203302,Bela Vista de Goiás,GO,Goiânia,Goiânia,-16.970832,-48.909868,38010
5203401,Bom Jardim de Goiás,GO,Iporá,São Luís de Montes Belos - Iporá,-16.233403,-52.063362,7727
5203500,Bom Jesus de Goiás,GO,Itumbiara,Itumbiara,-18.195429,-49.862421,25145
5203559,Bonfinópolis,GO,Goiânia,Goiânia,-16.597410,-49.013290,11218
5203575,Bonópolis,GO,Porangatu,Porangatu - Uruaçu,-13.570369,-49.867902,3273
5203609,Brazabrantes,GO,Goiânia,Goiânia,-16.385800,-49.373960,4252
5203807,Britânia,GO,Goiás - Itapuranga,Goiânia,-15.199751,-51.200420,5808
5203906,Buriti Alegre,GO,Itumbiara,Itumbiara,-18.132872,-49.026821,11028
5203939,Buriti de Goiás,GO,São Luís de Montes Belos,São Luís de Montes Belos - Iporá,-16.162853,-50.449507,2811
5203962,Buritinópolis,GO,Posse-Campos Belos,Luziânia - Águas Lindas de Goiás,-14.413024,-46.311182,3126
5204003,Cabeceiras,GO,Águas Lindas de Goiás,Luziânia - Águas Lindas de Goiás,-15.734411,-46.996548,7700
5204102,Cachoeira Alta,GO,Rio Verde,Rio Verde,-18.526157,-50.971623,11917
5204201,Cachoeira de Goiás,GO,São Luís de Montes Belos,São Luís de Montes Belos - Iporá,-16.704760,-50.697220,1415
5204250,Cachoeira Dourada,GO,Itumbiara,Itumbiara,-18.497776,-49.605776,7724
5204300,Caçu,GO,Rio Verde,Rio Verde,-18.766230,-51.068830,14062
5204409,Caiapônia,GO,Jataí-Mineiros,Rio Verde,-16.994138,-51.772172,16602
5204508,Caldas Novas,GO,Caldas Novas-Morrinhos,Itumbiara,-17.750270,-48.651810,108805
5204557,Caldazinha,GO,Goiânia,Goiânia,-16.731806,-48.952347,4901
5204607,Campestre de Goiás,GO,Palmeiras de Goiás,São Luís de Montes Belos - Iporá,-16.789969,-49.698869,3904
5204656,Campinaçu,GO,Porangatu,Porangatu - Uruaçu,-13.874184,-48.570592,3761
5204706,Campinorte,GO,Uruaçu - Niquelândia,Porangatu - Uruaçu,-13.974391,-48.938441,13084
5204805,Campo Alegre de Goiás,GO,Catalão,Goiânia,-17.572851,-47.757120,7901
5204854,Campo Limpo de Goiás,GO,Anápolis,Goiânia,-16.294460,-49.123690,8707
5204904,Campos Belos,GO,Posse-Campos Belos,Luziânia - Águas Lindas de Goiás,-12.993061,-46.485116,18196
5204953,Campos Verdes,GO,Ceres - Rialma - Goianésia,Porangatu - Uruaçu,-14.172706,-49.656518,3747
5205000,Carmo do Rio Verde,GO,Ceres - Rialma - Goianésia,Porangatu - Uruaçu,-15.431677,-49.740582,10039
5205059,Castelândia,GO,Rio Verde,Rio Verde,-18.150780,-50.344540,2823
5205109,Catalão,GO,Catalão,Goiânia,-18.008293,-47.733329,124683
5205208,Caturaí,GO,Goiânia,Goiânia,-16.455820,-49.578733,5385
5205307,Cavalcante,GO,Flores de Goiás,Luziânia - Águas Lindas de Goiás,-13.589561,-47.700308,9739
5205406,Ceres,GO,Ceres - Rialma - Goianésia,Porangatu - Uruaçu,-15.274829,-49.652321,22655
5205455,Cezarina,GO,Palmeiras de Goiás,São Luís de Montes Belos - Iporá,-17.097781,-49.756235,8336
5205471,Chapadão do Céu,GO,Jataí-Mineiros,Rio Verde,-18.497600,-52.593256,14735
5205497,Cidade Ocidental,GO,Luziânia,Luziânia - Águas Lindas de Goiás,-16.134036,-47.811364,104114
5205513,Cocalzinho de Goiás,GO,Águas Lindas de Goiás,Luziânia - Águas Lindas de Goiás,-15.669926,-48.610878,27741
5205521,Colinas do Sul,GO,Uruaçu - Niquelândia,Porangatu - Uruaçu,-13.968436,-48.083503,4222
5205703,Córrego do Ouro,GO,São Luís de Montes Belos,São Luís de Montes Belos - Iporá,-16.364632,-50.577700,2427
5205802,Corumbá de Goiás,GO,Anápolis,Goiânia,-15.923789,-48.663986,10733
5205901,Corumbaíba,GO,Caldas Novas-Morrinhos,Itumbiara,-18.174225,-48.567043,9549
5206206,Cristalina,GO,Luziânia,Luziânia - Águas Lindas de Goiás,-16.718363,-47.511276,67922
5206305,Cristianópolis,GO,Piracanjuba,Itumbiara,-17.211887,-48.697133,3709
5206404,Crixás,GO,Ceres - Rialma - Goianésia,Porangatu - Uruaçu,-14.641512,-50.068061,17616
5206503,Cromínia,GO,Piracanjuba,Itumbiara,-17.245856,-49.369072,4020
5206602,Cumari,GO,Catalão,Goiânia,-18.324142,-48.150361,2947
5206701,Damianópolis,GO,Posse-Campos Belos,Luziânia - Águas Lindas de Goiás,-14.568539,-46.176539,3950
5206800,Damolândia,GO,Inhumas - Itaberaí - Anicuns,Goiânia,-16.244690,-49.338380,2752
5206909,Davinópolis,GO,Catalão,Goiânia,-18.130890,-47.553570,1877
5207105,Diorama,GO,Iporá,São Luís de Montes Belos - Iporá,-16.194739,-51.359346,1960
5207253,Doverlândia,GO,Jataí-Mineiros,Rio Verde,-16.834633,-52.479646,6752
5207352,Edealina,GO,Piracanjuba,Itumbiara,-17.441897,-49.759214,4121
5207402,Edéia,GO,Palmeiras de Goiás,São Luís de Montes Belos - Iporá,-17.493805,-49.964812,12010
5207501,Estrela do Norte,GO,Porangatu,Porangatu - Uruaçu,-13.794150,-49.087328,3204
5207535,Faina,GO,Goiás - Itapuranga,Goiânia,-15.422827,-50.385512,7169
5207600,Fazenda Nova,GO,São Luís de Montes Belos,São Luís de Montes Belos - Iporá,-16.135564,-50.900989,5807
5207808,Firminópolis,GO,Palmeiras de Goiás,São Luís de Montes Belos - Iporá,-16.632073,-50.316085,10185
5207907,Flores de Goiás,GO,Flores de Goiás,Luziânia - Águas Lindas de Goiás,-14.606965,-46.902163,14388
5208004,Formosa,GO,Águas Lindas de Goiás,Luziânia - Águas Lindas de Goiás,-15.304677,-47.223514,122613
5208103,Formoso,GO,Porangatu,Porangatu - Uruaçu,-13.707021,-48.866046,4643
5208152,Gameleira de Goiás,GO,Anápolis,Goiânia,-16.401354,-48.687635,3584
5208301,Divinópolis de Goiás,GO,Posse-Campos Belos,Luziânia - Águas Lindas de Goiás,-13.235747,-46.534000,4370
5208400,Goianápolis,GO,Anápolis,Goiânia,-16.512281,-49.068825,14956
5208509,Goiandira,GO,Catalão,Goiânia,-18.121983,-48.157852,4938
5208608,Goianésia,GO,Ceres - Rialma - Goianésia,Porangatu - Uruaçu,-15.294531,-49.156986,78980
5208707,Goiânia,GO,Goiânia,Goiânia,-16.652586,-49.254521,1511709
5208806,Goianira,GO,Goiânia,Goiânia,-16.497671,-49.454518,84170
5208905,Goiás,GO,Goiás - Itapuranga,Goiânia,-15.849741,-50.250620,24113
5209101,Goiatuba,GO,Itumbiara,Itumbiara,-17.997847,-49.665418,37187
5209150,Gouvelândia,GO,Quirinópolis,Rio Verde,-18.527990,-50.136681,4271
5209200,Guapó,GO,Goiânia,Goiânia,-16.905640,-49.574412,21373
5209291,Guaraíta,GO,Goiás - Itapuranga,Goiânia,-15.680769,-50.057938,2156
5209408,Guarani de Goiás,GO,Posse-Campos Belos,Luziânia - Águas Lindas de Goiás,-13.889324,-46.453697,4076
5209457,Guarinos,GO,Ceres - Rialma - Goianésia,Porangatu - Uruaçu,-14.689121,-49.736187,2143
5209606,Heitoraí,GO,Inhumas - Itaberaí - Anicuns,Goiânia,-15.743200,-49.812146,3325
5209705,Hidrolândia,GO,Goiânia,Goiânia,-17.033686,-49.273079,31328
5209804,Hidrolina,GO,Uruaçu - Niquelândia,Porangatu - Uruaçu,-14.742532,-49.352391,3441
5209903,Iaciara,GO,Posse-Campos Belos,Luziânia - Águas Lindas de Goiás,-14.070905,-46.721315,10151
5209937,Inaciolândia,GO,Quirinópolis,Rio Verde,-18.503985,-49.937490,6091
5209952,Indiara,GO,Palmeiras de Goiás,São Luís de Montes Belos - Iporá,-17.192376,-49.930542,18217
5210000,Inhumas,GO,Inhumas - Itaberaí - Anicuns,Goiânia,-16.332026,-49.535747,54133
5210109,Ipameri,GO,Catalão,Goiânia,-17.459725,-48.047480,26282
5210158,Ipiranga de Goiás,GO,Ceres - Rialma - Goianésia,Porangatu - Uruaçu,-15.159410,-49.657900,2972
5210208,Iporá,GO,Iporá,São Luís de Montes Belos - Iporá,-16.454490,-51.135973,37575
5210307,Israelândia,GO,Iporá,São Luís de Montes Belos - Iporá,-16.352488,-50.900336,2490
5210406,Itaberaí,GO,Inhumas - Itaberaí - Anicuns,Goiânia,-16.135256,-49.820556,48247
5210562,Itaguari,GO,Inhumas - Itaberaí - Anicuns,Goiânia,-15.940138,-49.607962,5150
5210604,Itaguaru,GO,Inhumas - Itaberaí - Anicuns,Goiânia,-15.772100,-49.620150,4796
5210802,Itajá,GO,Rio Verde,Rio Verde,-19.137608,-51.264559,4225
5210901,Itapaci,GO,Ceres - Rialma - Goianésia,Porangatu - Uruaçu,-14.938833,-49.660870,22068
5211008,Itapirapuã,GO,Goiás - Itapuranga,Goiânia,-15.736597,-50.761997,8142
5211206,Itapuranga,GO,Goiás - Itapuranga,Goiânia,-15.551272,-49.951550,26532
5211305,Itarumã,GO,Rio Verde,Rio Verde,-18.874077,-51.302218,6106
5211404,Itauçu,GO,Inhumas - Itaberaí - Anicuns,Goiânia,-16.214162,-49.596181,7573
5211503,Itumbiara,GO,Itumbiara,Itumbiara,-18.354500,-49.436337,114331
5211602,Ivolândia,GO,São Luís de Montes Belos,São Luís de Montes Belos - Iporá,-16.651464,-51.070038,2732
5211701,Jandaia,GO,Palmeiras de Goiás,São Luís de Montes Belos - Iporá,-17.074667,-50.178738,6369
5211800,Jaraguá,GO,Anápolis,Goiânia,-15.718194,-49.397594,46835
5211909,Jataí,GO,Jataí-Mineiros,Rio Verde,-17.902489,-51.713727,112835
5212006,Jaupaci,GO,Iporá,São Luís de Montes Belos - Iporá,-16.183300,-51.061904,2932
5212055,Jesúpolis,GO,Anápolis,Goiânia,-15.952525,-49.395862,2100
5212105,Joviânia,GO,Itumbiara,Itumbiara,-17.793322,-49.596539,7246
5212204,Jussara,GO,Goiás - Itapuranga,Goiânia,-15.572980,-51.298812,19949
5212253,Lagoa Santa,GO,Rio Verde,Rio Verde,-19.184430,-51.280465,1444
5212303,Leopoldo de Bulhões,GO,Anápolis,Goiânia,-16.582359,-48.892477,9210
5212501,Luziânia,GO,Luziânia,Luziânia - Águas Lindas de Goiás,-16.502627,-47.998157,223596
5212600,Mairipotaba,GO,Piracanjuba,Itumbiara,-17.306991,-49.440350,2643
5212709,Mambaí,GO,Posse-Campos Belos,Luziânia - Águas Lindas de Goiás,-14.446706,-46.063245,8579
5212808,Mara Rosa,GO,Uruaçu - Niquelândia,Porangatu - Uruaçu,-14.003085,-49.359565,10797
5212907,Marzagão,GO,Caldas Novas-Morrinhos,Itumbiara,-17.985492,-48.682954,2990
5212956,Matrinchã,GO,Goiás - Itapuranga,Goiânia,-15.345769,-50.789697,3975
5213004,Maurilândia,GO,Rio Verde,Rio Verde,-18.037337,-50.338311,10052
5213053,Mimoso de Goiás,GO,Águas Lindas de Goiás,Luziânia - Águas Lindas de Goiás,-15.023017,-48.308043,2619
5213087,Minaçu,GO,Porangatu,Porangatu - Uruaçu,-13.494893,-48.374142,26301
5213103,Mineiros,GO,Jataí-Mineiros,Rio Verde,-17.570593,-52.723026,76188
5213400,Moiporá,GO,São Luís de Montes Belos,São Luís de Montes Belos - Iporá,-16.491728,-50.784584,1680
5213509,Monte Alegre de Goiás,GO,Posse-Campos Belos,Luziânia - Águas Lindas de Goiás,-13.291530,-46.915274,6456
5213707,Montes Claros de Goiás,GO,Iporá,São Luís de Montes Belos - Iporá,-15.914008,-51.557162,9074
5213756,Montividiu,GO,Rio Verde,Rio Verde,-17.267048,-51.198061,13227
5213772,Montividiu do Norte,GO,Porangatu,Porangatu - Uruaçu,-13.119900,-48.751324,3717
5213806,Morrinhos,GO,Caldas Novas-Morrinhos,Itumbiara,-17.788677,-49.138836,54995
5213855,Morro Agudo de Goiás,GO,Ceres - Rialma - Goianésia,Porangatu - Uruaçu,-15.310871,-49.998857,2511
5213905,Mossâmedes,GO,Goiás - Itapuranga,Goiânia,-16.166588,-50.174200,4599
5214002,Mozarlândia,GO,Goiás - Itapuranga,Goiânia,-14.803800,-50.622519,15287
5214051,Mundo Novo,GO,Porangatu,Porangatu - Uruaçu,-13.755942,-50.191303,6181
5214101,Mutunópolis,GO,Porangatu,Porangatu - Uruaçu,-13.706642,-49.282513,3517
5214408,Nazário,GO,Palmeiras de Goiás,São Luís de Montes Belos - Iporá,-16.573754,-49.873415,8367
5214507,Nerópolis,GO,Goiânia,Goiânia,-16.425592,-49.207983,34826
5214606,Niquelândia,GO,Uruaçu - Niquelândia,Porangatu - Uruaçu,-14.497346,-48.459190,33329
5214705,Nova América,GO,Ceres - Rialma - Goianésia,Porangatu - Uruaçu,-15.044017,-49.924125,2384
5214804,Nova Aurora,GO,Catalão,Goiânia,-18.082456,-48.279389,2133
5214838,Nova Crixás,GO,Goiás - Itapuranga,Goiânia,-14.146311,-50.581741,13210
5214861,Nova Glória,GO,Ceres - Rialma - Goianésia,Porangatu - Uruaçu,-15.071226,-49.480274,8337
5214879,Nova Iguaçu de Goiás,GO,Uruaçu - Niquelândia,Porangatu - Uruaçu,-14.312840,-49.283052,3096
5214903,Nova Roma,GO,Posse-Campos Belos,Luziânia - Águas Lindas de Goiás,-13.794891,-47.002347,2992
5215009,Nova Veneza,GO,Goiânia,Goiânia,-16.350345,-49.301255,9973
5215207,Novo Brasil,GO,Goiás - Itapuranga,Goiânia,-16.043980,-50.655860,3566
5215231,Novo Gama,GO,Luziânia,Luziânia - Águas Lindas de Goiás,-16.112344,-48.067800,108219
5215256,Novo Planalto,GO,Porangatu,Porangatu - Uruaçu,-13.337840,-49.717936,3684
5215306,Orizona,GO,Pires do Rio,Goiânia,-17.005727,-48.199850,17177
5215405,Ouro Verde de Goiás,GO,Anápolis,Goiânia,-16.267892,-49.231538,4109
5215504,Ouvidor,GO,Catalão,Goiânia,-18.219021,-47.730800,7785
5215603,Padre Bernardo,GO,Águas Lindas de Goiás,Luziânia - Águas Lindas de Goiás,-15.364307,-48.324830,37709
5215652,Palestina de Goiás,GO,Iporá,São Luís de Montes Belos - Iporá,-16.718030,-51.459522,3094
5215702,Palmeiras de Goiás,GO,Palmeiras de Goiás,São Luís de Montes Belos - Iporá,-16.854746,-49.925346,34985
5215801,Palmelo,GO,Pires do Rio,Goiânia,-17.294650,-48.398883,2260
5215900,Palminópolis,GO,Palmeiras de Goiás,São Luís de Montes Belos - Iporá,-16.826900,-50.200747,3978
5216007,Panamá,GO,Itumbiara,Itumbiara,-18.202479,-49.398121,2414
5216304,Paranaiguara,GO,Quirinópolis,Rio Verde,-18.805632,-50.599268,7245
5216403,Paraúna,GO,Palmeiras de Goiás,São Luís de Montes Belos - Iporá,-17.074961,-50.586610,10706
5216452,Perolândia,GO,Jataí-Mineiros,Rio Verde,-17.483057,-52.253757,2999
5216809,Petrolina de Goiás,GO,Anápolis,Goiânia,-16.111895,-49.297179,9464
5216908,Pilar de Goiás,GO,Ceres - Rialma - Goianésia,Porangatu - Uruaçu,-14.587808,-49.517720,2221
5217104,Piracanjuba,GO,Piracanjuba,Itumbiara,-17.340520,-49.024024,25436
5217203,Piranhas,GO,Iporá,São Luís de Montes Belos - Iporá,-16.409381,-51.847306,11965
5217302,Pirenópolis,GO,Anápolis,Goiânia,-15.802559,-48.985563,28292
5217401,Pires do Rio,GO,Pires do Rio,Goiânia,-17.341990,-48.384526,33974
5217609,Planaltina,GO,Águas Lindas de Goiás,Luziânia - Águas Lindas de Goiás,-15.245021,-47.821027,113950
5217708,Pontalina,GO,Piracanjuba,Itumbiara,-17.553128,-49.549906,18838
5218003,Porangatu,GO,Porangatu,Porangatu - Uruaçu,-13.317293,-49.279835,45620
5218052,Porteirão,GO,Rio Verde,Rio Verde,-17.901315,-50.148680,4325
5218102,Portelândia,GO,Jataí-Mineiros,Rio Verde,-17.356056,-52.707133,3149
5218300,Posse,GO,Posse-Campos Belos,Luziânia - Águas Lindas de Goiás,-14.245251,-46.448288,36517
5218391,Professor Jamil,GO,Piracanjuba,Itumbiara,-17.281150,-49.251930,3768
5218508,Quirinópolis,GO,Quirinópolis,Rio Verde,-18.442593,-50.513607,50665
5218607,Rialma,GO,Ceres - Rialma - Goianésia,Porangatu - Uruaçu,-15.318256,-49.532500,12776
5218706,Rianápolis,GO,Ceres - Rialma - Goianésia,Porangatu - Uruaçu,-15.475691,-49.452718,3849
5218789,Rio Quente,GO,Caldas Novas-Morrinhos,Itumbiara,-17.814592,-48.779175,4072
5218805,Rio Verde,GO,Rio Verde,Rio Verde,-17.713639,-51.015523,244881
5218904,Rubiataba,GO,Ceres - Rialma - Goianésia,Porangatu - Uruaçu,-15.179621,-49.895587,20239
5219001,Sanclerlândia,GO,São Luís de Montes Belos,São Luís de Montes Belos - Iporá,-16.297048,-50.367328,8107
5219100,Santa Bárbara de Goiás,GO,Palmeiras de Goiás,São Luís de Montes Belos - Iporá,-16.600155,-49.677191,6332
5219209,Santa Cruz de Goiás,GO,Pires do Rio,Goiânia,-17.403290,-48.591425,2993
5219258,Santa Fé de Goiás,GO,Goiás - Itapuranga,Goiânia,-15.655463,-51.196477,5058
5219308,Santa Helena de Goiás,GO,Rio Verde,Rio Verde,-17.809239,-50.554596,39719
5219357,Santa Isabel,GO,Ceres - Rialma - Goianésia,Porangatu - Uruaçu,-15.262636,-49.380632,3531
5219407,Santa Rita do Araguaia,GO,Jataí-Mineiros,Rio Verde,-17.238362,-53.054524,5690
5219456,Santa Rita do Novo Destino,GO,Ceres - Rialma - Goianésia,Porangatu - Uruaçu,-14.866953,-49.065206,2575
5219506,Santa Rosa de Goiás,GO,Anápolis,Goiânia,-16.055642,-49.482067,2819
5219605,Santa Tereza de Goiás,GO,Porangatu,Porangatu - Uruaçu,-13.580132,-48.992240,3120
5219704,Santa Terezinha de Goiás,GO,Ceres - Rialma - Goianésia,Porangatu - Uruaçu,-14.304397,-49.709145,10856
5219712,Santo Antônio da Barra,GO,Rio Verde,Rio Verde,-17.526879,-50.635174,4266
5219738,Santo Antônio de Goiás,GO,Goiânia,Goiânia,-16.478620,-49.304570,8254
5219753,Santo Antônio do Descoberto,GO,Luziânia,Luziânia - Águas Lindas de Goiás,-16.085868,-48.287748,75814
5219803,São Domingos,GO,Posse-Campos Belos,Luziânia - Águas Lindas de Goiás,-13.512452,-46.472869,9336
5219902,São Francisco de Goiás,GO,Anápolis,Goiânia,-15.946894,-49.261888,6522
5220009,São João d'Aliança,GO,Flores de Goiás,Luziânia - Águas Lindas de Goiás,-14.434143,-47.431191,15290
5220058,São João da Paraúna,GO,Palmeiras de Goiás,São Luís de Montes Belos - Iporá,-16.815650,-50.369707,1817
5220108,São Luís de Montes Belos,GO,São Luís de Montes Belos,São Luís de Montes Belos - Iporá,-16.454356,-50.351136,35539
5220157,São Luiz do Norte,GO,Uruaçu - Niquelândia,Porangatu - Uruaçu,-14.919053,-49.260129,4953
5220207,São Miguel do Araguaia,GO,Porangatu,Porangatu - Uruaçu,-13.045155,-50.287424,22001
5220264,São Miguel do Passa Quatro,GO,Anápolis,Goiânia,-16.991132,-48.671486,4719
5220280,São Patrício,GO,Ceres - Rialma - Goianésia,Porangatu - Uruaçu,-15.364786,-49.836093,2210
5220405,São Simão,GO,Quirinópolis,Rio Verde,-18.989988,-50.579000,17167
5220454,Senador Canedo,GO,Goiânia,Goiânia,-16.702308,-49.107785,180111
5220504,Serranópolis,GO,Jataí-Mineiros,Rio Verde,-18.246762,-52.129622,8272
5220603,Silvânia,GO,Anápolis,Goiânia,-16.586451,-48.595992,23356
5220686,Simolândia,GO,Posse-Campos Belos,Luziânia - Águas Lindas de Goiás,-14.423976,-46.573386,5576
5220702,Sítio d'Abadia,GO,Posse-Campos Belos,Luziânia - Águas Lindas de Goiás,-14.776452,-46.340756,2982
5221007,Taquaral de Goiás,GO,Inhumas - Itaberaí - Anicuns,Goiânia,-16.052423,-49.595554,4213
5221080,Teresina de Goiás,GO,Flores de Goiás,Luziânia - Águas Lindas de Goiás,-13.692847,-47.245343,2636
5221197,Terezópolis de Goiás,GO,Goiânia,Goiânia,-16.443275,-49.065733,8435
5221304,Três Ranchos,GO,Catalão,Goiânia,-18.358477,-47.769854,2981
5221403,Trindade,GO,Goiânia,Goiânia,-16.643130,-49.565796,156197
5221452,Trombas,GO,Porangatu,Porangatu - Uruaçu,-13.412165,-48.756710,3054
5221502,Turvânia,GO,Palmeiras de Goiás,São Luís de Montes Belos - Iporá,-16.561426,-50.156200,4422
5221551,Turvelândia,GO,Rio Verde,Rio Verde,-17.808784,-50.302222,5210
5221577,Uirapuru,GO,Ceres - Rialma - Goianésia,Porangatu - Uruaçu,-14.145145,-49.939655,2786
5221601,Uruaçu,GO,Uruaçu - Niquelândia,Porangatu - Uruaçu,-14.405989,-49.067811,44907
5221700,Uruana,GO,Ceres - Rialma - Goianésia,Porangatu - Uruaçu,-15.582709,-49.645652,13843
5221809,Urutaí,GO,Pires do Rio,Goiânia,-17.454159,-48.211095,3733
5221858,Valparaíso de Goiás,GO,Luziânia,Luziânia - Águas Lindas de Goiás,-16.083271,-47.990343,223210
5221908,Varjão,GO,Goiânia,Goiânia,-17.062195,-49.600850,3772
5222005,Vianópolis,GO,Anápolis,Goiânia,-16.854235,-48.454609,15808
5222054,Vicentinópolis,GO,Piracanjuba,Itumbiara,-17.738796,-49.882688,9271
5222203,Vila Boa,GO,Flores de Goiás,Luziânia - Águas Lindas de Goiás,-15.002897,-47.058803,4106
5222302,Vila Propício,GO,Ceres - Rialma - Goianésia,Porangatu - Uruaçu,-15.227909,-48.792153,6073
5300108,Brasília,DF,Distrito Federal,Distrito Federal,-15.783303,-47.794368,3009996
